mileage_google_review_grouped_engine_family,,,,,,,,,,,,,,,,,,,
make,model,fuel,transmission,transmissionSubtype,engineFamily,count,sampleVariants,googleQuery1,googleQuery2,googleQuery3,googleQuery4,googleQuery5,evidenceValue,evidenceBasis,sourceName,sourceUrl,decision,note,variantProfileKeys
Tata,Harrier,Diesel,Manual,MT,167.62bhp_350nm,14,Tata Harrier Adventure X | Tata Harrier Adventure X Dark | Tata Harrier Adventure X Plus | Tata Harrier Adventure X Plus Dark | Tata Harrier Fearless Ultra | Tata Harrier Fearless Ultra Red DARK | Tata Harrier Fearless X | Tata Harrier Fearless X Dark,"""Tata Harrier"" Diesel MT ARAI mileage","""Tata Harrier"" 167.62bhp 350nm claimed mileage kmpl","""Tata Harrier"" Diesel MT brochure mileage","""Tata Harrier"" Diesel MT site:v3cars.com mileage","""Tata Harrier"" Diesel MT site:carwale.com mileage",16.8,,,,,,tata_harrier__adventure-x__diesel_manual | tata_harrier__adventure-x-dark__diesel_manual | tata_harrier__adventure-x-plus__diesel_manual | tata_harrier__adventure-x-plus-dark__diesel_manual | tata_harrier__fearless-ultra__diesel_manual | tata_harrier__fearless-ultra-red-dark__diesel_manual | tata_harrier__fearless-x__diesel_manual | tata_harrier__fearless-x-dark__diesel_manual | tata_harrier__fearless-x-plus__diesel_manual | tata_harrier__fearless-x-plus-dark__diesel_manual | tata_harrier__fearless-x-plus-stealth__diesel_manual | tata_harrier__pure-x__diesel_manual | tata_harrier__pure-x-dark__diesel_manual | tata_harrier__smart__diesel_manual
Tata,Safari,Petrol,Manual,MT,167.62bhp_280nm_petrol,14,Tata Safari Petrol Accomplished Ultra | Tata Safari Petrol Accomplished Ultra 6S | Tata Safari Petrol Accomplished Ultra Red DARK | Tata Safari Petrol Accomplished Ultra Red DARK 6S | Tata Safari Petrol Accomplished X | Tata Safari Petrol Accomplished X Plus | Tata Safari Petrol Accomplished X Plus 6S | Tata Safari Petrol Accomplished X Plus 6S DARK,"""Tata Safari"" Petrol MT ARAI mileage","""Tata Safari"" 167.62bhp 280nm petrol claimed mileage kmpl","""Tata Safari"" Petrol MT brochure mileage","""Tata Safari"" Petrol MT site:v3cars.com mileage","""Tata Safari"" Petrol MT site:carwale.com mileage",16.2,,,https://www.garwarehitechfilms.com/paint-protection-films/blog/tata-safari-petrol-2025,,,tata_safari__petrol-accomplished-ultra__petrol_manual | tata_safari__petrol-accomplished-ultra-6s__petrol_manual | tata_safari__petrol-accomplished-ultra-red-dark__petrol_manual | tata_safari__petrol-accomplished-ultra-red-dark-6s__petrol_manual | tata_safari__petrol-accomplished-x__petrol_manual | tata_safari__petrol-accomplished-x-plus__petrol_manual | tata_safari__petrol-accomplished-x-plus-6s__petrol_manual | tata_safari__petrol-accomplished-x-plus-6s-dark__petrol_manual | tata_safari__petrol-accomplished-x-plus-dark__petrol_manual | tata_safari__petrol-adventure-x-plus__petrol_manual | tata_safari__petrol-adventure-x-plus-dark__petrol_manual | tata_safari__petrol-pure-x__petrol_manual | tata_safari__petrol-pure-x-dark__petrol_manual | tata_safari__petrol-smart__petrol_manual
Toyota,Innova Crysta,Diesel,Manual,MT,147.51bhp_343nm,14,Toyota Innova Crysta 2.4 GX 7Str | Toyota Innova Crysta 2.4 GX 7Str Platinum White Pearl | Toyota Innova Crysta 2.4 GX 8Str | Toyota Innova Crysta 2.4 GX 8Str Platinum White Pearl | Toyota Innova Crysta 2.4 GX Plus 7Str | Toyota Innova Crysta 2.4 GX Plus 7Str Platinum White Pearl | Toyota Innova Crysta 2.4 GX Plus 8Str | Toyota Innova Crysta 2.4 GX Plus 8Str Platinum White Pearl,"""Toyota Innova Crysta"" Diesel MT ARAI mileage","""Toyota Innova Crysta"" 147.51bhp 343nm claimed mileage kmpl","""Toyota Innova Crysta"" Diesel MT brochure mileage","""Toyota Innova Crysta"" Diesel MT site:v3cars.com mileage","""Toyota Innova Crysta"" Diesel MT site:carwale.com mileage",15.1,,,https://www.spinny.com/blog/toyota-innova-crysta-real-world-mileage/,,,toyota_innova-crysta__2-4-gx-7str__diesel_manual | toyota_innova-crysta__2-4-gx-7str-platinum-white-pearl__diesel_manual | toyota_innova-crysta__2-4-gx-8str__diesel_manual | toyota_innova-crysta__2-4-gx-8str-platinum-white-pearl__diesel_manual | toyota_innova-crysta__2-4-gx-plus-7str__diesel_manual | toyota_innova-crysta__2-4-gx-plus-7str-platinum-white-pearl__diesel_manual | toyota_innova-crysta__2-4-gx-plus-8str__diesel_manual | toyota_innova-crysta__2-4-gx-plus-8str-platinum-white-pearl__diesel_manual | toyota_innova-crysta__2-4-vx-7str__diesel_manual | toyota_innova-crysta__2-4-vx-7str-platinum-white-pearl__diesel_manual | toyota_innova-crysta__2-4-vx-8str__diesel_manual | toyota_innova-crysta__2-4-vx-8str-platinum-white-pearl__diesel_manual | toyota_innova-crysta__2-4-zx-7str__diesel_manual | toyota_innova-crysta__2-4-zx-7str-platinum-white-pearl__diesel_manual
Tata,Harrier,Diesel,Automatic,AT,167.62bhp_350nm,13,Tata Harrier Adventure X AT | Tata Harrier Adventure X Dark AT | Tata Harrier Adventure X Plus AT | Tata Harrier Adventure X Plus Dark AT | Tata Harrier Fearless Ultra AT | Tata Harrier Fearless Ultra Red Dark AT | Tata Harrier Fearless X AT | Tata Harrier Fearless X Dark AT,"""Tata Harrier"" Diesel AT ARAI mileage","""Tata Harrier"" 167.62bhp 350nm claimed mileage kmpl","""Tata Harrier"" Diesel AT brochure mileage","""Tata Harrier"" Diesel AT site:v3cars.com mileage","""Tata Harrier"" Diesel AT site:carwale.com mileage",14.6,,,,,,tata_harrier__adventure-x-at__diesel_automatic | tata_harrier__adventure-x-dark-at__diesel_automatic | tata_harrier__adventure-x-plus-at__diesel_automatic | tata_harrier__adventure-x-plus-dark-at__diesel_automatic | tata_harrier__fearless-ultra-at__diesel_automatic | tata_harrier__fearless-ultra-red-dark-at__diesel_automatic | tata_harrier__fearless-x-at__diesel_automatic | tata_harrier__fearless-x-dark-at__diesel_automatic | tata_harrier__fearless-x-plus-at__diesel_automatic | tata_harrier__fearless-x-plus-dark-at__diesel_automatic | tata_harrier__fearless-x-plus-stealth-at__diesel_automatic | tata_harrier__pure-x-at__diesel_automatic | tata_harrier__pure-x-dark-at__diesel_automatic
Tata,Safari,Petrol,Automatic,AT,167.62bhp_280nm_petrol,13,Tata Safari Petrol Accomplished Ultra 6S AT | Tata Safari Petrol Accomplished Ultra AT | Tata Safari Petrol Accomplished Ultra Red DARK 6S AT | Tata Safari Petrol Accomplished Ultra Red DARK AT | Tata Safari Petrol Accomplished X DARK AT | Tata Safari Petrol Accomplished X Plus 6S AT | Tata Safari Petrol Accomplished X Plus 6S DARK AT | Tata Safari Petrol Accomplished X Plus AT,"""Tata Safari"" Petrol AT ARAI mileage","""Tata Safari"" 167.62bhp 280nm petrol claimed mileage kmpl","""Tata Safari"" Petrol AT brochure mileage","""Tata Safari"" Petrol AT site:v3cars.com mileage","""Tata Safari"" Petrol AT site:carwale.com mileage",15.5,,,https://www.garwarehitechfilms.com/paint-protection-films/blog/tata-safari-petrol-2025,,,tata_safari__petrol-accomplished-ultra-6s-at__petrol_automatic | tata_safari__petrol-accomplished-ultra-at__petrol_automatic | tata_safari__petrol-accomplished-ultra-red-dark-6s-at__petrol_automatic | tata_safari__petrol-accomplished-ultra-red-dark-at__petrol_automatic | tata_safari__petrol-accomplished-x-dark-at__petrol_automatic | tata_safari__petrol-accomplished-x-plus-6s-at__petrol_automatic | tata_safari__petrol-accomplished-x-plus-6s-dark-at__petrol_automatic | tata_safari__petrol-accomplished-x-plus-at__petrol_automatic | tata_safari__petrol-accomplished-x-plus-dark-at__petrol_automatic | tata_safari__petrol-adventure-x-plus-at__petrol_automatic | tata_safari__petrol-adventure-x-plus-dark-at__petrol_automatic | tata_safari__petrol-pure-x-at__petrol_automatic | tata_safari__petrol-pure-x-dark-at__petrol_automatic
Tata,Safari,Diesel,Manual,MT,167.62bhp_350nm,13,Tata Safari Accomplished Ultra Red DARK | Tata Safari Accomplished X | Tata Safari Accomplished X Dark | Tata Safari Accomplished X Plus | Tata Safari Accomplished X Plus 6S | Tata Safari Accomplished X Plus 6S Dark | Tata Safari Accomplished X Plus Dark | Tata Safari Accomplished X Plus Stealth,"""Tata Safari"" Diesel MT ARAI mileage","""Tata Safari"" 167.62bhp 350nm claimed mileage kmpl","""Tata Safari"" Diesel MT brochure mileage","""Tata Safari"" Diesel MT site:v3cars.com mileage","""Tata Safari"" Diesel MT site:carwale.com mileage",16.3,,,https://www.carwale.com/tata-cars/safari/mileage/,,,tata_safari__accomplished-ultra-red-dark__diesel_manual | tata_safari__accomplished-x__diesel_manual | tata_safari__accomplished-x-dark__diesel_manual | tata_safari__accomplished-x-plus__diesel_manual | tata_safari__accomplished-x-plus-6s__diesel_manual | tata_safari__accomplished-x-plus-6s-dark__diesel_manual | tata_safari__accomplished-x-plus-dark__diesel_manual | tata_safari__accomplished-x-plus-stealth__diesel_manual | tata_safari__adventure-x-plus__diesel_manual | tata_safari__adventure-x-plus-dark__diesel_manual | tata_safari__pure-x__diesel_manual | tata_safari__pure-x-dark__diesel_manual | tata_safari__smart__diesel_manual
Tata,Harrier,Petrol,Manual,MT,167.62bhp_280nm_petrol,12,Tata Harrier Petrol Adventure X | Tata Harrier Petrol Adventure X Plus | Tata Harrier Petrol Adventure X Plus DARK | Tata Harrier Petrol Fearless Ultra | Tata Harrier Petrol Fearless Ultra Red DARK | Tata Harrier Petrol Fearless X | Tata Harrier Petrol Fearless X DARK | Tata Harrier Petrol Fearless X Plus,"""Tata Harrier"" Petrol MT ARAI mileage","""Tata Harrier"" 167.62bhp 280nm petrol claimed mileage kmpl","""Tata Harrier"" Petrol MT brochure mileage","""Tata Harrier"" Petrol MT site:v3cars.com mileage","""Tata Harrier"" Petrol MT site:carwale.com mileage",16.8,,,https://www.bajajgeneralinsurance.com/blog/motor-insurance-articles/tata-harrier-petrol-mileage.html,,,tata_harrier__petrol-adventure-x__petrol_manual | tata_harrier__petrol-adventure-x-plus__petrol_manual | tata_harrier__petrol-adventure-x-plus-dark__petrol_manual | tata_harrier__petrol-fearless-ultra__petrol_manual | tata_harrier__petrol-fearless-ultra-red-dark__petrol_manual | tata_harrier__petrol-fearless-x__petrol_manual | tata_harrier__petrol-fearless-x-dark__petrol_manual | tata_harrier__petrol-fearless-x-plus__petrol_manual | tata_harrier__petrol-fearless-x-plus-dark__petrol_manual | tata_harrier__petrol-pure-x__petrol_manual | tata_harrier__petrol-pure-x-dark__petrol_manual | tata_harrier__petrol-smart__petrol_manual
Tata,Safari,Diesel,Automatic,AT,167.62bhp_350nm,12,Tata Safari Accomplished X AT | Tata Safari Accomplished X Dark AT | Tata Safari Accomplished X Plus 6S AT | Tata Safari Accomplished X Plus 6S Dark AT | Tata Safari Accomplished X Plus 6S Stealth AT | Tata Safari Accomplished X Plus AT | Tata Safari Accomplished X Plus Dark AT | Tata Safari Accomplished X Plus Stealth AT,"""Tata Safari"" Diesel AT ARAI mileage","""Tata Safari"" 167.62bhp 350nm claimed mileage kmpl","""Tata Safari"" Diesel AT brochure mileage","""Tata Safari"" Diesel AT site:v3cars.com mileage","""Tata Safari"" Diesel AT site:carwale.com mileage",14.1,,,https://www.autocarindia.com/cars/tata/safari/mileage,,,tata_safari__accomplished-x-at__diesel_automatic | tata_safari__accomplished-x-dark-at__diesel_automatic | tata_safari__accomplished-x-plus-6s-at__diesel_automatic | tata_safari__accomplished-x-plus-6s-dark-at__diesel_automatic | tata_safari__accomplished-x-plus-6s-stealth-at__diesel_automatic | tata_safari__accomplished-x-plus-at__diesel_automatic | tata_safari__accomplished-x-plus-dark-at__diesel_automatic | tata_safari__accomplished-x-plus-stealth-at__diesel_automatic | tata_safari__adventure-x-plus-at__diesel_automatic | tata_safari__adventure-x-plus-dark-at__diesel_automatic | tata_safari__pure-x-at__diesel_automatic | tata_safari__pure-x-dark-at__diesel_automatic
Tata,Curvv,Diesel,Manual,MT,116bhp_260nm_diesel,10,Tata Curvv Accomplished Plus A Dark Diesel | Tata Curvv Accomplished Plus A Diesel | Tata Curvv Accomplished S Dark Diesel | Tata Curvv Accomplished S Diesel | Tata Curvv Creative Diesel | Tata Curvv Creative Plus S Diesel | Tata Curvv Creative S Diesel | Tata Curvv Pure Plus Diesel,"""Tata Curvv"" Diesel MT ARAI mileage","""Tata Curvv"" 116bhp 260nm diesel claimed mileage kmpl","""Tata Curvv"" Diesel MT brochure mileage","""Tata Curvv"" Diesel MT site:v3cars.com mileage","""Tata Curvv"" Diesel MT site:carwale.com mileage",17,,,https://www.team-bhp.com/new-cars/tata/curvv/mileage/,,,tata_curvv__accomplished-plus-a-dark-diesel__diesel_manual | tata_curvv__accomplished-plus-a-diesel__diesel_manual | tata_curvv__accomplished-s-dark-diesel__diesel_manual | tata_curvv__accomplished-s-diesel__diesel_manual | tata_curvv__creative-diesel__diesel_manual | tata_curvv__creative-plus-s-diesel__diesel_manual | tata_curvv__creative-s-diesel__diesel_manual | tata_curvv__pure-plus-diesel__diesel_manual | tata_curvv__pure-plus-s-diesel__diesel_manual | tata_curvv__smart-diesel__diesel_manual
Tata,Harrier,Petrol,Automatic,AT,167.62bhp_280nm_petrol,10,Tata Harrier Petrol Adventure X AT | Tata Harrier Petrol Adventure X DARK AT | Tata Harrier Petrol Adventure X Plus DARK AT | Tata Harrier Petrol Fearless Ultra AT | Tata Harrier Petrol Fearless Ultra Red DARK AT | Tata Harrier Petrol Fearless X AT | Tata Harrier Petrol Fearless X DARK AT | Tata Harrier Petrol Fearless X Plus AT,"""Tata Harrier"" Petrol AT ARAI mileage","""Tata Harrier"" 167.62bhp 280nm petrol claimed mileage kmpl","""Tata Harrier"" Petrol AT brochure mileage","""Tata Harrier"" Petrol AT site:v3cars.com mileage","""Tata Harrier"" Petrol AT site:carwale.com mileage",16.8,,,https://www.bajajgeneralinsurance.com/blog/motor-insurance-articles/tata-harrier-petrol-mileage.html,,,tata_harrier__petrol-adventure-x-at__petrol_automatic | tata_harrier__petrol-adventure-x-dark-at__petrol_automatic | tata_harrier__petrol-adventure-x-plus-dark-at__petrol_automatic | tata_harrier__petrol-fearless-ultra-at__petrol_automatic | tata_harrier__petrol-fearless-ultra-red-dark-at__petrol_automatic | tata_harrier__petrol-fearless-x-at__petrol_automatic | tata_harrier__petrol-fearless-x-dark-at__petrol_automatic | tata_harrier__petrol-fearless-x-plus-at__petrol_automatic | tata_harrier__petrol-fearless-x-plus-dark-at__petrol_automatic | tata_harrier__petrol-pure-x-dark-at__petrol_automatic
Kia,Seltos,Diesel,Automatic,AT,114bhp_250nm_diesel,9,Kia Seltos GTX A Diesel AT | Kia Seltos GTX Diesel AT | Kia Seltos HTE Opt Diesel AT | Kia Seltos HTK Diesel AT | Kia Seltos HTK Opt Diesel AT | Kia Seltos HTX A Diesel AT | Kia Seltos HTX Diesel AT | Kia Seltos X-Line A Diesel AT,"""Kia Seltos"" Diesel AT ARAI mileage","""Kia Seltos"" 114bhp 250nm diesel claimed mileage kmpl","""Kia Seltos"" Diesel AT brochure mileage","""Kia Seltos"" Diesel AT site:v3cars.com mileage","""Kia Seltos"" Diesel AT site:carwale.com mileage",19.1,,,https://www.cardekho.com/india-car-news/heres-how-fuel-efficient-the-facelifted-kia-seltos-is-31186.htm,,,kia_seltos__gtx-a-diesel-at__diesel_automatic | kia_seltos__gtx-diesel-at__diesel_automatic | kia_seltos__hte-opt-diesel-at__diesel_automatic | kia_seltos__htk-diesel-at__diesel_automatic | kia_seltos__htk-opt-diesel-at__diesel_automatic | kia_seltos__htx-a-diesel-at__diesel_automatic | kia_seltos__htx-diesel-at__diesel_automatic | kia_seltos__x-line-a-diesel-at__diesel_automatic | kia_seltos__x-line-diesel-at__diesel_automatic
Mahindra,Xuv 7xo,Diesel,Automatic,AT,182.37bhp_450nm_diesel,9,Mahindra Xuv 7Xo AX3 Diesel AT | Mahindra Xuv 7Xo AX5 Diesel AT | Mahindra Xuv 7Xo AX7 Diesel AT | Mahindra Xuv 7Xo AX7L 6Str Diesel AT | Mahindra Xuv 7Xo AX7L Diesel AT | Mahindra Xuv 7Xo AX7L Diesel AWD AT | Mahindra Xuv 7Xo AX7T 6Str Diesel AT | Mahindra Xuv 7Xo AX7T Diesel AT,"""Mahindra Xuv 7xo"" Diesel AT ARAI mileage","""Mahindra Xuv 7xo"" 182.37bhp 450nm diesel claimed mileage kmpl","""Mahindra Xuv 7xo"" Diesel AT brochure mileage","""Mahindra Xuv 7xo"" Diesel AT site:v3cars.com mileage","""Mahindra Xuv 7xo"" Diesel AT site:carwale.com mileage",,,,,,,mahindra_xuv-7xo__ax3-diesel-at__diesel_automatic | mahindra_xuv-7xo__ax5-diesel-at__diesel_automatic | mahindra_xuv-7xo__ax7-diesel-at__diesel_automatic | mahindra_xuv-7xo__ax7l-6str-diesel-at__diesel_automatic | mahindra_xuv-7xo__ax7l-diesel-at__diesel_automatic | mahindra_xuv-7xo__ax7l-diesel-awd-at__diesel_automatic | mahindra_xuv-7xo__ax7t-6str-diesel-at__diesel_automatic | mahindra_xuv-7xo__ax7t-diesel-at__diesel_automatic | mahindra_xuv-7xo__ax7t-diesel-awd-at__diesel_automatic
Force,Urbania,Diesel,Manual,MT,114bhp_350nm,8,Force Urbania 3350WB 10Str | Force Urbania 3350WB 11Str | Force Urbania 3615WB 10Str | Force Urbania 3615WB 13Str | Force Urbania 3615WB 14Str | Force Urbania 4400WB 13Str | Force Urbania 4400WB 14Str | Force Urbania 4400WB 17Str,"""Force Urbania"" Diesel MT ARAI mileage","""Force Urbania"" 114bhp 350nm claimed mileage kmpl","""Force Urbania"" Diesel MT brochure mileage","""Force Urbania"" Diesel MT site:v3cars.com mileage","""Force Urbania"" Diesel MT site:carwale.com mileage",,,,,,,force_urbania__3350wb-10str__diesel_manual | force_urbania__3350wb-11str__diesel_manual | force_urbania__3615wb-10str__diesel_manual | force_urbania__3615wb-13str__diesel_manual | force_urbania__3615wb-14str__diesel_manual | force_urbania__4400wb-13str__diesel_manual | force_urbania__4400wb-14str__diesel_manual | force_urbania__4400wb-17str__diesel_manual
Hyundai,Verna,Petrol,Automatic,IVT,113.18bhp_143.8nm,8,Hyundai Verna HX10 iVT | Hyundai Verna HX10 iVT DT | Hyundai Verna HX6 Plus iVT | Hyundai Verna HX6 Plus iVT DT | Hyundai Verna HX6 iVT | Hyundai Verna HX6 iVT DT | Hyundai Verna HX8 iVT | Hyundai Verna HX8 iVT DT,"""Hyundai Verna"" Petrol IVT ARAI mileage","""Hyundai Verna"" 113.18bhp 143.8nm claimed mileage kmpl","""Hyundai Verna"" Petrol IVT brochure mileage","""Hyundai Verna"" Petrol IVT site:v3cars.com mileage","""Hyundai Verna"" Petrol IVT site:carwale.com mileage",,,,,,,hyundai_verna__hx10-ivt__petrol_automatic | hyundai_verna__hx10-ivt-dt__petrol_automatic | hyundai_verna__hx6-plus-ivt__petrol_automatic | hyundai_verna__hx6-plus-ivt-dt__petrol_automatic | hyundai_verna__hx6-ivt__petrol_automatic | hyundai_verna__hx6-ivt-dt__petrol_automatic | hyundai_verna__hx8-ivt__petrol_automatic | hyundai_verna__hx8-ivt-dt__petrol_automatic
Hyundai,Verna,Petrol,Manual,MT,113.18bhp_143.8nm,8,Hyundai Verna HX2 | Hyundai Verna HX4 | Hyundai Verna HX6 | Hyundai Verna HX6 DT | Hyundai Verna HX6 Plus | Hyundai Verna HX6 Plus DT | Hyundai Verna HX8 | Hyundai Verna HX8 DT,"""Hyundai Verna"" Petrol MT ARAI mileage","""Hyundai Verna"" 113.18bhp 143.8nm claimed mileage kmpl","""Hyundai Verna"" Petrol MT brochure mileage","""Hyundai Verna"" Petrol MT site:v3cars.com mileage","""Hyundai Verna"" Petrol MT site:carwale.com mileage",,,,,,,hyundai_verna__hx2__petrol_manual | hyundai_verna__hx4__petrol_manual | hyundai_verna__hx6__petrol_manual | hyundai_verna__hx6-dt__petrol_manual | hyundai_verna__hx6-plus__petrol_manual | hyundai_verna__hx6-plus-dt__petrol_manual | hyundai_verna__hx8__petrol_manual | hyundai_verna__hx8-dt__petrol_manual
Tata,Curvv,Diesel,Automatic,AT,116bhp_260nm_diesel,8,Tata Curvv Accomplished Plus A Dark Diesel DCA | Tata Curvv Accomplished Plus A Diesel DCA | Tata Curvv Accomplished S Dark Diesel DCA | Tata Curvv Accomplished S Diesel DCA | Tata Curvv Creative Plus S Diesel DCA | Tata Curvv Creative S Diesel DCA | Tata Curvv Pure Plus Diesel DCA | Tata Curvv Pure Plus S Diesel DCA,"""Tata Curvv"" Diesel AT ARAI mileage","""Tata Curvv"" 116bhp 260nm diesel claimed mileage kmpl","""Tata Curvv"" Diesel AT brochure mileage","""Tata Curvv"" Diesel AT site:v3cars.com mileage","""Tata Curvv"" Diesel AT site:carwale.com mileage",15,,,https://www.team-bhp.com/new-cars/tata/curvv/mileage/,,,tata_curvv__accomplished-plus-a-dark-diesel-dca__diesel_automatic | tata_curvv__accomplished-plus-a-diesel-dca__diesel_automatic | tata_curvv__accomplished-s-dark-diesel-dca__diesel_automatic | tata_curvv__accomplished-s-diesel-dca__diesel_automatic | tata_curvv__creative-plus-s-diesel-dca__diesel_automatic | tata_curvv__creative-s-diesel-dca__diesel_automatic | tata_curvv__pure-plus-diesel-dca__diesel_automatic | tata_curvv__pure-plus-s-diesel-dca__diesel_automatic
Tata,Punch,Petrol,Manual,MT,87bhp_115nm,8,Tata Punch Accomplished | Tata Punch Accomplished Plus S | Tata Punch Adventure | Tata Punch Adventure S | Tata Punch Pure | Tata Punch Pure Plus | Tata Punch Pure Plus S | Tata Punch Smart,"""Tata Punch"" Petrol MT ARAI mileage","""Tata Punch"" 87bhp 115nm claimed mileage kmpl","""Tata Punch"" Petrol MT brochure mileage","""Tata Punch"" Petrol MT site:v3cars.com mileage","""Tata Punch"" Petrol MT site:carwale.com mileage",20.09,,cardekho,https://www.cardekho.com/tata/punch-2021-2026/mileage,,,tata_punch__accomplished__petrol_manual | tata_punch__accomplished-plus-s__petrol_manual | tata_punch__adventure__petrol_manual | tata_punch__adventure-s__petrol_manual | tata_punch__pure__petrol_manual | tata_punch__pure-plus__petrol_manual | tata_punch__pure-plus-s__petrol_manual | tata_punch__smart__petrol_manual
Hyundai,Exter,Petrol,Automatic,AMT,82bhp_113.8nm,7,Hyundai Exter HX10 AMT | Hyundai Exter HX10 AMT DT | Hyundai Exter HX3 AMT | Hyundai Exter HX4 Plus AMT | Hyundai Exter HX6 AMT | Hyundai Exter HX6 AMT DT | Hyundai Exter HX8 AMT,"""Hyundai Exter"" Petrol AMT ARAI mileage","""Hyundai Exter"" 82bhp 113.8nm claimed mileage kmpl","""Hyundai Exter"" Petrol AMT brochure mileage","""Hyundai Exter"" Petrol AMT site:v3cars.com mileage","""Hyundai Exter"" Petrol AMT site:carwale.com mileage",,,,,,,hyundai_exter__hx10-amt__petrol_automatic | hyundai_exter__hx10-amt-dt__petrol_automatic | hyundai_exter__hx3-amt__petrol_automatic | hyundai_exter__hx4-plus-amt__petrol_automatic | hyundai_exter__hx6-amt__petrol_automatic | hyundai_exter__hx6-amt-dt__petrol_automatic | hyundai_exter__hx8-amt__petrol_automatic
Jeep,Meridian,Diesel,Automatic,AT,168bhp_350nm,7,Jeep Meridian Limited Opt 4x2 AT | Jeep Meridian Limited Opt 4x4 AT | Jeep Meridian Longitude 4x2 AT | Jeep Meridian Longitude Plus 4x2 AT | Jeep Meridian Overland 4x2 AT | Jeep Meridian Overland 4x4 AT | Jeep Meridian Trail Edition AT,"""Jeep Meridian"" Diesel AT ARAI mileage","""Jeep Meridian"" 168bhp 350nm claimed mileage kmpl","""Jeep Meridian"" Diesel AT brochure mileage","""Jeep Meridian"" Diesel AT site:v3cars.com mileage","""Jeep Meridian"" Diesel AT site:carwale.com mileage",,,,,,,jeep_meridian__limited-opt-4x2-at__diesel_automatic | jeep_meridian__limited-opt-4x4-at__diesel_automatic | jeep_meridian__longitude-4x2-at__diesel_automatic | jeep_meridian__longitude-plus-4x2-at__diesel_automatic | jeep_meridian__overland-4x2-at__diesel_automatic | jeep_meridian__overland-4x4-at__diesel_automatic | jeep_meridian__trail-edition-at__diesel_automatic
Kia,Seltos,Petrol,Automatic,IVT,113bhp_144nm,7,Kia Seltos GTX A iVT | Kia Seltos GTX iVT | Kia Seltos HTK Opt iVT | Kia Seltos HTX A iVT | Kia Seltos HTX iVT | Kia Seltos X-Line A iVT | Kia Seltos X-Line iVT,"""Kia Seltos"" Petrol IVT ARAI mileage","""Kia Seltos"" 113bhp 144nm claimed mileage kmpl","""Kia Seltos"" Petrol IVT brochure mileage","""Kia Seltos"" Petrol IVT site:v3cars.com mileage","""Kia Seltos"" Petrol IVT site:carwale.com mileage",17.7,,,https://www.cardekho.com/india-car-news/heres-how-fuel-efficient-the-facelifted-kia-seltos-is-31186.htm,,,kia_seltos__gtx-a-ivt__petrol_automatic | kia_seltos__gtx-ivt__petrol_automatic | kia_seltos__htk-opt-ivt__petrol_automatic | kia_seltos__htx-a-ivt__petrol_automatic | kia_seltos__htx-ivt__petrol_automatic | kia_seltos__x-line-a-ivt__petrol_automatic | kia_seltos__x-line-ivt__petrol_automatic
Kia,Seltos,Petrol,Automatic,DCT,158bhp_253nm,7,Kia Seltos GTX A TGDi DCT | Kia Seltos GTX TGDi DCT | Kia Seltos HTK Opt TGDi DCT | Kia Seltos HTX A TGDi DCT | Kia Seltos HTX TGDi DCT | Kia Seltos X-Line A TGDi DCT | Kia Seltos X-Line TGDi DCT,"""Kia Seltos"" Petrol DCT ARAI mileage","""Kia Seltos"" 158bhp 253nm claimed mileage kmpl","""Kia Seltos"" Petrol DCT brochure mileage","""Kia Seltos"" Petrol DCT site:v3cars.com mileage","""Kia Seltos"" Petrol DCT site:carwale.com mileage",17.9,,,https://www.cardekho.com/india-car-news/heres-how-fuel-efficient-the-facelifted-kia-seltos-is-31186.htm,,,kia_seltos__gtx-a-tgdi-dct__petrol_automatic | kia_seltos__gtx-tgdi-dct__petrol_automatic | kia_seltos__htk-opt-tgdi-dct__petrol_automatic | kia_seltos__htx-a-tgdi-dct__petrol_automatic | kia_seltos__htx-tgdi-dct__petrol_automatic | kia_seltos__x-line-a-tgdi-dct__petrol_automatic | kia_seltos__x-line-tgdi-dct__petrol_automatic
Mahindra,Xuv 7xo,Diesel,Manual,MT,182.37bhp_420nm_diesel,7,Mahindra Xuv 7Xo AX Diesel | Mahindra Xuv 7Xo AX3 Diesel | Mahindra Xuv 7Xo AX5 Diesel | Mahindra Xuv 7Xo AX7 Diesel | Mahindra Xuv 7Xo AX7L Diesel | Mahindra Xuv 7Xo AX7T 6Str Diesel | Mahindra Xuv 7Xo AX7T Diesel,"""Mahindra Xuv 7xo"" Diesel MT ARAI mileage","""Mahindra Xuv 7xo"" 182.37bhp 420nm diesel claimed mileage kmpl","""Mahindra Xuv 7xo"" Diesel MT brochure mileage","""Mahindra Xuv 7xo"" Diesel MT site:v3cars.com mileage","""Mahindra Xuv 7xo"" Diesel MT site:carwale.com mileage",,,,,,,mahindra_xuv-7xo__ax-diesel__diesel_manual | mahindra_xuv-7xo__ax3-diesel__diesel_manual | mahindra_xuv-7xo__ax5-diesel__diesel_manual | mahindra_xuv-7xo__ax7-diesel__diesel_manual | mahindra_xuv-7xo__ax7l-diesel__diesel_manual | mahindra_xuv-7xo__ax7t-6str-diesel__diesel_manual | mahindra_xuv-7xo__ax7t-diesel__diesel_manual
Mahindra,Xuv 7xo,Petrol,Automatic,AT,200bhp_380nm,7,Mahindra Xuv 7Xo AX3 AT | Mahindra Xuv 7Xo AX5 AT | Mahindra Xuv 7Xo AX7 AT | Mahindra Xuv 7Xo AX7L 6Str AT | Mahindra Xuv 7Xo AX7L AT | Mahindra Xuv 7Xo AX7T 6Str AT | Mahindra Xuv 7Xo AX7T AT,"""Mahindra Xuv 7xo"" Petrol AT ARAI mileage","""Mahindra Xuv 7xo"" 200bhp 380nm claimed mileage kmpl","""Mahindra Xuv 7xo"" Petrol AT brochure mileage","""Mahindra Xuv 7xo"" Petrol AT site:v3cars.com mileage","""Mahindra Xuv 7xo"" Petrol AT site:carwale.com mileage",,,,,,,mahindra_xuv-7xo__ax3-at__petrol_automatic | mahindra_xuv-7xo__ax5-at__petrol_automatic | mahindra_xuv-7xo__ax7-at__petrol_automatic | mahindra_xuv-7xo__ax7l-6str-at__petrol_automatic | mahindra_xuv-7xo__ax7l-at__petrol_automatic | mahindra_xuv-7xo__ax7t-6str-at__petrol_automatic | mahindra_xuv-7xo__ax7t-at__petrol_automatic
Tata,Curvv,Petrol,Manual,MT,118bhp_170nm,7,Tata Curvv Accomplished S | Tata Curvv Creative | Tata Curvv Creative Plus S | Tata Curvv Creative S | Tata Curvv Pure Plus | Tata Curvv Pure Plus S | Tata Curvv Smart,"""Tata Curvv"" Petrol MT ARAI mileage","""Tata Curvv"" 118bhp 170nm claimed mileage kmpl","""Tata Curvv"" Petrol MT brochure mileage","""Tata Curvv"" Petrol MT site:v3cars.com mileage","""Tata Curvv"" Petrol MT site:carwale.com mileage",14,,,https://www.team-bhp.com/new-cars/tata/curvv/mileage/,,,tata_curvv__accomplished-s__petrol_manual | tata_curvv__creative__petrol_manual | tata_curvv__creative-plus-s__petrol_manual | tata_curvv__creative-s__petrol_manual | tata_curvv__pure-plus__petrol_manual | tata_curvv__pure-plus-s__petrol_manual | tata_curvv__smart__petrol_manual
Tata,Punch,Cng,Manual,MT,72bhp_103nm_cng,7,Tata Punch Accomplished CNG | Tata Punch Adventure CNG | Tata Punch Adventure S CNG | Tata Punch Pure CNG | Tata Punch Pure Plus CNG | Tata Punch Pure Plus S CNG | Tata Punch Smart CNG,"""Tata Punch"" Cng MT ARAI mileage","""Tata Punch"" 72bhp 103nm cng claimed mileage kmpl","""Tata Punch"" Cng MT brochure mileage","""Tata Punch"" Cng MT site:v3cars.com mileage","""Tata Punch"" Cng MT site:carwale.com mileage",26.99,,cardekho,https://www.cardekho.com/tata/punch-2021-2026/mileage,,,tata_punch__accomplished-cng__cng_manual | tata_punch__adventure-cng__cng_manual | tata_punch__adventure-s-cng__cng_manual | tata_punch__pure-cng__cng_manual | tata_punch__pure-plus-cng__cng_manual | tata_punch__pure-plus-s-cng__cng_manual | tata_punch__smart-cng__cng_manual
Tata,Sierra,Diesel,Manual,MT,116bhp_260nm_diesel,7,Tata Sierra Accomplished Diesel | Tata Sierra Accomplished Plus Diesel | Tata Sierra Adventure Diesel | Tata Sierra Adventure Plus Diesel | Tata Sierra Pure Diesel | Tata Sierra Pure Plus Diesel | Tata Sierra Smart Plus Diesel,"""Tata Sierra"" Diesel MT ARAI mileage","""Tata Sierra"" 116bhp 260nm diesel claimed mileage kmpl","""Tata Sierra"" Diesel MT brochure mileage","""Tata Sierra"" Diesel MT site:v3cars.com mileage","""Tata Sierra"" Diesel MT site:carwale.com mileage",21.26,,,https://www.carwale.com/tata-cars/sierra/,,,tata_sierra__accomplished-diesel__diesel_manual | tata_sierra__accomplished-plus-diesel__diesel_manual | tata_sierra__adventure-diesel__diesel_manual | tata_sierra__adventure-plus-diesel__diesel_manual | tata_sierra__pure-diesel__diesel_manual | tata_sierra__pure-plus-diesel__diesel_manual | tata_sierra__smart-plus-diesel__diesel_manual
Hyundai,Exter,Cng,Manual,MT,68bhp_95.2nm_cng,6,Hyundai Exter HX2 CNG | Hyundai Exter HX3 CNG | Hyundai Exter HX4 CNG | Hyundai Exter HX6 CNG | Hyundai Exter HX6 CNG DT | Hyundai Exter HX8 CNG,"""Hyundai Exter"" Cng MT ARAI mileage","""Hyundai Exter"" 68bhp 95.2nm cng claimed mileage kmpl","""Hyundai Exter"" Cng MT brochure mileage","""Hyundai Exter"" Cng MT site:v3cars.com mileage","""Hyundai Exter"" Cng MT site:carwale.com mileage",,,,,,,hyundai_exter__hx2-cng__cng_manual | hyundai_exter__hx3-cng__cng_manual | hyundai_exter__hx4-cng__cng_manual | hyundai_exter__hx6-cng__cng_manual | hyundai_exter__hx6-cng-dt__cng_manual | hyundai_exter__hx8-cng__cng_manual
Hyundai,Exter,Petrol,Manual,MT,82bhp_113.8nm,6,Hyundai Exter HX2 | Hyundai Exter HX3 | Hyundai Exter HX4 | Hyundai Exter HX6 | Hyundai Exter HX6 DT | Hyundai Exter HX8,"""Hyundai Exter"" Petrol MT ARAI mileage","""Hyundai Exter"" 82bhp 113.8nm claimed mileage kmpl","""Hyundai Exter"" Petrol MT brochure mileage","""Hyundai Exter"" Petrol MT site:v3cars.com mileage","""Hyundai Exter"" Petrol MT site:carwale.com mileage",,,,,,,hyundai_exter__hx2__petrol_manual | hyundai_exter__hx3__petrol_manual | hyundai_exter__hx4__petrol_manual | hyundai_exter__hx6__petrol_manual | hyundai_exter__hx6-dt__petrol_manual | hyundai_exter__hx8__petrol_manual
Kia,Seltos,Diesel,Manual,MT,114bhp_250nm_diesel,6,Kia Seltos HTE Diesel | Kia Seltos HTE Opt Diesel | Kia Seltos HTK Diesel | Kia Seltos HTK Opt Diesel | Kia Seltos HTX A Diesel | Kia Seltos HTX Diesel,"""Kia Seltos"" Diesel MT ARAI mileage","""Kia Seltos"" 114bhp 250nm diesel claimed mileage kmpl","""Kia Seltos"" Diesel MT brochure mileage","""Kia Seltos"" Diesel MT site:v3cars.com mileage","""Kia Seltos"" Diesel MT site:carwale.com mileage",20.7,,,https://www.cardekho.com/india-car-news/heres-how-fuel-efficient-the-facelifted-kia-seltos-is-31186.htm,,,kia_seltos__hte-diesel__diesel_manual | kia_seltos__hte-opt-diesel__diesel_manual | kia_seltos__htk-diesel__diesel_manual | kia_seltos__htk-opt-diesel__diesel_manual | kia_seltos__htx-a-diesel__diesel_manual | kia_seltos__htx-diesel__diesel_manual
Mini,Cooper S,Petrol,Automatic,AT,201bhp_300nm,6,Mini Cooper S Classic Pack | Mini Cooper S Favoured Pack | Mini Cooper S GP Inspired Edition | Mini Cooper S JCW Pack | Mini Cooper S STD | Mini Cooper S Victory Edition,"""Mini Cooper S"" Petrol AT ARAI mileage","""Mini Cooper S"" 201bhp 300nm claimed mileage kmpl","""Mini Cooper S"" Petrol AT brochure mileage","""Mini Cooper S"" Petrol AT site:v3cars.com mileage","""Mini Cooper S"" Petrol AT site:carwale.com mileage",,,,,,,mini_cooper-s__classic-pack__petrol_automatic | mini_cooper-s__favoured-pack__petrol_automatic | mini_cooper-s__gp-inspired-edition__petrol_automatic | mini_cooper-s__jcw-pack__petrol_automatic | mini_cooper-s__std__petrol_automatic | mini_cooper-s__victory-edition__petrol_automatic
Tata,Altroz,Cng,Manual,MT,72.49bhp_103nm_cng,6,Tata Altroz Accomplished S CNG | Tata Altroz Creative CNG | Tata Altroz Creative S CNG | Tata Altroz Pure CNG | Tata Altroz Pure S CNG | Tata Altroz Smart CNG,"""Tata Altroz"" Cng MT ARAI mileage","""Tata Altroz"" 72.49bhp 103nm cng claimed mileage kmpl","""Tata Altroz"" Cng MT brochure mileage","""Tata Altroz"" Cng MT site:v3cars.com mileage","""Tata Altroz"" Cng MT site:carwale.com mileage",26.2,,,,,,tata_altroz__accomplished-s-cng__cng_manual | tata_altroz__creative-cng__cng_manual | tata_altroz__creative-s-cng__cng_manual | tata_altroz__pure-cng__cng_manual | tata_altroz__pure-s-cng__cng_manual | tata_altroz__smart-cng__cng_manual
Tata,Altroz,Petrol,Manual,MT,86.79bhp_115nm,6,Tata Altroz Accomplished S | Tata Altroz Creative | Tata Altroz Creative S | Tata Altroz Pure | Tata Altroz Pure S | Tata Altroz Smart,"""Tata Altroz"" Petrol MT ARAI mileage","""Tata Altroz"" 86.79bhp 115nm claimed mileage kmpl","""Tata Altroz"" Petrol MT brochure mileage","""Tata Altroz"" Petrol MT site:v3cars.com mileage","""Tata Altroz"" Petrol MT site:carwale.com mileage",,,,,,,tata_altroz__accomplished-s__petrol_manual | tata_altroz__creative__petrol_manual | tata_altroz__creative-s__petrol_manual | tata_altroz__pure__petrol_manual | tata_altroz__pure-s__petrol_manual | tata_altroz__smart__petrol_manual
Tata,Curvv,Petrol,Automatic,AT,118bhp_170nm,6,Tata Curvv Accomplished S DCA | Tata Curvv Creative DCA | Tata Curvv Creative Plus S DCA | Tata Curvv Creative S DCA | Tata Curvv Pure Plus DCA | Tata Curvv Pure Plus S DCA,"""Tata Curvv"" Petrol AT ARAI mileage","""Tata Curvv"" 118bhp 170nm claimed mileage kmpl","""Tata Curvv"" Petrol AT brochure mileage","""Tata Curvv"" Petrol AT site:v3cars.com mileage","""Tata Curvv"" Petrol AT site:carwale.com mileage",13,,,https://www.team-bhp.com/new-cars/tata/curvv/mileage/,,,tata_curvv__accomplished-s-dca__petrol_automatic | tata_curvv__creative-dca__petrol_automatic | tata_curvv__creative-plus-s-dca__petrol_automatic | tata_curvv__creative-s-dca__petrol_automatic | tata_curvv__pure-plus-dca__petrol_automatic | tata_curvv__pure-plus-s-dca__petrol_automatic
Tata,Curvv,Petrol,Manual,MT,123bhp_225nm,6,Tata Curvv Accomplished Plus A Hyperion | Tata Curvv Accomplished Plus A Hyperion Dark | Tata Curvv Accomplished S Hyperion | Tata Curvv Accomplished S Hyperion Dark | Tata Curvv Creative Plus S Hyperion | Tata Curvv Creative S Hyperion,"""Tata Curvv"" Petrol MT ARAI mileage","""Tata Curvv"" 123bhp 225nm claimed mileage kmpl","""Tata Curvv"" Petrol MT brochure mileage","""Tata Curvv"" Petrol MT site:v3cars.com mileage","""Tata Curvv"" Petrol MT site:carwale.com mileage",14,,,https://www.team-bhp.com/new-cars/tata/curvv/mileage/,,,tata_curvv__accomplished-plus-a-hyperion__petrol_manual | tata_curvv__accomplished-plus-a-hyperion-dark__petrol_manual | tata_curvv__accomplished-s-hyperion__petrol_manual | tata_curvv__accomplished-s-hyperion-dark__petrol_manual | tata_curvv__creative-plus-s-hyperion__petrol_manual | tata_curvv__creative-s-hyperion__petrol_manual
Tata,Sierra,Petrol,Manual,MT,105bhp_145nm,6,Tata Sierra Accomplished | Tata Sierra Adventure | Tata Sierra Adventure Plus | Tata Sierra Pure | Tata Sierra Pure Plus | Tata Sierra Smart Plus,"""Tata Sierra"" Petrol MT ARAI mileage","""Tata Sierra"" 105bhp 145nm claimed mileage kmpl","""Tata Sierra"" Petrol MT brochure mileage","""Tata Sierra"" Petrol MT site:v3cars.com mileage","""Tata Sierra"" Petrol MT site:carwale.com mileage",17.4,,,https://www.carwale.com/tata-cars/sierra/,,,tata_sierra__accomplished__petrol_manual | tata_sierra__adventure__petrol_manual | tata_sierra__adventure-plus__petrol_manual | tata_sierra__pure__petrol_manual | tata_sierra__pure-plus__petrol_manual | tata_sierra__smart-plus__petrol_manual
Tata,Tiago,Petrol,Manual,MT,85bhp_113nm,6,Tata Tiago Creative | Tata Tiago Creative Plus | Tata Tiago Pure | Tata Tiago Pure Plus | Tata Tiago Pure Plus A | Tata Tiago Smart,"""Tata Tiago"" Petrol MT ARAI mileage","""Tata Tiago"" 85bhp 113nm claimed mileage kmpl","""Tata Tiago"" Petrol MT brochure mileage","""Tata Tiago"" Petrol MT site:v3cars.com mileage","""Tata Tiago"" Petrol MT site:carwale.com mileage",20.09,,,https://www.bajajfinserv.in/tata-tiago-mileage,,,tata_tiago__creative__petrol_manual | tata_tiago__creative-plus__petrol_manual | tata_tiago__pure__petrol_manual | tata_tiago__pure-plus__petrol_manual | tata_tiago__pure-plus-a__petrol_manual | tata_tiago__smart__petrol_manual
Isuzu,D Max,Diesel,Manual,MT,77.77bhp_176nm,5,Isuzu D Max D-Max CBC HR 2.0 | Isuzu D Max D-Max Flat Deck HR | Isuzu D Max D-Max Flat Deck HR 2.0 | Isuzu D Max D-Max Flat Deck HR AC 1.2 | Isuzu D Max D-Max Flat Deck HR AC 2.0,"""Isuzu D Max"" Diesel MT ARAI mileage","""Isuzu D Max"" 77.77bhp 176nm claimed mileage kmpl","""Isuzu D Max"" Diesel MT brochure mileage","""Isuzu D Max"" Diesel MT site:v3cars.com mileage","""Isuzu D Max"" Diesel MT site:carwale.com mileage",,,,,,,isuzu_d-max__d-max-cbc-hr-2-0__diesel_manual | isuzu_d-max__d-max-flat-deck-hr__diesel_manual | isuzu_d-max__d-max-flat-deck-hr-2-0__diesel_manual | isuzu_d-max__d-max-flat-deck-hr-ac-1-2__diesel_manual | isuzu_d-max__d-max-flat-deck-hr-ac-2-0__diesel_manual
Kia,Seltos,Petrol,Manual,MT,113bhp_144nm,5,Kia Seltos HTE | Kia Seltos HTE Opt | Kia Seltos HTK | Kia Seltos HTX | Kia Seltos HTX A,"""Kia Seltos"" Petrol MT ARAI mileage","""Kia Seltos"" 113bhp 144nm claimed mileage kmpl","""Kia Seltos"" Petrol MT brochure mileage","""Kia Seltos"" Petrol MT site:v3cars.com mileage","""Kia Seltos"" Petrol MT site:carwale.com mileage",17,,,https://www.cardekho.com/india-car-news/heres-how-fuel-efficient-the-facelifted-kia-seltos-is-31186.htm,,,kia_seltos__hte__petrol_manual | kia_seltos__hte-opt__petrol_manual | kia_seltos__htk__petrol_manual | kia_seltos__htx__petrol_manual | kia_seltos__htx-a__petrol_manual
Mahindra,Xuv 3xo,Diesel,Manual,MT,115.05bhp_300nm_diesel,5,Mahindra Xuv 3Xo AX7 L Diesel | Mahindra Xuv 3Xo MX2 Pro Diesel | Mahindra Xuv 3Xo MX2 diesel | Mahindra Xuv 3Xo MX3 Diesel | Mahindra Xuv 3Xo MX3 Pro Diesel,"""Mahindra Xuv 3xo"" Diesel MT ARAI mileage","""Mahindra Xuv 3xo"" 115.05bhp 300nm diesel claimed mileage kmpl","""Mahindra Xuv 3xo"" Diesel MT brochure mileage","""Mahindra Xuv 3xo"" Diesel MT site:v3cars.com mileage","""Mahindra Xuv 3xo"" Diesel MT site:carwale.com mileage",,,,,,,mahindra_xuv-3xo__ax7-l-diesel__diesel_manual | mahindra_xuv-3xo__mx2-pro-diesel__diesel_manual | mahindra_xuv-3xo__mx2-diesel__diesel_manual | mahindra_xuv-3xo__mx3-diesel__diesel_manual | mahindra_xuv-3xo__mx3-pro-diesel__diesel_manual
Mg,Gloster,Diesel,Automatic,AT,158.79bhp_373.5nm,5,Mg Gloster Black Storm 4x2 6Str | Mg Gloster Black Storm 4x2 7Str | Mg Gloster Savvy 4x2 6Str | Mg Gloster Savvy 4x2 7Str | Mg Gloster Sharp 4x2 7Str,"""Mg Gloster"" Diesel AT ARAI mileage","""Mg Gloster"" 158.79bhp 373.5nm claimed mileage kmpl","""Mg Gloster"" Diesel AT brochure mileage","""Mg Gloster"" Diesel AT site:v3cars.com mileage","""Mg Gloster"" Diesel AT site:carwale.com mileage",,,,,,,mg_gloster__black-storm-4x2-6str__diesel_automatic | mg_gloster__black-storm-4x2-7str__diesel_automatic | mg_gloster__savvy-4x2-6str__diesel_automatic | mg_gloster__savvy-4x2-7str__diesel_automatic | mg_gloster__sharp-4x2-7str__diesel_automatic
Tata,Altroz,Cng,Automatic,AMT,72.49bhp_103nm_cng,5,Tata Altroz Accomplished S AMT CNG | Tata Altroz Creative AMT CNG | Tata Altroz Creative S AMT CNG | Tata Altroz Pure AMT CNG | Tata Altroz Pure S AMT CNG,"""Tata Altroz"" Cng AMT ARAI mileage","""Tata Altroz"" 72.49bhp 103nm cng claimed mileage kmpl","""Tata Altroz"" Cng AMT brochure mileage","""Tata Altroz"" Cng AMT site:v3cars.com mileage","""Tata Altroz"" Cng AMT site:carwale.com mileage",26.2,,,,,,tata_altroz__accomplished-s-amt-cng__cng_automatic | tata_altroz__creative-amt-cng__cng_automatic | tata_altroz__creative-s-amt-cng__cng_automatic | tata_altroz__pure-amt-cng__cng_automatic | tata_altroz__pure-s-amt-cng__cng_automatic
Tata,Curvv,Petrol,Automatic,AT,123bhp_225nm,5,Tata Curvv Accomplished Plus A Hyperion DCA | Tata Curvv Accomplished Plus A Hyperion Dark DCA | Tata Curvv Accomplished S Hyperion DCA | Tata Curvv Accomplished S Hyperion Dark DCA | Tata Curvv Creative Plus S Hyperion DCA,"""Tata Curvv"" Petrol AT ARAI mileage","""Tata Curvv"" 123bhp 225nm claimed mileage kmpl","""Tata Curvv"" Petrol AT brochure mileage","""Tata Curvv"" Petrol AT site:v3cars.com mileage","""Tata Curvv"" Petrol AT site:carwale.com mileage",13,,,https://www.team-bhp.com/new-cars/tata/curvv/mileage/,,,tata_curvv__accomplished-plus-a-hyperion-dca__petrol_automatic | tata_curvv__accomplished-plus-a-hyperion-dark-dca__petrol_automatic | tata_curvv__accomplished-s-hyperion-dca__petrol_automatic | tata_curvv__accomplished-s-hyperion-dark-dca__petrol_automatic | tata_curvv__creative-plus-s-hyperion-dca__petrol_automatic
Tata,Punch,Petrol,Automatic,AMT,87bhp_115nm,5,Tata Punch Accomplished AMT | Tata Punch Accomplished Plus S AMT | Tata Punch Adventure AMT | Tata Punch Pure Plus AMT | Tata Punch Pure Plus S AMT,"""Tata Punch"" Petrol AMT ARAI mileage","""Tata Punch"" 87bhp 115nm claimed mileage kmpl","""Tata Punch"" Petrol AMT brochure mileage","""Tata Punch"" Petrol AMT site:v3cars.com mileage","""Tata Punch"" Petrol AMT site:carwale.com mileage",18.8,,cardekho,https://www.cardekho.com/tata/punch-2021-2026/mileage,,,tata_punch__accomplished-amt__petrol_automatic | tata_punch__accomplished-plus-s-amt__petrol_automatic | tata_punch__adventure-amt__petrol_automatic | tata_punch__pure-plus-amt__petrol_automatic | tata_punch__pure-plus-s-amt__petrol_automatic
Tata,Sierra,Diesel,Automatic,AT,116bhp_280nm_diesel,5,Tata Sierra Accomplished Diesel AT | Tata Sierra Accomplished Plus Diesel AT | Tata Sierra Adventure Plus Diesel AT | Tata Sierra Pure Diesel AT | Tata Sierra Pure Plus Diesel AT,"""Tata Sierra"" Diesel AT ARAI mileage","""Tata Sierra"" 116bhp 280nm diesel claimed mileage kmpl","""Tata Sierra"" Diesel AT brochure mileage","""Tata Sierra"" Diesel AT site:v3cars.com mileage","""Tata Sierra"" Diesel AT site:carwale.com mileage",19.22,,,https://www.carwale.com/tata-cars/sierra/,,,tata_sierra__accomplished-diesel-at__diesel_automatic | tata_sierra__accomplished-plus-diesel-at__diesel_automatic | tata_sierra__adventure-plus-diesel-at__diesel_automatic | tata_sierra__pure-diesel-at__diesel_automatic | tata_sierra__pure-plus-diesel-at__diesel_automatic
Tata,Tiago,Cng,Manual,MT,74.46bhp_96.5nm_cng,5,Tata Tiago Creative CNG | Tata Tiago Pure CNG | Tata Tiago Pure Plus A CNG | Tata Tiago Pure Plus CNG | Tata Tiago Smart CNG,"""Tata Tiago"" Cng MT ARAI mileage","""Tata Tiago"" 74.46bhp 96.5nm cng claimed mileage kmpl","""Tata Tiago"" Cng MT brochure mileage","""Tata Tiago"" Cng MT site:v3cars.com mileage","""Tata Tiago"" Cng MT site:carwale.com mileage",26.49,,,https://www.bajajfinserv.in/tata-tiago-mileage,,,tata_tiago__creative-cng__cng_manual | tata_tiago__pure-cng__cng_manual | tata_tiago__pure-plus-a-cng__cng_manual | tata_tiago__pure-plus-cng__cng_manual | tata_tiago__smart-cng__cng_manual
Tata,Tiago,Petrol,Automatic,AMT,85bhp_113nm,5,Tata Tiago Creative AMT | Tata Tiago Creative Plus AMT | Tata Tiago Pure AMT | Tata Tiago Pure Plus A AMT | Tata Tiago Pure Plus AMT,"""Tata Tiago"" Petrol AMT ARAI mileage","""Tata Tiago"" 85bhp 113nm claimed mileage kmpl","""Tata Tiago"" Petrol AMT brochure mileage","""Tata Tiago"" Petrol AMT site:v3cars.com mileage","""Tata Tiago"" Petrol AMT site:carwale.com mileage",19,,,https://www.bajajfinserv.in/tata-tiago-mileage,,,tata_tiago__creative-amt__petrol_automatic | tata_tiago__creative-plus-amt__petrol_automatic | tata_tiago__pure-amt__petrol_automatic | tata_tiago__pure-plus-a-amt__petrol_automatic | tata_tiago__pure-plus-amt__petrol_automatic
Bentley,Bentayga,Petrol,Automatic,AT,542bhp_770nm,4,Bentley Bentayga EWB | Bentley Bentayga EWB Azure FIRST EDITION | Bentley Bentayga S | Bentley Bentayga V8,"""Bentley Bentayga"" Petrol AT ARAI mileage","""Bentley Bentayga"" 542bhp 770nm claimed mileage kmpl","""Bentley Bentayga"" Petrol AT brochure mileage","""Bentley Bentayga"" Petrol AT site:v3cars.com mileage","""Bentley Bentayga"" Petrol AT site:carwale.com mileage",,,,,,,bentley_bentayga__ewb__petrol_automatic | bentley_bentayga__ewb-azure-first-edition__petrol_automatic | bentley_bentayga__s__petrol_automatic | bentley_bentayga__v8__petrol_automatic
Hyundai,Verna,Petrol,Automatic,DCT,157.57bhp_253nm_turbo,4,Hyundai Verna HX10 Turbo DCT | Hyundai Verna HX10 Turbo DCT DT | Hyundai Verna HX8 Turbo DCT | Hyundai Verna HX8 Turbo DCT DT,"""Hyundai Verna"" Petrol DCT ARAI mileage","""Hyundai Verna"" 157.57bhp 253nm turbo claimed mileage kmpl","""Hyundai Verna"" Petrol DCT brochure mileage","""Hyundai Verna"" Petrol DCT site:v3cars.com mileage","""Hyundai Verna"" Petrol DCT site:carwale.com mileage",,,,,,,hyundai_verna__hx10-turbo-dct__petrol_automatic | hyundai_verna__hx10-turbo-dct-dt__petrol_automatic | hyundai_verna__hx8-turbo-dct__petrol_automatic | hyundai_verna__hx8-turbo-dct-dt__petrol_automatic
Kia,Syros,Diesel,Automatic,AT,114bhp_250nm_diesel,4,Kia Syros HTK Plus Diesel AT | Kia Syros HTK Plus Opt Diesel AT | Kia Syros HTX Diesel AT | Kia Syros HTX Opt Diesel AT,"""Kia Syros"" Diesel AT ARAI mileage","""Kia Syros"" 114bhp 250nm diesel claimed mileage kmpl","""Kia Syros"" Diesel AT brochure mileage","""Kia Syros"" Diesel AT site:v3cars.com mileage","""Kia Syros"" Diesel AT site:carwale.com mileage",20.75,,,https://www.autocarindia.com/cars/kia/syros/mileage,,,kia_syros__htk-plus-diesel-at__diesel_automatic | kia_syros__htk-plus-opt-diesel-at__diesel_automatic | kia_syros__htx-diesel-at__diesel_automatic | kia_syros__htx-opt-diesel-at__diesel_automatic
Mahindra,Xuv 7xo,Petrol,Manual,MT,200bhp_380nm,4,Mahindra Xuv 7Xo AX | Mahindra Xuv 7Xo AX3 | Mahindra Xuv 7Xo AX5 | Mahindra Xuv 7Xo AX7,"""Mahindra Xuv 7xo"" Petrol MT ARAI mileage","""Mahindra Xuv 7xo"" 200bhp 380nm claimed mileage kmpl","""Mahindra Xuv 7xo"" Petrol MT brochure mileage","""Mahindra Xuv 7xo"" Petrol MT site:v3cars.com mileage","""Mahindra Xuv 7xo"" Petrol MT site:carwale.com mileage",,,,,,,mahindra_xuv-7xo__ax__petrol_manual | mahindra_xuv-7xo__ax3__petrol_manual | mahindra_xuv-7xo__ax5__petrol_manual | mahindra_xuv-7xo__ax7__petrol_manual
Maruti,Brezza,Cng,Manual,MT,86.63bhp_121.5nm_cng,4,Maruti Brezza Lxi CNG | Maruti Brezza Vxi CNG | Maruti Brezza Zxi CNG | Maruti Brezza Zxi CNG DT,"""Maruti Brezza"" Cng MT ARAI mileage","""Maruti Brezza"" 86.63bhp 121.5nm cng claimed mileage kmpl","""Maruti Brezza"" Cng MT brochure mileage","""Maruti Brezza"" Cng MT site:v3cars.com mileage","""Maruti Brezza"" Cng MT site:carwale.com mileage",,,,,,,maruti_brezza__lxi-cng__cng_manual | maruti_brezza__vxi-cng__cng_manual | maruti_brezza__zxi-cng__cng_manual | maruti_brezza__zxi-cng-dt__cng_manual
Mg,Gloster,Diesel,Automatic,AT,212.55bhp_478.5nm,4,Mg Gloster Black Storm 4x4 6Str | Mg Gloster Black Storm 4x4 7Str | Mg Gloster Savvy 4x4 6Str | Mg Gloster Savvy 4x4 7Str,"""Mg Gloster"" Diesel AT ARAI mileage","""Mg Gloster"" 212.55bhp 478.5nm claimed mileage kmpl","""Mg Gloster"" Diesel AT brochure mileage","""Mg Gloster"" Diesel AT site:v3cars.com mileage","""Mg Gloster"" Diesel AT site:carwale.com mileage",,,,,,,mg_gloster__black-storm-4x4-6str__diesel_automatic | mg_gloster__black-storm-4x4-7str__diesel_automatic | mg_gloster__savvy-4x4-6str__diesel_automatic | mg_gloster__savvy-4x4-7str__diesel_automatic
Tata,Altroz,Petrol,Automatic,AMT,86.79bhp_115nm,4,Tata Altroz Creative AMT | Tata Altroz Creative S AMT | Tata Altroz Pure AMT | Tata Altroz Pure S AMT,"""Tata Altroz"" Petrol AMT ARAI mileage","""Tata Altroz"" 86.79bhp 115nm claimed mileage kmpl","""Tata Altroz"" Petrol AMT brochure mileage","""Tata Altroz"" Petrol AMT site:v3cars.com mileage","""Tata Altroz"" Petrol AMT site:carwale.com mileage",18.5,,,,,,tata_altroz__creative-amt__petrol_automatic | tata_altroz__creative-s-amt__petrol_automatic | tata_altroz__pure-amt__petrol_automatic | tata_altroz__pure-s-amt__petrol_automatic
Tata,Punch,Cng,Automatic,AMT,72bhp_103nm_cng,4,Tata Punch Accomplished Plus S CNG AMT | Tata Punch Adventure CNG AMT | Tata Punch Adventure S CNG AMT | Tata Punch Pure Plus CNG AMT,"""Tata Punch"" Cng AMT ARAI mileage","""Tata Punch"" 72bhp 103nm cng claimed mileage kmpl","""Tata Punch"" Cng AMT brochure mileage","""Tata Punch"" Cng AMT site:v3cars.com mileage","""Tata Punch"" Cng AMT site:carwale.com mileage",,,,,,,tata_punch__accomplished-plus-s-cng-amt__cng_automatic | tata_punch__adventure-cng-amt__cng_automatic | tata_punch__adventure-s-cng-amt__cng_automatic | tata_punch__pure-plus-cng-amt__cng_automatic
Tata,Safari,Diesel,Automatic,AT,167.62bhp_280nm,4,Tata Safari Accomplished Ultra 6S AT | Tata Safari Accomplished Ultra AT | Tata Safari Accomplished Ultra Red Dark 6S AT | Tata Safari Accomplished Ultra Red Dark AT,"""Tata Safari"" Diesel AT ARAI mileage","""Tata Safari"" 167.62bhp 280nm claimed mileage kmpl","""Tata Safari"" Diesel AT brochure mileage","""Tata Safari"" Diesel AT site:v3cars.com mileage","""Tata Safari"" Diesel AT site:carwale.com mileage",,,,,,,tata_safari__accomplished-ultra-6s-at__diesel_automatic | tata_safari__accomplished-ultra-at__diesel_automatic | tata_safari__accomplished-ultra-red-dark-6s-at__diesel_automatic | tata_safari__accomplished-ultra-red-dark-at__diesel_automatic
Tata,Tiago,Cng,Automatic,AMT,74.46bhp_96.5nm_cng,4,Tata Tiago Creative CNG AMT | Tata Tiago Pure CNG AMT | Tata Tiago Pure Plus A CNG AMT | Tata Tiago Pure Plus CNG AMT,"""Tata Tiago"" Cng AMT ARAI mileage","""Tata Tiago"" 74.46bhp 96.5nm cng claimed mileage kmpl","""Tata Tiago"" Cng AMT brochure mileage","""Tata Tiago"" Cng AMT site:v3cars.com mileage","""Tata Tiago"" Cng AMT site:carwale.com mileage",28.06,,,https://www.bajajfinserv.in/tata-tiago-mileage,,,tata_tiago__creative-cng-amt__cng_automatic | tata_tiago__pure-cng-amt__cng_automatic | tata_tiago__pure-plus-a-cng-amt__cng_automatic | tata_tiago__pure-plus-cng-amt__cng_automatic
Audi,Q3,Petrol,Automatic,AT,187.74bhp_320nm,3,Audi Q3 Premium | Audi Q3 Premium Plus | Audi Q3 Technology,"""Audi Q3"" Petrol AT ARAI mileage","""Audi Q3"" 187.74bhp 320nm claimed mileage kmpl","""Audi Q3"" Petrol AT brochure mileage","""Audi Q3"" Petrol AT site:v3cars.com mileage","""Audi Q3"" Petrol AT site:carwale.com mileage",,,,,,,audi_q3__premium__petrol_automatic | audi_q3__premium-plus__petrol_automatic | audi_q3__technology__petrol_automatic
Isuzu,S Cab,Diesel,Manual,MT,77.77bhp_176nm,3,Isuzu S Cab S-CAB EX CBC Hi-Ride | Isuzu S Cab S-CAB EX Hi-Ride | Isuzu S Cab S-CAB Hi-Ride AC,"""Isuzu S Cab"" Diesel MT ARAI mileage","""Isuzu S Cab"" 77.77bhp 176nm claimed mileage kmpl","""Isuzu S Cab"" Diesel MT brochure mileage","""Isuzu S Cab"" Diesel MT site:v3cars.com mileage","""Isuzu S Cab"" Diesel MT site:carwale.com mileage",,,,,,,isuzu_s-cab__s-cab-ex-cbc-hi-ride__diesel_manual | isuzu_s-cab__s-cab-ex-hi-ride__diesel_manual | isuzu_s-cab__s-cab-hi-ride-ac__diesel_manual
Jeep,Meridian,Diesel,Manual,MT,168bhp_350nm,3,Jeep Meridian Limited Opt 4x2 | Jeep Meridian Longitude 4x2 | Jeep Meridian Longitude Plus 4x2,"""Jeep Meridian"" Diesel MT ARAI mileage","""Jeep Meridian"" 168bhp 350nm claimed mileage kmpl","""Jeep Meridian"" Diesel MT brochure mileage","""Jeep Meridian"" Diesel MT site:v3cars.com mileage","""Jeep Meridian"" Diesel MT site:carwale.com mileage",,,,,,,jeep_meridian__limited-opt-4x2__diesel_manual | jeep_meridian__longitude-4x2__diesel_manual | jeep_meridian__longitude-plus-4x2__diesel_manual
Kia,Seltos,Petrol,Manual,MT,158bhp_253nm,3,Kia Seltos HTE Opt TGDi iMT | Kia Seltos HTK Opt TGDi iMT | Kia Seltos HTK TGDi iMT,"""Kia Seltos"" Petrol MT ARAI mileage","""Kia Seltos"" 158bhp 253nm claimed mileage kmpl","""Kia Seltos"" Petrol MT brochure mileage","""Kia Seltos"" Petrol MT site:v3cars.com mileage","""Kia Seltos"" Petrol MT site:carwale.com mileage",17.7,,,https://www.cardekho.com/india-car-news/heres-how-fuel-efficient-the-facelifted-kia-seltos-is-31186.htm,,,kia_seltos__hte-opt-tgdi-imt__petrol_manual | kia_seltos__htk-opt-tgdi-imt__petrol_manual | kia_seltos__htk-tgdi-imt__petrol_manual
Kia,Syros,Petrol,Manual,MT,118bhp_172nm_turbo,3,Kia Syros HTE Opt Turbo | Kia Syros HTE Turbo | Kia Syros HTK EX Turbo,"""Kia Syros"" Petrol MT ARAI mileage","""Kia Syros"" 118bhp 172nm turbo claimed mileage kmpl","""Kia Syros"" Petrol MT brochure mileage","""Kia Syros"" Petrol MT site:v3cars.com mileage","""Kia Syros"" Petrol MT site:carwale.com mileage",18.2,,,https://www.autocarindia.com/cars/kia/syros/mileage,,,kia_syros__hte-opt-turbo__petrol_manual | kia_syros__hte-turbo__petrol_manual | kia_syros__htk-ex-turbo__petrol_manual
Land Rover,Range Rover Sport,Petrol,Automatic,AT,626.25bhp_700nm_4l,3,Land Rover Range Rover Sport 4.4 l SV | Land Rover Range Rover Sport 4.4 l SV Black | Land Rover Range Rover Sport 4.4 l SV Carbon,"""Land Rover Range Rover Sport"" Petrol AT ARAI mileage","""Land Rover Range Rover Sport"" 626.25bhp 700nm 4l claimed mileage kmpl","""Land Rover Range Rover Sport"" Petrol AT brochure mileage","""Land Rover Range Rover Sport"" Petrol AT site:v3cars.com mileage","""Land Rover Range Rover Sport"" Petrol AT site:carwale.com mileage",,,,,,,land-rover_range-rover-sport__4-4-l-sv__petrol_automatic | land-rover_range-rover-sport__4-4-l-sv-black__petrol_automatic | land-rover_range-rover-sport__4-4-l-sv-carbon__petrol_automatic
Lexus,Nx,Petrol,Automatic,AT,187.74bhp_239nm,3,Lexus Nx 350h F-sport | Lexus Nx 350h Luxury | Lexus Nx 350h Overtrail,"""Lexus Nx"" Petrol AT ARAI mileage","""Lexus Nx"" 187.74bhp 239nm claimed mileage kmpl","""Lexus Nx"" Petrol AT brochure mileage","""Lexus Nx"" Petrol AT site:v3cars.com mileage","""Lexus Nx"" Petrol AT site:carwale.com mileage",,,,,,,lexus_nx__350h-f-sport__petrol_automatic | lexus_nx__350h-luxury__petrol_automatic | lexus_nx__350h-overtrail__petrol_automatic
Mahindra,Thar,Diesel,Manual,MT,116.93bhp_300nm_diesel,3,Mahindra Thar AXT RWD Diesel | Mahindra Thar LXT 4WD Diesel | Mahindra Thar LXT RWD Diesel,"""Mahindra Thar"" Diesel MT ARAI mileage","""Mahindra Thar"" 116.93bhp 300nm diesel claimed mileage kmpl","""Mahindra Thar"" Diesel MT brochure mileage","""Mahindra Thar"" Diesel MT site:v3cars.com mileage","""Mahindra Thar"" Diesel MT site:carwale.com mileage",,,,,,,mahindra_thar__axt-rwd-diesel__diesel_manual | mahindra_thar__lxt-4wd-diesel__diesel_manual | mahindra_thar__lxt-rwd-diesel__diesel_manual
Mercedes Benz,Gls,Diesel,Automatic,AT,362.07bhp_750nm,3,Mercedes Benz Gls Mercedes-Benz GLS 450d 4MATIC AMG Line | Mercedes Benz Gls Mercedes-Benz GLS 450d 4matic | Mercedes Benz Gls Mercedes-Benz GLS 450d Night Edition,"""Mercedes Benz Gls"" Diesel AT ARAI mileage","""Mercedes Benz Gls"" 362.07bhp 750nm claimed mileage kmpl","""Mercedes Benz Gls"" Diesel AT brochure mileage","""Mercedes Benz Gls"" Diesel AT site:v3cars.com mileage","""Mercedes Benz Gls"" Diesel AT site:carwale.com mileage",,,,,,,mercedes-benz_gls__mercedes-benz-gls-450d-4matic-amg-line__diesel_automatic | mercedes-benz_gls__mercedes-benz-gls-450d-4matic__diesel_automatic | mercedes-benz_gls__mercedes-benz-gls-450d-night-edition__diesel_automatic
Mercedes Benz,Gls,Petrol,Automatic,AT,375.48bhp_500nm,3,Mercedes Benz Gls Mercedes-Benz GLS 450 4MATIC AMG Line | Mercedes Benz Gls Mercedes-Benz GLS 450 4matic | Mercedes Benz Gls Mercedes-Benz GLS 450 Night Edition,"""Mercedes Benz Gls"" Petrol AT ARAI mileage","""Mercedes Benz Gls"" 375.48bhp 500nm claimed mileage kmpl","""Mercedes Benz Gls"" Petrol AT brochure mileage","""Mercedes Benz Gls"" Petrol AT site:v3cars.com mileage","""Mercedes Benz Gls"" Petrol AT site:carwale.com mileage",,,,,,,mercedes-benz_gls__mercedes-benz-gls-450-4matic-amg-line__petrol_automatic | mercedes-benz_gls__mercedes-benz-gls-450-4matic__petrol_automatic | mercedes-benz_gls__mercedes-benz-gls-450-night-edition__petrol_automatic
Mercedes Benz,Maybach Gls,Petrol,Automatic,AT,550bhp_700nm,3,Mercedes Benz Maybach Gls Mercedes-Benz Maybach GLS 600 4MATIC | Mercedes Benz Maybach Gls Mercedes-Benz Maybach GLS 600 Celebration Edition | Mercedes Benz Maybach Gls Mercedes-Benz Maybach GLS 600 Night Series,"""Mercedes Benz Maybach Gls"" Petrol AT ARAI mileage","""Mercedes Benz Maybach Gls"" 550bhp 700nm claimed mileage kmpl","""Mercedes Benz Maybach Gls"" Petrol AT brochure mileage","""Mercedes Benz Maybach Gls"" Petrol AT site:v3cars.com mileage","""Mercedes Benz Maybach Gls"" Petrol AT site:carwale.com mileage",,,,,,,mercedes-benz_maybach-gls__mercedes-benz-maybach-gls-600-4matic__petrol_automatic | mercedes-benz_maybach-gls__mercedes-benz-maybach-gls-600-celebration-edition__petrol_automatic | mercedes-benz_maybach-gls__mercedes-benz-maybach-gls-600-night-series__petrol_automatic
Mg,Majestor,Diesel,Automatic,AT,213bhp_478nm,3,Mg Majestor Savvy 4x2 | Mg Majestor Savvy 4x2 6STR | Mg Majestor Savvy 4x4,"""Mg Majestor"" Diesel AT ARAI mileage","""Mg Majestor"" 213bhp 478nm claimed mileage kmpl","""Mg Majestor"" Diesel AT brochure mileage","""Mg Majestor"" Diesel AT site:v3cars.com mileage","""Mg Majestor"" Diesel AT site:carwale.com mileage",,,,,,,mg_majestor__savvy-4x2__diesel_automatic | mg_majestor__savvy-4x2-6str__diesel_automatic | mg_majestor__savvy-4x4__diesel_automatic
Renault,Duster,Petrol,Manual,MT,99bhp_166nm_turbo,3,Renault Duster Authentic 1.0 Turbo | Renault Duster Evolution 1.0 Turbo | Renault Duster Techno 1.0 Turbo,"""Renault Duster"" Petrol MT ARAI mileage","""Renault Duster"" 99bhp 166nm turbo claimed mileage kmpl","""Renault Duster"" Petrol MT brochure mileage","""Renault Duster"" Petrol MT site:v3cars.com mileage","""Renault Duster"" Petrol MT site:carwale.com mileage",,,,,,,renault_duster__authentic-1-0-turbo__petrol_manual | renault_duster__evolution-1-0-turbo__petrol_manual | renault_duster__techno-1-0-turbo__petrol_manual
Tata,Altroz,Petrol,Automatic,AT,86.79bhp_115nm,3,Tata Altroz Accomplished Plus S DCA | Tata Altroz Accomplished S DCA | Tata Altroz Creative S DCA,"""Tata Altroz"" Petrol AT ARAI mileage","""Tata Altroz"" 86.79bhp 115nm claimed mileage kmpl","""Tata Altroz"" Petrol AT brochure mileage","""Tata Altroz"" Petrol AT site:v3cars.com mileage","""Tata Altroz"" Petrol AT site:carwale.com mileage",18.5,,,,,,tata_altroz__accomplished-plus-s-dca__petrol_automatic | tata_altroz__accomplished-s-dca__petrol_automatic | tata_altroz__creative-s-dca__petrol_automatic
Tata,Altroz,Diesel,Manual,MT,88.76bhp_200nm_diesel,3,Tata Altroz Accomplished S Diesel | Tata Altroz Creative S Diesel | Tata Altroz Pure Diesel,"""Tata Altroz"" Diesel MT ARAI mileage","""Tata Altroz"" 88.76bhp 200nm diesel claimed mileage kmpl","""Tata Altroz"" Diesel MT brochure mileage","""Tata Altroz"" Diesel MT site:v3cars.com mileage","""Tata Altroz"" Diesel MT site:carwale.com mileage",23.64,,,,,,tata_altroz__accomplished-s-diesel__diesel_manual | tata_altroz__creative-s-diesel__diesel_manual | tata_altroz__pure-diesel__diesel_manual
Tata,Safari,Diesel,Manual,MT,167.62bhp_280nm,3,Tata Safari Accomplished Ultra | Tata Safari Accomplished Ultra 6S | Tata Safari Accomplished Ultra Red Dark 6S,"""Tata Safari"" Diesel MT ARAI mileage","""Tata Safari"" 167.62bhp 280nm claimed mileage kmpl","""Tata Safari"" Diesel MT brochure mileage","""Tata Safari"" Diesel MT site:v3cars.com mileage","""Tata Safari"" Diesel MT site:carwale.com mileage",16.3,,,https://www.autocarindia.com/cars/tata/safari/mileage,,,tata_safari__accomplished-ultra__diesel_manual | tata_safari__accomplished-ultra-6s__diesel_manual | tata_safari__accomplished-ultra-red-dark-6s__diesel_manual
Tata,Sierra,Petrol,Automatic,AT,105bhp_145nm,3,Tata Sierra Adventure DCA | Tata Sierra Pure DCA | Tata Sierra Pure Plus DCA,"""Tata Sierra"" Petrol AT ARAI mileage","""Tata Sierra"" 105bhp 145nm claimed mileage kmpl","""Tata Sierra"" Petrol AT brochure mileage","""Tata Sierra"" Petrol AT site:v3cars.com mileage","""Tata Sierra"" Petrol AT site:carwale.com mileage",16.9,,,https://www.carwale.com/tata-cars/sierra/,,,tata_sierra__adventure-dca__petrol_automatic | tata_sierra__pure-dca__petrol_automatic | tata_sierra__pure-plus-dca__petrol_automatic
Tata,Sierra,Petrol,Automatic,AT,158bhp_255nm_turbo,3,Tata Sierra Accomplished Plus Turbo | Tata Sierra Accomplished Turbo | Tata Sierra Adventure Plus Turbo,"""Tata Sierra"" Petrol AT ARAI mileage","""Tata Sierra"" 158bhp 255nm turbo claimed mileage kmpl","""Tata Sierra"" Petrol AT brochure mileage","""Tata Sierra"" Petrol AT site:v3cars.com mileage","""Tata Sierra"" Petrol AT site:carwale.com mileage",15.3,,,https://www.carwale.com/tata-cars/sierra/,,,tata_sierra__accomplished-plus-turbo__petrol_automatic | tata_sierra__accomplished-turbo__petrol_automatic | tata_sierra__adventure-plus-turbo__petrol_automatic
Tata,Yodha Pickup,Diesel,Manual,MT,85bhp_250nm,3,Tata Yodha Pickup 1500 | Tata Yodha Pickup 4x4 | Tata Yodha Pickup Crew Cabin,"""Tata Yodha Pickup"" Diesel MT ARAI mileage","""Tata Yodha Pickup"" 85bhp 250nm claimed mileage kmpl","""Tata Yodha Pickup"" Diesel MT brochure mileage","""Tata Yodha Pickup"" Diesel MT site:v3cars.com mileage","""Tata Yodha Pickup"" Diesel MT site:carwale.com mileage",15,,,https://www.zigwheels.com/tata-cars/yodha-pickup/mileage,,,tata_yodha-pickup__1500__diesel_manual | tata_yodha-pickup__4x4__diesel_manual | tata_yodha-pickup__crew-cabin__diesel_manual
Toyota,Fortuner,Diesel,Manual,MT,201.15bhp_420nm_diesel,3,Toyota Fortuner 4X2 Diesel | Toyota Fortuner 4X4 Diesel | Toyota Fortuner Leader Edition 4x2 Diesel,"""Toyota Fortuner"" Diesel MT ARAI mileage","""Toyota Fortuner"" 201.15bhp 420nm diesel claimed mileage kmpl","""Toyota Fortuner"" Diesel MT brochure mileage","""Toyota Fortuner"" Diesel MT site:v3cars.com mileage","""Toyota Fortuner"" Diesel MT site:carwale.com mileage",14.4,,,https://www.carwale.com/toyota-cars/fortuner/,,,toyota_fortuner__4x2-diesel__diesel_manual | toyota_fortuner__4x4-diesel__diesel_manual | toyota_fortuner__leader-edition-4x2-diesel__diesel_manual
Toyota,Fortuner,Diesel,Automatic,AT,201.15bhp_500nm_diesel,3,Toyota Fortuner 4X2 Diesel AT | Toyota Fortuner GR S 4X4 Diesel AT | Toyota Fortuner Leader Edition 4x2 Diesel AT,"""Toyota Fortuner"" Diesel AT ARAI mileage","""Toyota Fortuner"" 201.15bhp 500nm diesel claimed mileage kmpl","""Toyota Fortuner"" Diesel AT brochure mileage","""Toyota Fortuner"" Diesel AT site:v3cars.com mileage","""Toyota Fortuner"" Diesel AT site:carwale.com mileage",14.6,,,https://www.carwale.com/toyota-cars/fortuner/,,,toyota_fortuner__4x2-diesel-at__diesel_automatic | toyota_fortuner__gr-s-4x4-diesel-at__diesel_automatic | toyota_fortuner__leader-edition-4x2-diesel-at__diesel_automatic
Audi,A4,Petrol,Automatic,AT,207bhp_320nm,2,Audi A4 Premium Plus | Audi A4 Technology,"""Audi A4"" Petrol AT ARAI mileage","""Audi A4"" 207bhp 320nm claimed mileage kmpl","""Audi A4"" Petrol AT brochure mileage","""Audi A4"" Petrol AT site:v3cars.com mileage","""Audi A4"" Petrol AT site:carwale.com mileage",,,,,,,audi_a4__premium-plus__petrol_automatic | audi_a4__technology__petrol_automatic
Audi,Q7,Petrol,Automatic,AT,335bhp_500nm,2,Audi Q7 Premium Plus | Audi Q7 Technology,"""Audi Q7"" Petrol AT ARAI mileage","""Audi Q7"" 335bhp 500nm claimed mileage kmpl","""Audi Q7"" Petrol AT brochure mileage","""Audi Q7"" Petrol AT site:v3cars.com mileage","""Audi Q7"" Petrol AT site:carwale.com mileage",,,,,,,audi_q7__premium-plus__petrol_automatic | audi_q7__technology__petrol_automatic
Bmw,Z4,Petrol,Automatic,AT,335bhp_500nm,2,Bmw Z4 M40i | Bmw Z4 M40i Pure Impulse AT,"""Bmw Z4"" Petrol AT ARAI mileage","""Bmw Z4"" 335bhp 500nm claimed mileage kmpl","""Bmw Z4"" Petrol AT brochure mileage","""Bmw Z4"" Petrol AT site:v3cars.com mileage","""Bmw Z4"" Petrol AT site:carwale.com mileage",,,,,,,bmw_z4__m40i__petrol_automatic | bmw_z4__m40i-pure-impulse-at__petrol_automatic
Hyundai,Verna,Petrol,Manual,MT,157.57bhp_253nm_turbo,2,Hyundai Verna HX8 Turbo | Hyundai Verna HX8 Turbo DT,"""Hyundai Verna"" Petrol MT ARAI mileage","""Hyundai Verna"" 157.57bhp 253nm turbo claimed mileage kmpl","""Hyundai Verna"" Petrol MT brochure mileage","""Hyundai Verna"" Petrol MT site:v3cars.com mileage","""Hyundai Verna"" Petrol MT site:carwale.com mileage",,,,,,,hyundai_verna__hx8-turbo__petrol_manual | hyundai_verna__hx8-turbo-dt__petrol_manual
Isuzu,V Cross,Diesel,Manual,MT,160.92bhp_360nm,2,Isuzu V Cross V-Cross 4x4 Z | Isuzu V Cross V-Cross 4x4 Z Prestige,"""Isuzu V Cross"" Diesel MT ARAI mileage","""Isuzu V Cross"" 160.92bhp 360nm claimed mileage kmpl","""Isuzu V Cross"" Diesel MT brochure mileage","""Isuzu V Cross"" Diesel MT site:v3cars.com mileage","""Isuzu V Cross"" Diesel MT site:carwale.com mileage",,,,,,,isuzu_v-cross__v-cross-4x4-z__diesel_manual | isuzu_v-cross__v-cross-4x4-z-prestige__diesel_manual
Kia,Seltos,Petrol,Automatic,IVT,113bhp_114nm,2,Kia Seltos HTE Opt iVT | Kia Seltos HTK iVT,"""Kia Seltos"" Petrol IVT ARAI mileage","""Kia Seltos"" 113bhp 114nm claimed mileage kmpl","""Kia Seltos"" Petrol IVT brochure mileage","""Kia Seltos"" Petrol IVT site:v3cars.com mileage","""Kia Seltos"" Petrol IVT site:carwale.com mileage",17.7,,,https://www.cardekho.com/india-car-news/heres-how-fuel-efficient-the-facelifted-kia-seltos-is-31186.htm,,,kia_seltos__hte-opt-ivt__petrol_automatic | kia_seltos__htk-ivt__petrol_automatic
Kia,Syros,Diesel,Manual,MT,114bhp_250nm_diesel,2,Kia Syros HTE Opt Diesel | Kia Syros HTK Plus Opt Diesel,"""Kia Syros"" Diesel MT ARAI mileage","""Kia Syros"" 114bhp 250nm diesel claimed mileage kmpl","""Kia Syros"" Diesel MT brochure mileage","""Kia Syros"" Diesel MT site:v3cars.com mileage","""Kia Syros"" Diesel MT site:carwale.com mileage",17.65,,,https://www.autocarindia.com/cars/kia/syros/mileage,,,kia_syros__hte-opt-diesel__diesel_manual | kia_syros__htk-plus-opt-diesel__diesel_manual
Kia,Syros,Petrol,Automatic,DCT,118bhp_172nm_turbo,2,Kia Syros HTK Plus Opt Turbo DCT | Kia Syros HTX Opt Turbo DCT,"""Kia Syros"" Petrol DCT ARAI mileage","""Kia Syros"" 118bhp 172nm turbo claimed mileage kmpl","""Kia Syros"" Petrol DCT brochure mileage","""Kia Syros"" Petrol DCT site:v3cars.com mileage","""Kia Syros"" Petrol DCT site:carwale.com mileage",17.68,,,https://www.autocarindia.com/cars/kia/syros/mileage,,,kia_syros__htk-plus-opt-turbo-dct__petrol_automatic | kia_syros__htx-opt-turbo-dct__petrol_automatic
Lamborghini,Huracan Evo,Petrol,Automatic,AT,630.28bhp_565nm,2,Lamborghini Huracan Evo STO | Lamborghini Huracan Evo Tecnica,"""Lamborghini Huracan Evo"" Petrol AT ARAI mileage","""Lamborghini Huracan Evo"" 630.28bhp 565nm claimed mileage kmpl","""Lamborghini Huracan Evo"" Petrol AT brochure mileage","""Lamborghini Huracan Evo"" Petrol AT site:v3cars.com mileage","""Lamborghini Huracan Evo"" Petrol AT site:carwale.com mileage",,,,,,,lamborghini_huracan-evo__sto__petrol_automatic | lamborghini_huracan-evo__tecnica__petrol_automatic
Lamborghini,Urus,Petrol,Automatic,AT,657.1bhp_850nm,2,Lamborghini Urus Performante | Lamborghini Urus S,"""Lamborghini Urus"" Petrol AT ARAI mileage","""Lamborghini Urus"" 657.1bhp 850nm claimed mileage kmpl","""Lamborghini Urus"" Petrol AT brochure mileage","""Lamborghini Urus"" Petrol AT site:v3cars.com mileage","""Lamborghini Urus"" Petrol AT site:carwale.com mileage",,,,,,,lamborghini_urus__performante__petrol_automatic | lamborghini_urus__s__petrol_automatic
Land Rover,Defender,Petrol,Automatic,AT,626bhp_750nm_petrol_4l,2,Land Rover Defender 4.4 l V8 Petrol 110 OCTA | Land Rover Defender 4.4 l V8 Petrol 110 OCTA Edition One,"""Land Rover Defender"" Petrol AT ARAI mileage","""Land Rover Defender"" 626bhp 750nm petrol 4l claimed mileage kmpl","""Land Rover Defender"" Petrol AT brochure mileage","""Land Rover Defender"" Petrol AT site:v3cars.com mileage","""Land Rover Defender"" Petrol AT site:carwale.com mileage",,,,,,,land-rover_defender__4-4-l-v8-petrol-110-octa__petrol_automatic | land-rover_defender__4-4-l-v8-petrol-110-octa-edition-one__petrol_automatic
Land Rover,Discovery,Diesel,Automatic,AT,296.36bhp_650nm_diesel,2,Land Rover Discovery 3.0 Diesel Dynamic HSE | Land Rover Discovery 3.0 Diesel Metropolitan Edition,"""Land Rover Discovery"" Diesel AT ARAI mileage","""Land Rover Discovery"" 296.36bhp 650nm diesel claimed mileage kmpl","""Land Rover Discovery"" Diesel AT brochure mileage","""Land Rover Discovery"" Diesel AT site:v3cars.com mileage","""Land Rover Discovery"" Diesel AT site:carwale.com mileage",,,,,,,land-rover_discovery__3-0-diesel-dynamic-hse__diesel_automatic | land-rover_discovery__3-0-diesel-metropolitan-edition__diesel_automatic
Lexus,Lm,Petrol,Automatic,AT,190.42bhp_242nm,2,Lexus Lm 350h 4 Seater Ultra Luxury | Lexus Lm 350h 7 Seater VIP,"""Lexus Lm"" Petrol AT ARAI mileage","""Lexus Lm"" 190.42bhp 242nm claimed mileage kmpl","""Lexus Lm"" Petrol AT brochure mileage","""Lexus Lm"" Petrol AT site:v3cars.com mileage","""Lexus Lm"" Petrol AT site:carwale.com mileage",,,,,,,lexus_lm__350h-4-seater-ultra-luxury__petrol_automatic | lexus_lm__350h-7-seater-vip__petrol_automatic
Lexus,Lx,Diesel,Automatic,AT,304.41bhp_700nm,2,Lexus Lx 500d | Lexus Lx 500d Overtrail,"""Lexus Lx"" Diesel AT ARAI mileage","""Lexus Lx"" 304.41bhp 700nm claimed mileage kmpl","""Lexus Lx"" Diesel AT brochure mileage","""Lexus Lx"" Diesel AT site:v3cars.com mileage","""Lexus Lx"" Diesel AT site:carwale.com mileage",,,,,,,lexus_lx__500d__diesel_automatic | lexus_lx__500d-overtrail__diesel_automatic
Mahindra,Bolero Neo Plus,Diesel,Manual,MT,118.35bhp_280nm,2,Mahindra Bolero Neo Plus P10 | Mahindra Bolero Neo Plus P4,"""Mahindra Bolero Neo Plus"" Diesel MT ARAI mileage","""Mahindra Bolero Neo Plus"" 118.35bhp 280nm claimed mileage kmpl","""Mahindra Bolero Neo Plus"" Diesel MT brochure mileage","""Mahindra Bolero Neo Plus"" Diesel MT site:v3cars.com mileage","""Mahindra Bolero Neo Plus"" Diesel MT site:carwale.com mileage",,,,,,,mahindra_bolero-neo-plus__p10__diesel_manual | mahindra_bolero-neo-plus__p4__diesel_manual
Mahindra,Thar,Petrol,Automatic,AT,150.19bhp_320nm,2,Mahindra Thar LXT 4WD AT | Mahindra Thar LXT RWD AT,"""Mahindra Thar"" Petrol AT ARAI mileage","""Mahindra Thar"" 150.19bhp 320nm claimed mileage kmpl","""Mahindra Thar"" Petrol AT brochure mileage","""Mahindra Thar"" Petrol AT site:v3cars.com mileage","""Mahindra Thar"" Petrol AT site:carwale.com mileage",,,,,,,mahindra_thar__lxt-4wd-at__petrol_automatic | mahindra_thar__lxt-rwd-at__petrol_automatic
Maserati,Grecale,Petrol,Automatic,AT,296bhp_450nm,2,Maserati Grecale GT | Maserati Grecale Modena,"""Maserati Grecale"" Petrol AT ARAI mileage","""Maserati Grecale"" 296bhp 450nm claimed mileage kmpl","""Maserati Grecale"" Petrol AT brochure mileage","""Maserati Grecale"" Petrol AT site:v3cars.com mileage","""Maserati Grecale"" Petrol AT site:carwale.com mileage",,,,,,,maserati_grecale__gt__petrol_automatic | maserati_grecale__modena__petrol_automatic
Mercedes,Benz C Class,Petrol,Automatic,AT,254.79bhp_400nm,2,Mercedes Benz C Class Mercedes-Benz C-Class C 300 | Mercedes Benz C Class Mercedes-Benz C-Class Celebration Edition,"""Mercedes Benz C Class"" Petrol AT ARAI mileage","""Mercedes Benz C Class"" 254.79bhp 400nm claimed mileage kmpl","""Mercedes Benz C Class"" Petrol AT brochure mileage","""Mercedes Benz C Class"" Petrol AT site:v3cars.com mileage","""Mercedes Benz C Class"" Petrol AT site:carwale.com mileage",,,,,,,mercedes_benz-c-class__mercedes-benz-c-class-c-300__petrol_automatic | mercedes_benz-c-class__mercedes-benz-c-class-celebration-edition__petrol_automatic
Mercedes Benz,Amg A 45 S,Petrol,Automatic,AT,415.71bhp_500nm,2,Mercedes Benz Amg A 45 S Mercedes-Benz AMG A 45 S 4MATIC Plus | Mercedes Benz Amg A 45 S Mercedes-Benz AMG A 45 S Aero Track Edition,"""Mercedes Benz Amg A 45 S"" Petrol AT ARAI mileage","""Mercedes Benz Amg A 45 S"" 415.71bhp 500nm claimed mileage kmpl","""Mercedes Benz Amg A 45 S"" Petrol AT brochure mileage","""Mercedes Benz Amg A 45 S"" Petrol AT site:v3cars.com mileage","""Mercedes Benz Amg A 45 S"" Petrol AT site:carwale.com mileage",,,,,,,mercedes-benz_amg-a-45-s__mercedes-benz-amg-a-45-s-4matic-plus__petrol_automatic | mercedes-benz_amg-a-45-s__mercedes-benz-amg-a-45-s-aero-track-edition__petrol_automatic
Mercedes Benz,E Class,Petrol,Automatic,AT,375bhp_500nm,2,Mercedes Benz E Class Mercedes-Benz E-Class Celebration Edition | Mercedes Benz E Class Mercedes-Benz E-Class E 450,"""Mercedes Benz E Class"" Petrol AT ARAI mileage","""Mercedes Benz E Class"" 375bhp 500nm claimed mileage kmpl","""Mercedes Benz E Class"" Petrol AT brochure mileage","""Mercedes Benz E Class"" Petrol AT site:v3cars.com mileage","""Mercedes Benz E Class"" Petrol AT site:carwale.com mileage",,,,,,,mercedes-benz_e-class__mercedes-benz-e-class-celebration-edition__petrol_automatic | mercedes-benz_e-class__mercedes-benz-e-class-e-450__petrol_automatic
Mercedes Benz,G Class,Diesel,Automatic,AT,325.86bhp_700nm,2,Mercedes Benz G Class Mercedes-Benz G-Class 400d AMG Line | Mercedes Benz G Class Mercedes-Benz G-Class 400d Adventure Edition,"""Mercedes Benz G Class"" Diesel AT ARAI mileage","""Mercedes Benz G Class"" 325.86bhp 700nm claimed mileage kmpl","""Mercedes Benz G Class"" Diesel AT brochure mileage","""Mercedes Benz G Class"" Diesel AT site:v3cars.com mileage","""Mercedes Benz G Class"" Diesel AT site:carwale.com mileage",,,,,,,mercedes-benz_g-class__mercedes-benz-g-class-400d-amg-line__diesel_automatic | mercedes-benz_g-class__mercedes-benz-g-class-400d-adventure-edition__diesel_automatic
Mercedes Benz,Gle,Diesel,Automatic,AT,265.52bhp_550nm,2,Mercedes Benz Gle Mercedes-Benz GLE 300d 4Matic AMG Line | Mercedes Benz Gle Mercedes-Benz GLE 300d Night Edition,"""Mercedes Benz Gle"" Diesel AT ARAI mileage","""Mercedes Benz Gle"" 265.52bhp 550nm claimed mileage kmpl","""Mercedes Benz Gle"" Diesel AT brochure mileage","""Mercedes Benz Gle"" Diesel AT site:v3cars.com mileage","""Mercedes Benz Gle"" Diesel AT site:carwale.com mileage",,,,,,,mercedes-benz_gle__mercedes-benz-gle-300d-4matic-amg-line__diesel_automatic | mercedes-benz_gle__mercedes-benz-gle-300d-night-edition__diesel_automatic
Mercedes Benz,Gle,Petrol,Automatic,AT,375.48bhp_500nm,2,Mercedes Benz Gle Mercedes-Benz GLE 450 4Matic | Mercedes Benz Gle Mercedes-Benz GLE 450 Night Edition,"""Mercedes Benz Gle"" Petrol AT ARAI mileage","""Mercedes Benz Gle"" 375.48bhp 500nm claimed mileage kmpl","""Mercedes Benz Gle"" Petrol AT brochure mileage","""Mercedes Benz Gle"" Petrol AT site:v3cars.com mileage","""Mercedes Benz Gle"" Petrol AT site:carwale.com mileage",,,,,,,mercedes-benz_gle__mercedes-benz-gle-450-4matic__petrol_automatic | mercedes-benz_gle__mercedes-benz-gle-450-night-edition__petrol_automatic
Mini,Cooper Convertible,Petrol,Automatic,AT,201bhp_300nm,2,Mini Cooper Convertible JCW Pack | Mini Cooper Convertible S,"""Mini Cooper Convertible"" Petrol AT ARAI mileage","""Mini Cooper Convertible"" 201bhp 300nm claimed mileage kmpl","""Mini Cooper Convertible"" Petrol AT brochure mileage","""Mini Cooper Convertible"" Petrol AT site:v3cars.com mileage","""Mini Cooper Convertible"" Petrol AT site:carwale.com mileage",,,,,,,mini_cooper-convertible__jcw-pack__petrol_automatic | mini_cooper-convertible__s__petrol_automatic
Porsche,911,Petrol,Automatic,AT,641bhp_800nm_turbo,2,Porsche 911 Turbo 50 Years | Porsche 911 Turbo S,"""Porsche 911"" Petrol AT ARAI mileage","""Porsche 911"" 641bhp 800nm turbo claimed mileage kmpl","""Porsche 911"" Petrol AT brochure mileage","""Porsche 911"" Petrol AT site:v3cars.com mileage","""Porsche 911"" Petrol AT site:carwale.com mileage",,,,,,,porsche_911__turbo-50-years__petrol_automatic | porsche_911__turbo-s__petrol_automatic
Tata,Punch,Petrol,Manual,MT,118bhp_170nm_turbo,2,Tata Punch Accomplished Plus S Turbo | Tata Punch Adventure Turbo,"""Tata Punch"" Petrol MT ARAI mileage","""Tata Punch"" 118bhp 170nm turbo claimed mileage kmpl","""Tata Punch"" Petrol MT brochure mileage","""Tata Punch"" Petrol MT site:v3cars.com mileage","""Tata Punch"" Petrol MT site:carwale.com mileage",,,,,,,tata_punch__accomplished-plus-s-turbo__petrol_manual | tata_punch__adventure-turbo__petrol_manual
Toyota,Fortuner Legender,Diesel,Automatic,AT,201.15bhp_500nm,2,Toyota Fortuner Legender 4x2 AT | Toyota Fortuner Legender Neo Drive,"""Toyota Fortuner Legender"" Diesel AT ARAI mileage","""Toyota Fortuner Legender"" 201.15bhp 500nm claimed mileage kmpl","""Toyota Fortuner Legender"" Diesel AT brochure mileage","""Toyota Fortuner Legender"" Diesel AT site:v3cars.com mileage","""Toyota Fortuner Legender"" Diesel AT site:carwale.com mileage",14.4,,,https://www.carwale.com/toyota-cars/fortuner-legender/mileage/,,,toyota_fortuner-legender__4x2-at__diesel_automatic | toyota_fortuner-legender__neo-drive__diesel_automatic
Toyota,Hilux,Diesel,Manual,MT,201.15bhp_420nm,2,Toyota Hilux High | Toyota Hilux STD,"""Toyota Hilux"" Diesel MT ARAI mileage","""Toyota Hilux"" 201.15bhp 420nm claimed mileage kmpl","""Toyota Hilux"" Diesel MT brochure mileage","""Toyota Hilux"" Diesel MT site:v3cars.com mileage","""Toyota Hilux"" Diesel MT site:carwale.com mileage",12,,,https://www.bajajfinserv.in/toyota-hilux-mileage,,,toyota_hilux__high__diesel_manual | toyota_hilux__std__diesel_manual
Toyota,Vellfire,Petrol,Automatic,AT,190.42bhp_240nm,2,Toyota Vellfire Hi | Toyota Vellfire VIP Executive Lounge,"""Toyota Vellfire"" Petrol AT ARAI mileage","""Toyota Vellfire"" 190.42bhp 240nm claimed mileage kmpl","""Toyota Vellfire"" Petrol AT brochure mileage","""Toyota Vellfire"" Petrol AT site:v3cars.com mileage","""Toyota Vellfire"" Petrol AT site:carwale.com mileage",19.28,,,https://www.carwale.com/toyota-cars/vellfire/,,,toyota_vellfire__hi__petrol_automatic | toyota_vellfire__vip-executive-lounge__petrol_automatic
Aston Martin,Db12,Petrol,Automatic,AT,670.69bhp_800nm,1,Aston Martin Db12 Coupe,"""Aston Martin Db12"" Petrol AT ARAI mileage","""Aston Martin Db12"" 670.69bhp 800nm claimed mileage kmpl","""Aston Martin Db12"" Petrol AT brochure mileage","""Aston Martin Db12"" Petrol AT site:v3cars.com mileage","""Aston Martin Db12"" Petrol AT site:carwale.com mileage",,,,,,,aston-martin_db12__coupe__petrol_automatic
Aston Martin,Dbx,Petrol,Automatic,AT,542bhp_700nm,1,Aston Martin Dbx V8,"""Aston Martin Dbx"" Petrol AT ARAI mileage","""Aston Martin Dbx"" 542bhp 700nm claimed mileage kmpl","""Aston Martin Dbx"" Petrol AT brochure mileage","""Aston Martin Dbx"" Petrol AT site:v3cars.com mileage","""Aston Martin Dbx"" Petrol AT site:carwale.com mileage",,,,,,,aston-martin_dbx__v8__petrol_automatic
Aston Martin,Dbx,Petrol,Automatic,AT,697bhp_900nm,1,Aston Martin Dbx 707,"""Aston Martin Dbx"" Petrol AT ARAI mileage","""Aston Martin Dbx"" 697bhp 900nm claimed mileage kmpl","""Aston Martin Dbx"" Petrol AT brochure mileage","""Aston Martin Dbx"" Petrol AT site:v3cars.com mileage","""Aston Martin Dbx"" Petrol AT site:carwale.com mileage",,,,,,,aston-martin_dbx__707__petrol_automatic
Aston Martin,Vanquish,Petrol,Automatic,AT,824bhp_1000nm,1,Aston Martin Vanquish V12,"""Aston Martin Vanquish"" Petrol AT ARAI mileage","""Aston Martin Vanquish"" 824bhp 1000nm claimed mileage kmpl","""Aston Martin Vanquish"" Petrol AT brochure mileage","""Aston Martin Vanquish"" Petrol AT site:v3cars.com mileage","""Aston Martin Vanquish"" Petrol AT site:carwale.com mileage",,,,,,,aston-martin_vanquish__v12__petrol_automatic
Aston Martin,Vantage,Petrol,Automatic,AT,656bhp_800nm,1,Aston Martin Vantage V8,"""Aston Martin Vantage"" Petrol AT ARAI mileage","""Aston Martin Vantage"" 656bhp 800nm claimed mileage kmpl","""Aston Martin Vantage"" Petrol AT brochure mileage","""Aston Martin Vantage"" Petrol AT site:v3cars.com mileage","""Aston Martin Vantage"" Petrol AT site:carwale.com mileage",,,,,,,aston-martin_vantage__v8__petrol_automatic
Audi,Q3 Sportback,Petrol,Automatic,AT,187.74bhp_320nm,1,Audi Q3 Sportback 40TFSI Quattro,"""Audi Q3 Sportback"" Petrol AT ARAI mileage","""Audi Q3 Sportback"" 187.74bhp 320nm claimed mileage kmpl","""Audi Q3 Sportback"" Petrol AT brochure mileage","""Audi Q3 Sportback"" Petrol AT site:v3cars.com mileage","""Audi Q3 Sportback"" Petrol AT site:carwale.com mileage",,,,,,,audi_q3-sportback__40tfsi-quattro__petrol_automatic
Audi,Q8,Petrol,Automatic,AT,335bhp_500nm,1,Audi Q8 Quattro,"""Audi Q8"" Petrol AT ARAI mileage","""Audi Q8"" 335bhp 500nm claimed mileage kmpl","""Audi Q8"" Petrol AT brochure mileage","""Audi Q8"" Petrol AT site:v3cars.com mileage","""Audi Q8"" Petrol AT site:carwale.com mileage",,,,,,,audi_q8__quattro__petrol_automatic
Audi,Sq8,Petrol,Automatic,AT,500bhp_770nm,1,Audi Sq8 V8 TFSI,"""Audi Sq8"" Petrol AT ARAI mileage","""Audi Sq8"" 500bhp 770nm claimed mileage kmpl","""Audi Sq8"" Petrol AT brochure mileage","""Audi Sq8"" Petrol AT site:v3cars.com mileage","""Audi Sq8"" Petrol AT site:carwale.com mileage",,,,,,,audi_sq8__v8-tfsi__petrol_automatic
Bmw,5 Series,Petrol,Automatic,AT,255bhp_400nm,1,Bmw 5 Series 530Li,"""Bmw 5 Series"" Petrol AT ARAI mileage","""Bmw 5 Series"" 255bhp 400nm claimed mileage kmpl","""Bmw 5 Series"" Petrol AT brochure mileage","""Bmw 5 Series"" Petrol AT site:v3cars.com mileage","""Bmw 5 Series"" Petrol AT site:carwale.com mileage",,,,,,,bmw_5-series__530li__petrol_automatic
Bmw,7 Series,Diesel,Automatic,AT,375.48bhp_520nm,1,Bmw 7 Series 740d M Sport,"""Bmw 7 Series"" Diesel AT ARAI mileage","""Bmw 7 Series"" 375.48bhp 520nm claimed mileage kmpl","""Bmw 7 Series"" Diesel AT brochure mileage","""Bmw 7 Series"" Diesel AT site:v3cars.com mileage","""Bmw 7 Series"" Diesel AT site:carwale.com mileage",,,,,,,bmw_7-series__740d-m-sport__diesel_automatic
Bmw,7 Series,Petrol,Automatic,AT,375.48bhp_520nm,1,Bmw 7 Series 740i M Sport,"""Bmw 7 Series"" Petrol AT ARAI mileage","""Bmw 7 Series"" 375.48bhp 520nm claimed mileage kmpl","""Bmw 7 Series"" Petrol AT brochure mileage","""Bmw 7 Series"" Petrol AT site:v3cars.com mileage","""Bmw 7 Series"" Petrol AT site:carwale.com mileage",,,,,,,bmw_7-series__740i-m-sport__petrol_automatic
Bmw,M4 Cs,Petrol,Automatic,AT,543bhp_650nm,1,Bmw M4 Cs xDrive,"""Bmw M4 Cs"" Petrol AT ARAI mileage","""Bmw M4 Cs"" 543bhp 650nm claimed mileage kmpl","""Bmw M4 Cs"" Petrol AT brochure mileage","""Bmw M4 Cs"" Petrol AT site:v3cars.com mileage","""Bmw M4 Cs"" Petrol AT site:carwale.com mileage",,,,,,,bmw_m4-cs__xdrive__petrol_automatic
Bmw,M440i,Petrol,Automatic,AT,369bhp_500nm,1,Bmw M440I xDrive Convertible,"""Bmw M440i"" Petrol AT ARAI mileage","""Bmw M440i"" 369bhp 500nm claimed mileage kmpl","""Bmw M440i"" Petrol AT brochure mileage","""Bmw M440i"" Petrol AT site:v3cars.com mileage","""Bmw M440i"" Petrol AT site:carwale.com mileage",,,,,,,bmw_m440i__xdrive-convertible__petrol_automatic
Bmw,Z4,Petrol,Manual,MT,335bhp_500nm,1,Bmw Z4 M40i Pure Impulse,"""Bmw Z4"" Petrol MT ARAI mileage","""Bmw Z4"" 335bhp 500nm claimed mileage kmpl","""Bmw Z4"" Petrol MT brochure mileage","""Bmw Z4"" Petrol MT site:v3cars.com mileage","""Bmw Z4"" Petrol MT site:carwale.com mileage",,,,,,,bmw_z4__m40i-pure-impulse__petrol_manual
Ferrari,812,Petrol,Automatic,AT,788.52bhp_718nm,1,Ferrari 812 GTS,"""Ferrari 812"" Petrol AT ARAI mileage","""Ferrari 812"" 788.52bhp 718nm claimed mileage kmpl","""Ferrari 812"" Petrol AT brochure mileage","""Ferrari 812"" Petrol AT site:v3cars.com mileage","""Ferrari 812"" Petrol AT site:carwale.com mileage",,,,,,,ferrari_812__gts__petrol_automatic
Ferrari,296 Gtb,Petrol,Automatic,AT,818bhp_740nm_hybrid,1,Ferrari 296 Gtb V6 hybrid,"""Ferrari 296 Gtb"" Petrol AT ARAI mileage","""Ferrari 296 Gtb"" 818bhp 740nm hybrid claimed mileage kmpl","""Ferrari 296 Gtb"" Petrol AT brochure mileage","""Ferrari 296 Gtb"" Petrol AT site:v3cars.com mileage","""Ferrari 296 Gtb"" Petrol AT site:carwale.com mileage",,,,,,,ferrari_296-gtb__v6-hybrid__petrol_automatic
Ferrari,849 Testarossa,Petrol,Automatic,AT,1035bhp_842nm,1,Ferrari 849 Testarossa V8,"""Ferrari 849 Testarossa"" Petrol AT ARAI mileage","""Ferrari 849 Testarossa"" 1035bhp 842nm claimed mileage kmpl","""Ferrari 849 Testarossa"" Petrol AT brochure mileage","""Ferrari 849 Testarossa"" Petrol AT site:v3cars.com mileage","""Ferrari 849 Testarossa"" Petrol AT site:carwale.com mileage",,,,,,,ferrari_849-testarossa__v8__petrol_automatic
Ferrari,Amalfi,Petrol,Automatic,AT,631.24bhp_760nm,1,Ferrari Amalfi V8,"""Ferrari Amalfi"" Petrol AT ARAI mileage","""Ferrari Amalfi"" 631.24bhp 760nm claimed mileage kmpl","""Ferrari Amalfi"" Petrol AT brochure mileage","""Ferrari Amalfi"" Petrol AT site:v3cars.com mileage","""Ferrari Amalfi"" Petrol AT site:carwale.com mileage",,,,,,,ferrari_amalfi__v8__petrol_automatic
Ferrari,F8 Tributo,Petrol,Automatic,AT,710.74bhp_770nm_turbo,1,Ferrari F8 Tributo V8 Turbo,"""Ferrari F8 Tributo"" Petrol AT ARAI mileage","""Ferrari F8 Tributo"" 710.74bhp 770nm turbo claimed mileage kmpl","""Ferrari F8 Tributo"" Petrol AT brochure mileage","""Ferrari F8 Tributo"" Petrol AT site:v3cars.com mileage","""Ferrari F8 Tributo"" Petrol AT site:carwale.com mileage",,,,,,,ferrari_f8-tributo__v8-turbo__petrol_automatic
Ferrari,Roma,Petrol,Automatic,AT,611.5bhp_760nm,1,Ferrari Roma Coupe V8,"""Ferrari Roma"" Petrol AT ARAI mileage","""Ferrari Roma"" 611.5bhp 760nm claimed mileage kmpl","""Ferrari Roma"" Petrol AT brochure mileage","""Ferrari Roma"" Petrol AT site:v3cars.com mileage","""Ferrari Roma"" Petrol AT site:carwale.com mileage",,,,,,,ferrari_roma__coupe-v8__petrol_automatic
Ferrari,Sf90 Stradale,Petrol,Automatic,AT,769.31bhp_800nm,1,Ferrari Sf90 Stradale Coupe V8,"""Ferrari Sf90 Stradale"" Petrol AT ARAI mileage","""Ferrari Sf90 Stradale"" 769.31bhp 800nm claimed mileage kmpl","""Ferrari Sf90 Stradale"" Petrol AT brochure mileage","""Ferrari Sf90 Stradale"" Petrol AT site:v3cars.com mileage","""Ferrari Sf90 Stradale"" Petrol AT site:carwale.com mileage",,,,,,,ferrari_sf90-stradale__coupe-v8__petrol_automatic
Force,Gurkha,Diesel,Manual,MT,138bhp_320nm_diesel,1,Force Gurkha 2.6 Diesel,"""Force Gurkha"" Diesel MT ARAI mileage","""Force Gurkha"" 138bhp 320nm diesel claimed mileage kmpl","""Force Gurkha"" Diesel MT brochure mileage","""Force Gurkha"" Diesel MT site:v3cars.com mileage","""Force Gurkha"" Diesel MT site:carwale.com mileage",,,,,,,force_gurkha__2-6-diesel__diesel_manual
Force,Gurkha 5 Door,Diesel,Manual,MT,138.08bhp_320nm_diesel,1,Force Gurkha 5 Door Diesel,"""Force Gurkha 5 Door"" Diesel MT ARAI mileage","""Force Gurkha 5 Door"" 138.08bhp 320nm diesel claimed mileage kmpl","""Force Gurkha 5 Door"" Diesel MT brochure mileage","""Force Gurkha 5 Door"" Diesel MT site:v3cars.com mileage","""Force Gurkha 5 Door"" Diesel MT site:carwale.com mileage",,,,,,,force_gurkha-5-door__diesel__diesel_manual
Hyundai,I20 N Line,Petrol,Manual,MT,118bhp_172nm,1,Hyundai I20 N Line i20 N-Line N8,"""Hyundai I20 N Line"" Petrol MT ARAI mileage","""Hyundai I20 N Line"" 118bhp 172nm claimed mileage kmpl","""Hyundai I20 N Line"" Petrol MT brochure mileage","""Hyundai I20 N Line"" Petrol MT site:v3cars.com mileage","""Hyundai I20 N Line"" Petrol MT site:carwale.com mileage",,,,,,,hyundai_i20-n-line__i20-n-line-n8__petrol_manual
Hyundai,Prime Hb,Cng,Manual,MT,67.72bhp_95.2nm_cng,1,Hyundai Prime Hb CNG,"""Hyundai Prime Hb"" Cng MT ARAI mileage","""Hyundai Prime Hb"" 67.72bhp 95.2nm cng claimed mileage kmpl","""Hyundai Prime Hb"" Cng MT brochure mileage","""Hyundai Prime Hb"" Cng MT site:v3cars.com mileage","""Hyundai Prime Hb"" Cng MT site:carwale.com mileage",,,,,,,hyundai_prime-hb__cng__cng_manual
Hyundai,Prime Sd,Cng,Manual,MT,67.72bhp_95.2nm_cng,1,Hyundai Prime Sd CNG,"""Hyundai Prime Sd"" Cng MT ARAI mileage","""Hyundai Prime Sd"" 67.72bhp 95.2nm cng claimed mileage kmpl","""Hyundai Prime Sd"" Cng MT brochure mileage","""Hyundai Prime Sd"" Cng MT site:v3cars.com mileage","""Hyundai Prime Sd"" Cng MT site:carwale.com mileage",,,,,,,hyundai_prime-sd__cng__cng_manual
Isuzu,Hi Lander,Diesel,Automatic,AT,160.92bhp_360nm,1,Isuzu Hi Lander Hi-Lander 4x2 AT,"""Isuzu Hi Lander"" Diesel AT ARAI mileage","""Isuzu Hi Lander"" 160.92bhp 360nm claimed mileage kmpl","""Isuzu Hi Lander"" Diesel AT brochure mileage","""Isuzu Hi Lander"" Diesel AT site:v3cars.com mileage","""Isuzu Hi Lander"" Diesel AT site:carwale.com mileage",,,,,,,isuzu_hi-lander__hi-lander-4x2-at__diesel_automatic
Isuzu,Hi Lander,Diesel,Manual,MT,160.92bhp_360nm,1,Isuzu Hi Lander Hi-Lander 4x2 MT,"""Isuzu Hi Lander"" Diesel MT ARAI mileage","""Isuzu Hi Lander"" 160.92bhp 360nm claimed mileage kmpl","""Isuzu Hi Lander"" Diesel MT brochure mileage","""Isuzu Hi Lander"" Diesel MT site:v3cars.com mileage","""Isuzu Hi Lander"" Diesel MT site:carwale.com mileage",,,,,,,isuzu_hi-lander__hi-lander-4x2-mt__diesel_manual
Isuzu,S Cab Z,Diesel,Manual,MT,77.77bhp_176nm,1,Isuzu S Cab Z S-CAB Z 4x2 MT,"""Isuzu S Cab Z"" Diesel MT ARAI mileage","""Isuzu S Cab Z"" 77.77bhp 176nm claimed mileage kmpl","""Isuzu S Cab Z"" Diesel MT brochure mileage","""Isuzu S Cab Z"" Diesel MT site:v3cars.com mileage","""Isuzu S Cab Z"" Diesel MT site:carwale.com mileage",,,,,,,isuzu_s-cab-z__s-cab-z-4x2-mt__diesel_manual
Isuzu,V Cross,Diesel,Automatic,AT,160.92bhp_360nm,1,Isuzu V Cross V-Cross 4x4 Z Prestige AT,"""Isuzu V Cross"" Diesel AT ARAI mileage","""Isuzu V Cross"" 160.92bhp 360nm claimed mileage kmpl","""Isuzu V Cross"" Diesel AT brochure mileage","""Isuzu V Cross"" Diesel AT site:v3cars.com mileage","""Isuzu V Cross"" Diesel AT site:carwale.com mileage",,,,,,,isuzu_v-cross__v-cross-4x4-z-prestige-at__diesel_automatic
Jaguar,F Pace,Diesel,Automatic,AT,201.15bhp_430nm_diesel,1,Jaguar F Pace F-Pace 2.0 R-Dynamic S Diesel,"""Jaguar F Pace"" Diesel AT ARAI mileage","""Jaguar F Pace"" 201.15bhp 430nm diesel claimed mileage kmpl","""Jaguar F Pace"" Diesel AT brochure mileage","""Jaguar F Pace"" Diesel AT site:v3cars.com mileage","""Jaguar F Pace"" Diesel AT site:carwale.com mileage",,,,,,,jaguar_f-pace__f-pace-2-0-r-dynamic-s-diesel__diesel_automatic
Jaguar,F Pace,Petrol,Automatic,AT,246.74bhp_365nm,1,Jaguar F Pace F-Pace 2.0 R-Dynamic S,"""Jaguar F Pace"" Petrol AT ARAI mileage","""Jaguar F Pace"" 246.74bhp 365nm claimed mileage kmpl","""Jaguar F Pace"" Petrol AT brochure mileage","""Jaguar F Pace"" Petrol AT site:v3cars.com mileage","""Jaguar F Pace"" Petrol AT site:carwale.com mileage",,,,,,,jaguar_f-pace__f-pace-2-0-r-dynamic-s__petrol_automatic
Jeep,Grand Cherokee,Petrol,Automatic,AT,268.27bhp_400nm,1,Jeep Grand Cherokee Limited Opt,"""Jeep Grand Cherokee"" Petrol AT ARAI mileage","""Jeep Grand Cherokee"" 268.27bhp 400nm claimed mileage kmpl","""Jeep Grand Cherokee"" Petrol AT brochure mileage","""Jeep Grand Cherokee"" Petrol AT site:v3cars.com mileage","""Jeep Grand Cherokee"" Petrol AT site:carwale.com mileage",,,,,,,jeep_grand-cherokee__limited-opt__petrol_automatic
Jeep,Meridian,Diesel,Automatic,AT,172.36bhp_350nm,1,Jeep Meridian Track Edition 4x4 AT,"""Jeep Meridian"" Diesel AT ARAI mileage","""Jeep Meridian"" 172.36bhp 350nm claimed mileage kmpl","""Jeep Meridian"" Diesel AT brochure mileage","""Jeep Meridian"" Diesel AT site:v3cars.com mileage","""Jeep Meridian"" Diesel AT site:carwale.com mileage",,,,,,,jeep_meridian__track-edition-4x4-at__diesel_automatic
Kia,Carens,Petrol,Manual,MT,113.42bhp_144nm,1,Kia Carens Premium Opt,"""Kia Carens"" Petrol MT ARAI mileage","""Kia Carens"" 113.42bhp 144nm claimed mileage kmpl","""Kia Carens"" Petrol MT brochure mileage","""Kia Carens"" Petrol MT site:v3cars.com mileage","""Kia Carens"" Petrol MT site:carwale.com mileage",,,,,,,kia_carens__premium-opt__petrol_manual
Kia,Carens,Cng,Manual,MT,113.42bhp_144nm_cng,1,Kia Carens Premium Opt CNG,"""Kia Carens"" Cng MT ARAI mileage","""Kia Carens"" 113.42bhp 144nm cng claimed mileage kmpl","""Kia Carens"" Cng MT brochure mileage","""Kia Carens"" Cng MT site:v3cars.com mileage","""Kia Carens"" Cng MT site:carwale.com mileage",,,,,,,kia_carens__premium-opt-cng__cng_manual
Kia,Carens,Diesel,Manual,MT,114.41bhp_250nm_diesel,1,Kia Carens Premium Opt Diesel,"""Kia Carens"" Diesel MT ARAI mileage","""Kia Carens"" 114.41bhp 250nm diesel claimed mileage kmpl","""Kia Carens"" Diesel MT brochure mileage","""Kia Carens"" Diesel MT site:v3cars.com mileage","""Kia Carens"" Diesel MT site:carwale.com mileage",,,,,,,kia_carens__premium-opt-diesel__diesel_manual
Kia,Seltos,Petrol,Manual,MT,113bhp_114nm,1,Kia Seltos HTK Opt,"""Kia Seltos"" Petrol MT ARAI mileage","""Kia Seltos"" 113bhp 114nm claimed mileage kmpl","""Kia Seltos"" Petrol MT brochure mileage","""Kia Seltos"" Petrol MT site:v3cars.com mileage","""Kia Seltos"" Petrol MT site:carwale.com mileage",17,,,https://www.cardekho.com/india-car-news/heres-how-fuel-efficient-the-facelifted-kia-seltos-is-31186.htm,,,kia_seltos__htk-opt__petrol_manual
Kia,Syros,Petrol,Manual,MT,118bhp_250nm_turbo,1,Kia Syros HTK Plus Opt Turbo,"""Kia Syros"" Petrol MT ARAI mileage","""Kia Syros"" 118bhp 250nm turbo claimed mileage kmpl","""Kia Syros"" Petrol MT brochure mileage","""Kia Syros"" Petrol MT site:v3cars.com mileage","""Kia Syros"" Petrol MT site:carwale.com mileage",18.2,,,https://www.autocarindia.com/cars/kia/syros/mileage,,,kia_syros__htk-plus-opt-turbo__petrol_manual
Lamborghini,Huracan Evo,Petrol,Automatic,AT,602.11bhp_560nm,1,Lamborghini Huracan Evo Sterrato,"""Lamborghini Huracan Evo"" Petrol AT ARAI mileage","""Lamborghini Huracan Evo"" 602.11bhp 560nm claimed mileage kmpl","""Lamborghini Huracan Evo"" Petrol AT brochure mileage","""Lamborghini Huracan Evo"" Petrol AT site:v3cars.com mileage","""Lamborghini Huracan Evo"" Petrol AT site:carwale.com mileage",,,,,,,lamborghini_huracan-evo__sterrato__petrol_automatic
Lamborghini,Huracan Evo,Petrol,Automatic,AT,630.3bhp_600nm,1,Lamborghini Huracan Evo Spyder,"""Lamborghini Huracan Evo"" Petrol AT ARAI mileage","""Lamborghini Huracan Evo"" 630.3bhp 600nm claimed mileage kmpl","""Lamborghini Huracan Evo"" Petrol AT brochure mileage","""Lamborghini Huracan Evo"" Petrol AT site:v3cars.com mileage","""Lamborghini Huracan Evo"" Petrol AT site:carwale.com mileage",,,,,,,lamborghini_huracan-evo__spyder__petrol_automatic
Lamborghini,Revuelto,Petrol,Automatic,AT,1001.11bhp_725nm,1,Lamborghini Revuelto LB 744,"""Lamborghini Revuelto"" Petrol AT ARAI mileage","""Lamborghini Revuelto"" 1001.11bhp 725nm claimed mileage kmpl","""Lamborghini Revuelto"" Petrol AT brochure mileage","""Lamborghini Revuelto"" Petrol AT site:v3cars.com mileage","""Lamborghini Revuelto"" Petrol AT site:carwale.com mileage",,,,,,,lamborghini_revuelto__lb-744__petrol_automatic
Lamborghini,Temerario,Petrol,Automatic,AT,907bhp_730nm_hybrid,1,Lamborghini Temerario V8 Hybrid,"""Lamborghini Temerario"" Petrol AT ARAI mileage","""Lamborghini Temerario"" 907bhp 730nm hybrid claimed mileage kmpl","""Lamborghini Temerario"" Petrol AT brochure mileage","""Lamborghini Temerario"" Petrol AT site:v3cars.com mileage","""Lamborghini Temerario"" Petrol AT site:carwale.com mileage",,,,,,,lamborghini_temerario__v8-hybrid__petrol_automatic
Lamborghini,Urus,Petrol,Automatic,AT,657.1bhp_850nm_hybrid,1,Lamborghini Urus SE Plugin Hybrid,"""Lamborghini Urus"" Petrol AT ARAI mileage","""Lamborghini Urus"" 657.1bhp 850nm hybrid claimed mileage kmpl","""Lamborghini Urus"" Petrol AT brochure mileage","""Lamborghini Urus"" Petrol AT site:v3cars.com mileage","""Lamborghini Urus"" Petrol AT site:carwale.com mileage",,,,,,,lamborghini_urus__se-plugin-hybrid__petrol_automatic
Land,Rover Discovery Sport,Diesel,Automatic,AT,201bhp_430nm_diesel,1,Land Rover Discovery Sport Dynamic SE Diesel,"""Land Rover Discovery Sport"" Diesel AT ARAI mileage","""Land Rover Discovery Sport"" 201bhp 430nm diesel claimed mileage kmpl","""Land Rover Discovery Sport"" Diesel AT brochure mileage","""Land Rover Discovery Sport"" Diesel AT site:v3cars.com mileage","""Land Rover Discovery Sport"" Diesel AT site:carwale.com mileage",,,,,,,land_rover-discovery-sport__dynamic-se-diesel__diesel_automatic
Land,Rover Discovery Sport,Petrol,Automatic,AT,247bhp_365nm,1,Land Rover Discovery Sport Dynamic SE,"""Land Rover Discovery Sport"" Petrol AT ARAI mileage","""Land Rover Discovery Sport"" 247bhp 365nm claimed mileage kmpl","""Land Rover Discovery Sport"" Petrol AT brochure mileage","""Land Rover Discovery Sport"" Petrol AT site:v3cars.com mileage","""Land Rover Discovery Sport"" Petrol AT site:carwale.com mileage",,,,,,,land_rover-discovery-sport__dynamic-se__petrol_automatic
Land Rover,Defender,Petrol,Automatic,AT,296.3bhp_400nm_petrol_0l,1,Land Rover Defender 2.0 l Petrol 110 X-Dynamic HSE,"""Land Rover Defender"" Petrol AT ARAI mileage","""Land Rover Defender"" 296.3bhp 400nm petrol 0l claimed mileage kmpl","""Land Rover Defender"" Petrol AT brochure mileage","""Land Rover Defender"" Petrol AT site:v3cars.com mileage","""Land Rover Defender"" Petrol AT site:carwale.com mileage",,,,,,,land-rover_defender__2-0-l-petrol-110-x-dynamic-hse__petrol_automatic
Land Rover,Range Rover,Diesel,Automatic,AT,346bhp_700nm_diesel,1,Land Rover Range Rover 3.0 I Diesel LWB HSE,"""Land Rover Range Rover"" Diesel AT ARAI mileage","""Land Rover Range Rover"" 346bhp 700nm diesel claimed mileage kmpl","""Land Rover Range Rover"" Diesel AT brochure mileage","""Land Rover Range Rover"" Diesel AT site:v3cars.com mileage","""Land Rover Range Rover"" Diesel AT site:carwale.com mileage",,,,,,,land-rover_range-rover__3-0-i-diesel-lwb-hse__diesel_automatic
Land Rover,Range Rover,Petrol,Automatic,AT,394bhp_550nm,1,Land Rover Range Rover 3.0 I LWB Autobiography,"""Land Rover Range Rover"" Petrol AT ARAI mileage","""Land Rover Range Rover"" 394bhp 550nm claimed mileage kmpl","""Land Rover Range Rover"" Petrol AT brochure mileage","""Land Rover Range Rover"" Petrol AT site:v3cars.com mileage","""Land Rover Range Rover"" Petrol AT site:carwale.com mileage",,,,,,,land-rover_range-rover__3-0-i-lwb-autobiography__petrol_automatic
Land Rover,Range Rover,Diesel,Automatic,AT,394bhp_700nm_diesel_0l,1,Land Rover Range Rover 3.0 l Diesel LWB SV,"""Land Rover Range Rover"" Diesel AT ARAI mileage","""Land Rover Range Rover"" 394bhp 700nm diesel 0l claimed mileage kmpl","""Land Rover Range Rover"" Diesel AT brochure mileage","""Land Rover Range Rover"" Diesel AT site:v3cars.com mileage","""Land Rover Range Rover"" Diesel AT site:carwale.com mileage",,,,,,,land-rover_range-rover__3-0-l-diesel-lwb-sv__diesel_automatic
Land Rover,Range Rover,Petrol,Automatic,AT,606bhp_750nm_petrol_4l,1,Land Rover Range Rover 4.4 l Petrol LWB SV,"""Land Rover Range Rover"" Petrol AT ARAI mileage","""Land Rover Range Rover"" 606bhp 750nm petrol 4l claimed mileage kmpl","""Land Rover Range Rover"" Petrol AT brochure mileage","""Land Rover Range Rover"" Petrol AT site:v3cars.com mileage","""Land Rover Range Rover"" Petrol AT site:carwale.com mileage",,,,,,,land-rover_range-rover__4-4-l-petrol-lwb-sv__petrol_automatic
Land Rover,Range Rover Evoque,Diesel,Automatic,AT,201bhp_430nm_diesel,1,Land Rover Range Rover Evoque Autobiography Diesel,"""Land Rover Range Rover Evoque"" Diesel AT ARAI mileage","""Land Rover Range Rover Evoque"" 201bhp 430nm diesel claimed mileage kmpl","""Land Rover Range Rover Evoque"" Diesel AT brochure mileage","""Land Rover Range Rover Evoque"" Diesel AT site:v3cars.com mileage","""Land Rover Range Rover Evoque"" Diesel AT site:carwale.com mileage",,,,,,,land-rover_range-rover-evoque__autobiography-diesel__diesel_automatic
Land Rover,Range Rover Sport,Diesel,Automatic,AT,345.98bhp_700nm_diesel_0l,1,Land Rover Range Rover Sport 3.0 l Diesel Dynamic HSE,"""Land Rover Range Rover Sport"" Diesel AT ARAI mileage","""Land Rover Range Rover Sport"" 345.98bhp 700nm diesel 0l claimed mileage kmpl","""Land Rover Range Rover Sport"" Diesel AT brochure mileage","""Land Rover Range Rover Sport"" Diesel AT site:v3cars.com mileage","""Land Rover Range Rover Sport"" Diesel AT site:carwale.com mileage",,,,,,,land-rover_range-rover-sport__3-0-l-diesel-dynamic-hse__diesel_automatic
Land Rover,Range Rover Sport,Petrol,Automatic,AT,345.98bhp_700nm_petrol_0l,1,Land Rover Range Rover Sport 3.0 l Petrol Dynamic HSE,"""Land Rover Range Rover Sport"" Petrol AT ARAI mileage","""Land Rover Range Rover Sport"" 345.98bhp 700nm petrol 0l claimed mileage kmpl","""Land Rover Range Rover Sport"" Petrol AT brochure mileage","""Land Rover Range Rover Sport"" Petrol AT site:v3cars.com mileage","""Land Rover Range Rover Sport"" Petrol AT site:carwale.com mileage",,,,,,,land-rover_range-rover-sport__3-0-l-petrol-dynamic-hse__petrol_automatic
Land Rover,Range Rover Sport,Diesel,Automatic,AT,346bhp_700nm_diesel_0l,1,Land Rover Range Rover Sport 3.0l Autobiography Diesel,"""Land Rover Range Rover Sport"" Diesel AT ARAI mileage","""Land Rover Range Rover Sport"" 346bhp 700nm diesel 0l claimed mileage kmpl","""Land Rover Range Rover Sport"" Diesel AT brochure mileage","""Land Rover Range Rover Sport"" Diesel AT site:v3cars.com mileage","""Land Rover Range Rover Sport"" Diesel AT site:carwale.com mileage",,,,,,,land-rover_range-rover-sport__3-0l-autobiography-diesel__diesel_automatic
Land Rover,Range Rover Sport,Petrol,Automatic,AT,394bhp_550nm_petrol_0l,1,Land Rover Range Rover Sport 3.0l Autobiography Petrol,"""Land Rover Range Rover Sport"" Petrol AT ARAI mileage","""Land Rover Range Rover Sport"" 394bhp 550nm petrol 0l claimed mileage kmpl","""Land Rover Range Rover Sport"" Petrol AT brochure mileage","""Land Rover Range Rover Sport"" Petrol AT site:v3cars.com mileage","""Land Rover Range Rover Sport"" Petrol AT site:carwale.com mileage",,,,,,,land-rover_range-rover-sport__3-0l-autobiography-petrol__petrol_automatic
Land Rover,Range Rover Sport,Petrol,Automatic,AT,453.26bhp_660nm_0l,1,Land Rover Range Rover Sport 3.0 l PHEV Autobiography,"""Land Rover Range Rover Sport"" Petrol AT ARAI mileage","""Land Rover Range Rover Sport"" 453.26bhp 660nm 0l claimed mileage kmpl","""Land Rover Range Rover Sport"" Petrol AT brochure mileage","""Land Rover Range Rover Sport"" Petrol AT site:v3cars.com mileage","""Land Rover Range Rover Sport"" Petrol AT site:carwale.com mileage",,,,,,,land-rover_range-rover-sport__3-0-l-phev-autobiography__petrol_automatic
Lexus,Rx,Petrol,Automatic,AT,190.42bhp_242nm,1,Lexus Rx 350h Luxury Lexus Premium System,"""Lexus Rx"" Petrol AT ARAI mileage","""Lexus Rx"" 190.42bhp 242nm claimed mileage kmpl","""Lexus Rx"" Petrol AT brochure mileage","""Lexus Rx"" Petrol AT site:v3cars.com mileage","""Lexus Rx"" Petrol AT site:carwale.com mileage",,,,,,,lexus_rx__350h-luxury-lexus-premium-system__petrol_automatic
Lexus,Rx,Petrol,Automatic,AT,268bhp_460nm,1,Lexus Rx 500h F SPORT Lexus Premium System,"""Lexus Rx"" Petrol AT ARAI mileage","""Lexus Rx"" 268bhp 460nm claimed mileage kmpl","""Lexus Rx"" Petrol AT brochure mileage","""Lexus Rx"" Petrol AT site:v3cars.com mileage","""Lexus Rx"" Petrol AT site:carwale.com mileage",,,,,,,lexus_rx__500h-f-sport-lexus-premium-system__petrol_automatic
Lotus,Emira,Petrol,Automatic,AT,400bhp_480nm_turbo,1,Lotus Emira Turbo SE,"""Lotus Emira"" Petrol AT ARAI mileage","""Lotus Emira"" 400bhp 480nm turbo claimed mileage kmpl","""Lotus Emira"" Petrol AT brochure mileage","""Lotus Emira"" Petrol AT site:v3cars.com mileage","""Lotus Emira"" Petrol AT site:carwale.com mileage",,,,,,,lotus_emira__turbo-se__petrol_automatic
Mahindra,Bolero Neo,Diesel,Manual,MT,98.56bhp_260nm,1,Mahindra Bolero Neo N11,"""Mahindra Bolero Neo"" Diesel MT ARAI mileage","""Mahindra Bolero Neo"" 98.56bhp 260nm claimed mileage kmpl","""Mahindra Bolero Neo"" Diesel MT brochure mileage","""Mahindra Bolero Neo"" Diesel MT site:v3cars.com mileage","""Mahindra Bolero Neo"" Diesel MT site:carwale.com mileage",,,,,,,mahindra_bolero-neo__n11__diesel_manual
Mahindra,Thar,Diesel,Automatic,AT,130bhp_300nm_diesel,1,Mahindra Thar LXT 4WD Diesel AT,"""Mahindra Thar"" Diesel AT ARAI mileage","""Mahindra Thar"" 130bhp 300nm diesel claimed mileage kmpl","""Mahindra Thar"" Diesel AT brochure mileage","""Mahindra Thar"" Diesel AT site:v3cars.com mileage","""Mahindra Thar"" Diesel AT site:carwale.com mileage",,,,,,,mahindra_thar__lxt-4wd-diesel-at__diesel_automatic
Mahindra,Thar,Petrol,Manual,MT,150.19bhp_300nm,1,Mahindra Thar LXT 4WD,"""Mahindra Thar"" Petrol MT ARAI mileage","""Mahindra Thar"" 150.19bhp 300nm claimed mileage kmpl","""Mahindra Thar"" Petrol MT brochure mileage","""Mahindra Thar"" Petrol MT site:v3cars.com mileage","""Mahindra Thar"" Petrol MT site:carwale.com mileage",,,,,,,mahindra_thar__lxt-4wd__petrol_manual
Maruti,Eeco Tour V,Petrol,Manual,MT,60.5bhp_105nm,1,Maruti Eeco Tour V 5 Seater STD,"""Maruti Eeco Tour V"" Petrol MT ARAI mileage","""Maruti Eeco Tour V"" 60.5bhp 105nm claimed mileage kmpl","""Maruti Eeco Tour V"" Petrol MT brochure mileage","""Maruti Eeco Tour V"" Petrol MT site:v3cars.com mileage","""Maruti Eeco Tour V"" Petrol MT site:carwale.com mileage",,,,,,,maruti_eeco-tour-v__5-seater-std__petrol_manual
Maserati,Grecale,Petrol,Automatic,AT,523bhp_620nm,1,Maserati Grecale Trofeo,"""Maserati Grecale"" Petrol AT ARAI mileage","""Maserati Grecale"" 523bhp 620nm claimed mileage kmpl","""Maserati Grecale"" Petrol AT brochure mileage","""Maserati Grecale"" Petrol AT site:v3cars.com mileage","""Maserati Grecale"" Petrol AT site:carwale.com mileage",,,,,,,maserati_grecale__trofeo__petrol_automatic
Mclaren,750s,Petrol,Automatic,AT,740bhp_800nm,1,Mclaren 750S Coupe,"""Mclaren 750s"" Petrol AT ARAI mileage","""Mclaren 750s"" 740bhp 800nm claimed mileage kmpl","""Mclaren 750s"" Petrol AT brochure mileage","""Mclaren 750s"" Petrol AT site:v3cars.com mileage","""Mclaren 750s"" Petrol AT site:carwale.com mileage",,,,,,,mclaren_750s__coupe__petrol_automatic
Mclaren,Gt,Petrol,Automatic,AT,611.51bhp_630nm,1,Mclaren Gt V8,"""Mclaren Gt"" Petrol AT ARAI mileage","""Mclaren Gt"" 611.51bhp 630nm claimed mileage kmpl","""Mclaren Gt"" Petrol AT brochure mileage","""Mclaren Gt"" Petrol AT site:v3cars.com mileage","""Mclaren Gt"" Petrol AT site:carwale.com mileage",,,,,,,mclaren_gt__v8__petrol_automatic
Mercedes Benz,Amg C 63,Petrol,Automatic,AT,469bhp_545nm,1,Mercedes Benz Amg C 63 Mercedes-Benz AMG C 63 S E Performance,"""Mercedes Benz Amg C 63"" Petrol AT ARAI mileage","""Mercedes Benz Amg C 63"" 469bhp 545nm claimed mileage kmpl","""Mercedes Benz Amg C 63"" Petrol AT brochure mileage","""Mercedes Benz Amg C 63"" Petrol AT site:v3cars.com mileage","""Mercedes Benz Amg C 63"" Petrol AT site:carwale.com mileage",,,,,,,mercedes-benz_amg-c-63__mercedes-benz-amg-c-63-s-e-performance__petrol_automatic
Mercedes Benz,Amg C43,Petrol,Automatic,AT,402.3bhp_500nm,1,Mercedes Benz Amg C43 Mercedes-Benz AMG C43 4Matic,"""Mercedes Benz Amg C43"" Petrol AT ARAI mileage","""Mercedes Benz Amg C43"" 402.3bhp 500nm claimed mileage kmpl","""Mercedes Benz Amg C43"" Petrol AT brochure mileage","""Mercedes Benz Amg C43"" Petrol AT site:v3cars.com mileage","""Mercedes Benz Amg C43"" Petrol AT site:carwale.com mileage",,,,,,,mercedes-benz_amg-c43__mercedes-benz-amg-c43-4matic__petrol_automatic
Mercedes Benz,Amg Cle 53,Petrol,Automatic,AT,442bhp_560nm,1,Mercedes Benz Amg Cle 53 Mercedes-Benz AMG CLE 53 4Matic,"""Mercedes Benz Amg Cle 53"" Petrol AT ARAI mileage","""Mercedes Benz Amg Cle 53"" 442bhp 560nm claimed mileage kmpl","""Mercedes Benz Amg Cle 53"" Petrol AT brochure mileage","""Mercedes Benz Amg Cle 53"" Petrol AT site:v3cars.com mileage","""Mercedes Benz Amg Cle 53"" Petrol AT site:carwale.com mileage",,,,,,,mercedes-benz_amg-cle-53__mercedes-benz-amg-cle-53-4matic__petrol_automatic
Mercedes Benz,Amg E 53 Cabriolet,Petrol,Automatic,AT,424.71bhp_520.63nm,1,Mercedes Benz Amg E 53 Cabriolet Mercedes-Benz AMG E 53 Cabriolet 4MATIC Plus,"""Mercedes Benz Amg E 53 Cabriolet"" Petrol AT ARAI mileage","""Mercedes Benz Amg E 53 Cabriolet"" 424.71bhp 520.63nm claimed mileage kmpl","""Mercedes Benz Amg E 53 Cabriolet"" Petrol AT brochure mileage","""Mercedes Benz Amg E 53 Cabriolet"" Petrol AT site:v3cars.com mileage","""Mercedes Benz Amg E 53 Cabriolet"" Petrol AT site:carwale.com mileage",,,,,,,mercedes-benz_amg-e-53-cabriolet__mercedes-benz-amg-e-53-cabriolet-4matic-plus__petrol_automatic
Mercedes Benz,Amg Glc 43,Petrol,Automatic,AT,416bhp_500nm,1,Mercedes Benz Amg Glc 43 Mercedes-Benz AMG GLC 43 4Matic,"""Mercedes Benz Amg Glc 43"" Petrol AT ARAI mileage","""Mercedes Benz Amg Glc 43"" 416bhp 500nm claimed mileage kmpl","""Mercedes Benz Amg Glc 43"" Petrol AT brochure mileage","""Mercedes Benz Amg Glc 43"" Petrol AT site:v3cars.com mileage","""Mercedes Benz Amg Glc 43"" Petrol AT site:carwale.com mileage",,,,,,,mercedes-benz_amg-glc-43__mercedes-benz-amg-glc-43-4matic__petrol_automatic
Mercedes Benz,Amg Gt 4 Door Coupe,Petrol,Automatic,AT,630.28bhp_900nm,1,Mercedes Benz Amg Gt 4 Door Coupe Mercedes-Benz AMG GT 4 Door Coupe 63 S E Performance,"""Mercedes Benz Amg Gt 4 Door Coupe"" Petrol AT ARAI mileage","""Mercedes Benz Amg Gt 4 Door Coupe"" 630.28bhp 900nm claimed mileage kmpl","""Mercedes Benz Amg Gt 4 Door Coupe"" Petrol AT brochure mileage","""Mercedes Benz Amg Gt 4 Door Coupe"" Petrol AT site:v3cars.com mileage","""Mercedes Benz Amg Gt 4 Door Coupe"" Petrol AT site:carwale.com mileage",,,,,,,mercedes-benz_amg-gt-4-door-coupe__mercedes-benz-amg-gt-4-door-coupe-63-s-e-performance__petrol_automatic
Mercedes Benz,Amg Gt Coupe,Petrol,Automatic,AT,576bhp_800nm,1,Mercedes Benz Amg Gt Coupe Mercedes-Benz AMG GT Coupe 63 4MATIC Plus,"""Mercedes Benz Amg Gt Coupe"" Petrol AT ARAI mileage","""Mercedes Benz Amg Gt Coupe"" 576bhp 800nm claimed mileage kmpl","""Mercedes Benz Amg Gt Coupe"" Petrol AT brochure mileage","""Mercedes Benz Amg Gt Coupe"" Petrol AT site:v3cars.com mileage","""Mercedes Benz Amg Gt Coupe"" Petrol AT site:carwale.com mileage",,,,,,,mercedes-benz_amg-gt-coupe__mercedes-benz-amg-gt-coupe-63-4matic-plus__petrol_automatic
Mercedes Benz,Amg Gt Coupe,Petrol,Automatic,AT,603bhp_850nm,1,Mercedes Benz Amg Gt Coupe Mercedes-Benz AMG GT Coupe 63 Pro 4MATIC Plus,"""Mercedes Benz Amg Gt Coupe"" Petrol AT ARAI mileage","""Mercedes Benz Amg Gt Coupe"" 603bhp 850nm claimed mileage kmpl","""Mercedes Benz Amg Gt Coupe"" Petrol AT brochure mileage","""Mercedes Benz Amg Gt Coupe"" Petrol AT site:v3cars.com mileage","""Mercedes Benz Amg Gt Coupe"" Petrol AT site:carwale.com mileage",,,,,,,mercedes-benz_amg-gt-coupe__mercedes-benz-amg-gt-coupe-63-pro-4matic-plus__petrol_automatic
Mercedes Benz,Amg Sl,Petrol,Automatic,AT,469.35bhp_700nm,1,Mercedes Benz Amg Sl Mercedes-Benz AMG SL 55 4Matic Plus Roadster,"""Mercedes Benz Amg Sl"" Petrol AT ARAI mileage","""Mercedes Benz Amg Sl"" 469.35bhp 700nm claimed mileage kmpl","""Mercedes Benz Amg Sl"" Petrol AT brochure mileage","""Mercedes Benz Amg Sl"" Petrol AT site:v3cars.com mileage","""Mercedes Benz Amg Sl"" Petrol AT site:carwale.com mileage",,,,,,,mercedes-benz_amg-sl__mercedes-benz-amg-sl-55-4matic-plus-roadster__petrol_automatic
Mercedes Benz,Cle Cabriolet,Petrol,Automatic,AT,255bhp_400nm,1,Mercedes Benz Cle Cabriolet Mercedes-Benz CLE Cabriolet 300 4Matic AMG Line,"""Mercedes Benz Cle Cabriolet"" Petrol AT ARAI mileage","""Mercedes Benz Cle Cabriolet"" 255bhp 400nm claimed mileage kmpl","""Mercedes Benz Cle Cabriolet"" Petrol AT brochure mileage","""Mercedes Benz Cle Cabriolet"" Petrol AT site:v3cars.com mileage","""Mercedes Benz Cle Cabriolet"" Petrol AT site:carwale.com mileage",,,,,,,mercedes-benz_cle-cabriolet__mercedes-benz-cle-cabriolet-300-4matic-amg-line__petrol_automatic
Mercedes Benz,E Class,Diesel,Automatic,AT,194bhp_440nm,1,Mercedes Benz E Class Mercedes-Benz E-Class E 220d,"""Mercedes Benz E Class"" Diesel AT ARAI mileage","""Mercedes Benz E Class"" 194bhp 440nm claimed mileage kmpl","""Mercedes Benz E Class"" Diesel AT brochure mileage","""Mercedes Benz E Class"" Diesel AT site:v3cars.com mileage","""Mercedes Benz E Class"" Diesel AT site:carwale.com mileage",,,,,,,mercedes-benz_e-class__mercedes-benz-e-class-e-220d__diesel_automatic
Mercedes Benz,E Class,Petrol,Automatic,AT,201bhp_320nm,1,Mercedes Benz E Class Mercedes-Benz E-Class E 200,"""Mercedes Benz E Class"" Petrol AT ARAI mileage","""Mercedes Benz E Class"" 201bhp 320nm claimed mileage kmpl","""Mercedes Benz E Class"" Petrol AT brochure mileage","""Mercedes Benz E Class"" Petrol AT site:v3cars.com mileage","""Mercedes Benz E Class"" Petrol AT site:carwale.com mileage",,,,,,,mercedes-benz_e-class__mercedes-benz-e-class-e-200__petrol_automatic
Mercedes Benz,G Class,Diesel,Automatic,AT,362bhp_750nm_hybrid,1,Mercedes Benz G Class Mercedes-Benz G-Class 450d Mild Hybrid,"""Mercedes Benz G Class"" Diesel AT ARAI mileage","""Mercedes Benz G Class"" 362bhp 750nm hybrid claimed mileage kmpl","""Mercedes Benz G Class"" Diesel AT brochure mileage","""Mercedes Benz G Class"" Diesel AT site:v3cars.com mileage","""Mercedes Benz G Class"" Diesel AT site:carwale.com mileage",,,,,,,mercedes-benz_g-class__mercedes-benz-g-class-450d-mild-hybrid__diesel_automatic
Mercedes Benz,G Class,Petrol,Automatic,AT,576.63bhp_850nm,1,Mercedes Benz G Class Mercedes-Benz G-Class AMG G 63 Collectors Edition,"""Mercedes Benz G Class"" Petrol AT ARAI mileage","""Mercedes Benz G Class"" 576.63bhp 850nm claimed mileage kmpl","""Mercedes Benz G Class"" Petrol AT brochure mileage","""Mercedes Benz G Class"" Petrol AT site:v3cars.com mileage","""Mercedes Benz G Class"" Petrol AT site:carwale.com mileage",,,,,,,mercedes-benz_g-class__mercedes-benz-g-class-amg-g-63-collectors-edition__petrol_automatic
Mercedes Benz,Glc,Petrol,Automatic,AT,254.79bhp_400nm,1,Mercedes Benz Glc Mercedes-Benz GLC 300,"""Mercedes Benz Glc"" Petrol AT ARAI mileage","""Mercedes Benz Glc"" 254.79bhp 400nm claimed mileage kmpl","""Mercedes Benz Glc"" Petrol AT brochure mileage","""Mercedes Benz Glc"" Petrol AT site:v3cars.com mileage","""Mercedes Benz Glc"" Petrol AT site:carwale.com mileage",,,,,,,mercedes-benz_glc__mercedes-benz-glc-300__petrol_automatic
Mercedes Benz,Gle,Diesel,Automatic,AT,362bhp_750nm,1,Mercedes Benz Gle Mercedes-Benz GLE 450d 4Matic,"""Mercedes Benz Gle"" Diesel AT ARAI mileage","""Mercedes Benz Gle"" 362bhp 750nm claimed mileage kmpl","""Mercedes Benz Gle"" Diesel AT brochure mileage","""Mercedes Benz Gle"" Diesel AT site:v3cars.com mileage","""Mercedes Benz Gle"" Diesel AT site:carwale.com mileage",,,,,,,mercedes-benz_gle__mercedes-benz-gle-450d-4matic__diesel_automatic
Mercedes Benz,Maybach S Class,Petrol,Automatic,AT,496.17bhp_700nm,1,Mercedes Benz Maybach S Class Mercedes-Benz Maybach S-Class S580,"""Mercedes Benz Maybach S Class"" Petrol AT ARAI mileage","""Mercedes Benz Maybach S Class"" 496.17bhp 700nm claimed mileage kmpl","""Mercedes Benz Maybach S Class"" Petrol AT brochure mileage","""Mercedes Benz Maybach S Class"" Petrol AT site:v3cars.com mileage","""Mercedes Benz Maybach S Class"" Petrol AT site:carwale.com mileage",,,,,,,mercedes-benz_maybach-s-class__mercedes-benz-maybach-s-class-s580__petrol_automatic
Mercedes Benz,Maybach Sl 680,Petrol,Automatic,AT,577bhp_800nm,1,Mercedes Benz Maybach Sl 680 Mercedes-Benz Maybach SL 680 Monogram Series,"""Mercedes Benz Maybach Sl 680"" Petrol AT ARAI mileage","""Mercedes Benz Maybach Sl 680"" 577bhp 800nm claimed mileage kmpl","""Mercedes Benz Maybach Sl 680"" Petrol AT brochure mileage","""Mercedes Benz Maybach Sl 680"" Petrol AT site:v3cars.com mileage","""Mercedes Benz Maybach Sl 680"" Petrol AT site:carwale.com mileage",,,,,,,mercedes-benz_maybach-sl-680__mercedes-benz-maybach-sl-680-monogram-series__petrol_automatic
Mercedes Benz,S Class,Diesel,Automatic,AT,281.61bhp_600nm,1,Mercedes Benz S Class Mercedes-Benz S-Class S 350d,"""Mercedes Benz S Class"" Diesel AT ARAI mileage","""Mercedes Benz S Class"" 281.61bhp 600nm claimed mileage kmpl","""Mercedes Benz S Class"" Diesel AT brochure mileage","""Mercedes Benz S Class"" Diesel AT site:v3cars.com mileage","""Mercedes Benz S Class"" Diesel AT site:carwale.com mileage",,,,,,,mercedes-benz_s-class__mercedes-benz-s-class-s-350d__diesel_automatic
Mercedes Benz,S Class,Petrol,Automatic,AT,362.07bhp_500nm,1,Mercedes Benz S Class Mercedes-Benz S-Class S450 4Matic,"""Mercedes Benz S Class"" Petrol AT ARAI mileage","""Mercedes Benz S Class"" 362.07bhp 500nm claimed mileage kmpl","""Mercedes Benz S Class"" Petrol AT brochure mileage","""Mercedes Benz S Class"" Petrol AT site:v3cars.com mileage","""Mercedes Benz S Class"" Petrol AT site:carwale.com mileage",,,,,,,mercedes-benz_s-class__mercedes-benz-s-class-s450-4matic__petrol_automatic
Mercedes Benz,V Class,Petrol,Automatic,AT,228bhp_370nm,1,Mercedes Benz V Class Mercedes-Benz V-Class Extra LWB V300,"""Mercedes Benz V Class"" Petrol AT ARAI mileage","""Mercedes Benz V Class"" 228bhp 370nm claimed mileage kmpl","""Mercedes Benz V Class"" Petrol AT brochure mileage","""Mercedes Benz V Class"" Petrol AT site:v3cars.com mileage","""Mercedes Benz V Class"" Petrol AT site:carwale.com mileage",,,,,,,mercedes-benz_v-class__mercedes-benz-v-class-extra-lwb-v300__petrol_automatic
Mercedes Benz,V Class,Diesel,Automatic,AT,233.33bhp_500nm,1,Mercedes Benz V Class Mercedes-Benz V-Class V300d,"""Mercedes Benz V Class"" Diesel AT ARAI mileage","""Mercedes Benz V Class"" 233.33bhp 500nm claimed mileage kmpl","""Mercedes Benz V Class"" Diesel AT brochure mileage","""Mercedes Benz V Class"" Diesel AT site:v3cars.com mileage","""Mercedes Benz V Class"" Diesel AT site:carwale.com mileage",,,,,,,mercedes-benz_v-class__mercedes-benz-v-class-v300d__diesel_automatic
Mini,Countryman,Petrol,Automatic,AT,296bhp_400nm,1,Mini Countryman JCW,"""Mini Countryman"" Petrol AT ARAI mileage","""Mini Countryman"" 296bhp 400nm claimed mileage kmpl","""Mini Countryman"" Petrol AT brochure mileage","""Mini Countryman"" Petrol AT site:v3cars.com mileage","""Mini Countryman"" Petrol AT site:carwale.com mileage",,,,,,,mini_countryman__jcw__petrol_automatic
Nissan,X Trail,Petrol,Automatic,AT,161bhp_300nm,1,Nissan X Trail X-Trail STD,"""Nissan X Trail"" Petrol AT ARAI mileage","""Nissan X Trail"" 161bhp 300nm claimed mileage kmpl","""Nissan X Trail"" Petrol AT brochure mileage","""Nissan X Trail"" Petrol AT site:v3cars.com mileage","""Nissan X Trail"" Petrol AT site:carwale.com mileage",,,,,,,nissan_x-trail__x-trail-std__petrol_automatic
Porsche,Cayenne,Petrol,Automatic,AT,348.66bhp_500nm,1,Porsche Cayenne GTS,"""Porsche Cayenne"" Petrol AT ARAI mileage","""Porsche Cayenne"" 348.66bhp 500nm claimed mileage kmpl","""Porsche Cayenne"" Petrol AT brochure mileage","""Porsche Cayenne"" Petrol AT site:v3cars.com mileage","""Porsche Cayenne"" Petrol AT site:carwale.com mileage",,,,,,,porsche_cayenne__gts__petrol_automatic
Porsche,Cayenne Coupe,Petrol,Automatic,AT,348.66bhp_600nm,1,Porsche Cayenne Coupe STD,"""Porsche Cayenne Coupe"" Petrol AT ARAI mileage","""Porsche Cayenne Coupe"" 348.66bhp 600nm claimed mileage kmpl","""Porsche Cayenne Coupe"" Petrol AT brochure mileage","""Porsche Cayenne Coupe"" Petrol AT site:v3cars.com mileage","""Porsche Cayenne Coupe"" Petrol AT site:carwale.com mileage",,,,,,,porsche_cayenne-coupe__std__petrol_automatic
Porsche,Cayenne Coupe,Petrol,Automatic,AT,493bhp_660nm,1,Porsche Cayenne Coupe GTS,"""Porsche Cayenne Coupe"" Petrol AT ARAI mileage","""Porsche Cayenne Coupe"" 493bhp 660nm claimed mileage kmpl","""Porsche Cayenne Coupe"" Petrol AT brochure mileage","""Porsche Cayenne Coupe"" Petrol AT site:v3cars.com mileage","""Porsche Cayenne Coupe"" Petrol AT site:carwale.com mileage",,,,,,,porsche_cayenne-coupe__gts__petrol_automatic
Porsche,Macan,Petrol,Automatic,AT,261.49bhp_400nm,1,Porsche Macan Standard,"""Porsche Macan"" Petrol AT ARAI mileage","""Porsche Macan"" 261.49bhp 400nm claimed mileage kmpl","""Porsche Macan"" Petrol AT brochure mileage","""Porsche Macan"" Petrol AT site:v3cars.com mileage","""Porsche Macan"" Petrol AT site:carwale.com mileage",,,,,,,porsche_macan__standard__petrol_automatic
Porsche,Panamera,Petrol,Automatic,AT,349bhp_500nm_hybrid,1,Porsche Panamera STD Hybrid,"""Porsche Panamera"" Petrol AT ARAI mileage","""Porsche Panamera"" 349bhp 500nm hybrid claimed mileage kmpl","""Porsche Panamera"" Petrol AT brochure mileage","""Porsche Panamera"" Petrol AT site:v3cars.com mileage","""Porsche Panamera"" Petrol AT site:carwale.com mileage",,,,,,,porsche_panamera__std-hybrid__petrol_automatic
Porsche,Panamera,Petrol,Automatic,AT,493bhp_660nm,1,Porsche Panamera GTS,"""Porsche Panamera"" Petrol AT ARAI mileage","""Porsche Panamera"" 493bhp 660nm claimed mileage kmpl","""Porsche Panamera"" Petrol AT brochure mileage","""Porsche Panamera"" Petrol AT site:v3cars.com mileage","""Porsche Panamera"" Petrol AT site:carwale.com mileage",,,,,,,porsche_panamera__gts__petrol_automatic
Rolls Royce,Ghost Series Ii,Petrol,Automatic,AT,563bhp_820nm,1,Rolls Royce Ghost Series Ii Rolls-Royce Ghost Series II Standard,"""Rolls Royce Ghost Series Ii"" Petrol AT ARAI mileage","""Rolls Royce Ghost Series Ii"" 563bhp 820nm claimed mileage kmpl","""Rolls Royce Ghost Series Ii"" Petrol AT brochure mileage","""Rolls Royce Ghost Series Ii"" Petrol AT site:v3cars.com mileage","""Rolls Royce Ghost Series Ii"" Petrol AT site:carwale.com mileage",,,,,,,rolls-royce_ghost-series-ii__rolls-royce-ghost-series-ii-standard__petrol_automatic
Skoda,Octavia Rs,Petrol,Automatic,AT,261.49bhp_370nm,1,Skoda Octavia Rs STD,"""Skoda Octavia Rs"" Petrol AT ARAI mileage","""Skoda Octavia Rs"" 261.49bhp 370nm claimed mileage kmpl","""Skoda Octavia Rs"" Petrol AT brochure mileage","""Skoda Octavia Rs"" Petrol AT site:v3cars.com mileage","""Skoda Octavia Rs"" Petrol AT site:carwale.com mileage",,,,,,,skoda_octavia-rs__std__petrol_automatic
Tata,Xpres,Petrol,Manual,MT,74.46bhp_95nm_petrol,1,Tata Xpres Petrol,"""Tata Xpres"" Petrol MT ARAI mileage","""Tata Xpres"" 74.46bhp 95nm petrol claimed mileage kmpl","""Tata Xpres"" Petrol MT brochure mileage","""Tata Xpres"" Petrol MT site:v3cars.com mileage","""Tata Xpres"" Petrol MT site:carwale.com mileage",19.2,,,https://auto.hindustantimes.com/new-cars/tata/xpres/petrol,,,tata_xpres__petrol__petrol_manual
Tata,Xpres,Cng,Manual,MT,84.82bhp_113nm_cng,1,Tata Xpres CNG,"""Tata Xpres"" Cng MT ARAI mileage","""Tata Xpres"" 84.82bhp 113nm cng claimed mileage kmpl","""Tata Xpres"" Cng MT brochure mileage","""Tata Xpres"" Cng MT site:v3cars.com mileage","""Tata Xpres"" Cng MT site:carwale.com mileage",24.79,,,https://auto.hindustantimes.com/new-cars/tata/xpres/cng,,,tata_xpres__cng__cng_manual
Tata,Yodha Pickup,Diesel,Manual,MT,85.82bhp_250nm,1,Tata Yodha Pickup Eco,"""Tata Yodha Pickup"" Diesel MT ARAI mileage","""Tata Yodha Pickup"" 85.82bhp 250nm claimed mileage kmpl","""Tata Yodha Pickup"" Diesel MT brochure mileage","""Tata Yodha Pickup"" Diesel MT site:v3cars.com mileage","""Tata Yodha Pickup"" Diesel MT site:carwale.com mileage",15,,,https://www.zigwheels.com/tata-cars/yodha-pickup/mileage,,,tata_yodha-pickup__eco__diesel_manual
Toyota,Fortuner,Petrol,Automatic,AT,163.6bhp_245nm,1,Toyota Fortuner 4X2 AT,"""Toyota Fortuner"" Petrol AT ARAI mileage","""Toyota Fortuner"" 163.6bhp 245nm claimed mileage kmpl","""Toyota Fortuner"" Petrol AT brochure mileage","""Toyota Fortuner"" Petrol AT site:v3cars.com mileage","""Toyota Fortuner"" Petrol AT site:carwale.com mileage",10.3,,,https://www.carwale.com/toyota-cars/fortuner/,,,toyota_fortuner__4x2-at__petrol_automatic
Toyota,Fortuner,Diesel,Automatic,AT,201.15bhp_500nm,1,Toyota Fortuner Neo Drive,"""Toyota Fortuner"" Diesel AT ARAI mileage","""Toyota Fortuner"" 201.15bhp 500nm claimed mileage kmpl","""Toyota Fortuner"" Diesel AT brochure mileage","""Toyota Fortuner"" Diesel AT site:v3cars.com mileage","""Toyota Fortuner"" Diesel AT site:carwale.com mileage",14.33,,,https://www.carwale.com/toyota-cars/fortuner/,,,toyota_fortuner__neo-drive__diesel_automatic
Toyota,Fortuner Legender,Diesel,Manual,MT,201.15bhp_500nm,1,Toyota Fortuner Legender 4x4,"""Toyota Fortuner Legender"" Diesel MT ARAI mileage","""Toyota Fortuner Legender"" 201.15bhp 500nm claimed mileage kmpl","""Toyota Fortuner Legender"" Diesel MT brochure mileage","""Toyota Fortuner Legender"" Diesel MT site:v3cars.com mileage","""Toyota Fortuner Legender"" Diesel MT site:carwale.com mileage",14.2,,,https://www.carwale.com/toyota-cars/fortuner-legender/mileage/,,,toyota_fortuner-legender__4x4__diesel_manual
Toyota,Hilux,Diesel,Automatic,AT,201.15bhp_500nm,1,Toyota Hilux High AT,"""Toyota Hilux"" Diesel AT ARAI mileage","""Toyota Hilux"" 201.15bhp 500nm claimed mileage kmpl","""Toyota Hilux"" Diesel AT brochure mileage","""Toyota Hilux"" Diesel AT site:v3cars.com mileage","""Toyota Hilux"" Diesel AT site:carwale.com mileage",12,,,https://www.bajajfinserv.in/toyota-hilux-mileage,,,toyota_hilux__high-at__diesel_automatic
Volkswagen,Golf Gti,Petrol,Automatic,AT,261bhp_370nm,1,Volkswagen Golf Gti 2.0 TSI,"""Volkswagen Golf Gti"" Petrol AT ARAI mileage","""Volkswagen Golf Gti"" 261bhp 370nm claimed mileage kmpl","""Volkswagen Golf Gti"" Petrol AT brochure mileage","""Volkswagen Golf Gti"" Petrol AT site:v3cars.com mileage","""Volkswagen Golf Gti"" Petrol AT site:carwale.com mileage",16.34,,,https://www.91wheels.com/cars/volkswagen/golf-gti/s,,,volkswagen_golf-gti__2-0-tsi__petrol_automatic
Volkswagen,Taigun,Petrol,Automatic,AT,114bhp_178nm,1,Volkswagen Taigun Highline Plus AT,"""Volkswagen Taigun"" Petrol AT ARAI mileage","""Volkswagen Taigun"" 114bhp 178nm claimed mileage kmpl","""Volkswagen Taigun"" Petrol AT brochure mileage","""Volkswagen Taigun"" Petrol AT site:v3cars.com mileage","""Volkswagen Taigun"" Petrol AT site:carwale.com mileage",19.54,,,https://www.cardekho.com/volkswagen/taigun/mileage,,,volkswagen_taigun__highline-plus-at__petrol_automatic
Volkswagen,Tayron R Line,Petrol,Automatic,AT,201.15bhp_320nm,1,Volkswagen Tayron R Line Tayron R-Line 2.0 TSI,"""Volkswagen Tayron R Line"" Petrol AT ARAI mileage","""Volkswagen Tayron R Line"" 201.15bhp 320nm claimed mileage kmpl","""Volkswagen Tayron R Line"" Petrol AT brochure mileage","""Volkswagen Tayron R Line"" Petrol AT site:v3cars.com mileage","""Volkswagen Tayron R Line"" Petrol AT site:carwale.com mileage",12.58,,,https://auto.hindustantimes.com/new-cars/volkswagen/tayron-r-line/mileage,,,volkswagen_tayron-r-line__tayron-r-line-2-0-tsi__petrol_automatic
Volvo,Xc60,Petrol,Automatic,AT,250bhp_360nm,1,Volvo Xc60 B5,"""Volvo Xc60"" Petrol AT ARAI mileage","""Volvo Xc60"" 250bhp 360nm claimed mileage kmpl","""Volvo Xc60"" Petrol AT brochure mileage","""Volvo Xc60"" Petrol AT site:v3cars.com mileage","""Volvo Xc60"" Petrol AT site:carwale.com mileage",11.2,,,https://www.cardekho.com/volvo/volvo-xc60-2012-2025-mileage.htm,,,volvo_xc60__b5__petrol_automatic