make,model,variant,2011,2012,2013,2014,2015,2016,2017,2018,2019,2020,2021,2022,2023,2024,2025,2026
Aston Martin,Vantage,V12 Coupe,1,1,1,1,1,1,1,1,1,0,0,0,0,0,0,0
BMW,5 Series GT,530d,1,1,1,1,0,0,0,0,0,0,0,0,0,0,0,0
BMW,5 Series GT,530d xDrive,1,1,1,1,0,0,0,0,0,0,0,0,0,0,0,0
BMW,5 Series GT,535d,1,1,1,1,0,0,0,0,0,0,0,0,0,0,0,0
BMW,5 Series GT,535d xDrive,1,1,1,1,0,0,0,0,0,0,0,0,0,0,0,0
BMW,5 Series GT,535i,1,1,1,1,0,0,0,0,0,0,0,0,0,0,0,0
BMW,5 Series GT,535i xDrive,1,1,1,1,0,0,0,0,0,0,0,0,0,0,0,0
BMW,5 Series GT,550i,1,1,1,1,0,0,0,0,0,0,0,0,0,0,0,0
BMW,5 Series GT,550i xDrive,1,1,1,1,0,0,0,0,0,0,0,0,0,0,0,0
BMW,5 Series GT,GT 530d LE,1,1,1,1,0,0,0,0,0,0,0,0,0,0,0,0
BMW,M3,Convertible,1,1,1,0,0,0,0,0,0,0,0,0,0,0,0,0
BMW,M3,Coupe,1,1,1,0,0,0,0,0,0,0,0,0,0,0,0,0
BMW,M5,Sedan,1,1,1,1,0,0,0,0,0,0,0,0,0,0,0,0
Chevrolet,Aveo Old,LT 1.6,1,0,0,0,0,0,0,0,0,0,0,0,0,0,0,0
Chevrolet,Aveo U-VA,1.2,1,1,0,0,0,0,0,0,0,0,0,0,0,0,0,0
Chevrolet,Aveo U-VA,LS 1.2,1,1,0,0,0,0,0,0,0,0,0,0,0,0,0,0
Chevrolet,Aveo U-VA,LS 1.2 Techno,1,1,0,0,0,0,0,0,0,0,0,0,0,0,0,0
Chevrolet,Aveo U-VA,LT 1.2,1,1,0,0,0,0,0,0,0,0,0,0,0,0,0,0
Chevrolet,Aveo U-VA,LT 1.2 ABS,1,1,0,0,0,0,0,0,0,0,0,0,0,0,0,0
Chevrolet,Aveo U-VA,LT 1.2 ABS & Airbag,1,1,0,0,0,0,0,0,0,0,0,0,0,0,0,0
Chevrolet,Optra Magnum,LS 1.6,1,1,0,0,0,0,0,0,0,0,0,0,0,0,0,0
Chevrolet,Optra Magnum,LS 2.0 TCDi,1,1,0,0,0,0,0,0,0,0,0,0,0,0,0,0
Chevrolet,Optra Magnum,LT 1.6,1,1,0,0,0,0,0,0,0,0,0,0,0,0,0,0
Chevrolet,Optra Magnum,LT 2.0 TCDi,1,1,0,0,0,0,0,0,0,0,0,0,0,0,0,0
Chevrolet,Optra Magnum,MAX 2.0 TCDi,1,1,0,0,0,0,0,0,0,0,0,0,0,0,0,0
Fiat,Grande Punto,Active 1.3L MULTIJET Diesel,1,1,1,1,0,0,0,0,0,0,0,0,0,0,0,0
Fiat,Grande Punto,Active Petrol,1,1,1,1,0,0,0,0,0,0,0,0,0,0,0,0
Fiat,Grande Punto,Dynamic 1.3L MULTIJET Diesel,1,1,1,1,0,0,0,0,0,0,0,0,0,0,0,0
Fiat,Grande Punto,Dynamic Petrol,1,1,1,1,0,0,0,0,0,0,0,0,0,0,0,0
Fiat,Grande Punto,Emotion 1.3L MULTIJET Diesel,1,1,1,1,0,0,0,0,0,0,0,0,0,0,0,0
Fiat,Grande Punto,Emotion Petrol,1,1,1,1,0,0,0,0,0,0,0,0,0,0,0,0
Fiat,Grande Punto,1.4L Emotion Pack Petrol,1,0,0,0,0,0,0,0,0,0,0,0,0,0,0,0
Fiat,Grande Punto,Emotion 1.2,1,0,0,0,0,0,0,0,0,0,0,0,0,0,0,0
Fiat,Grande Punto,Emotion Pack 1.3,1,0,0,0,0,0,0,0,0,0,0,0,0,0,0,0
Fiat,Grande Punto,Emotion Pack 1.3 90HP,1,1,1,1,1,0,0,0,0,0,0,0,0,0,0,0
Fiat,Grande Punto,Emotion Pack 1.4,1,0,0,0,0,0,0,0,0,0,0,0,0,0,0,0
Fiat,Palio Stile,SD 1.3,1,0,0,0,0,0,0,0,0,0,0,0,0,0,0,0
Fiat,Palio Stile,SDE 1.3,1,0,0,0,0,0,0,0,0,0,0,0,0,0,0,0
Fiat,Palio Stile,SDX 1.3,1,0,0,0,0,0,0,0,0,0,0,0,0,0,0,0
Fiat,Palio Stile,SL 1.1,1,0,0,0,0,0,0,0,0,0,0,0,0,0,0,0
Fiat,Palio Stile,SLE 1.1,1,0,0,0,0,0,0,0,0,0,0,0,0,0,0,0
Fiat,Palio Stile,SLX 1.1,1,0,0,0,0,0,0,0,0,0,0,0,0,0,0,0
Fiat,Palio Stile,Sport 1.6,1,0,0,0,0,0,0,0,0,0,0,0,0,0,0,0
Force Motors,Force One,SX 7 STR,1,1,1,1,1,1,1,0,0,0,0,0,0,0,0,0
Ford,Fiesta Classic,CLXi 1.4 TDCi,1,1,0,0,0,0,0,0,0,0,0,0,0,0,0,0
Ford,Fiesta Classic,CLXi 1.6,1,1,1,1,1,0,0,0,0,0,0,0,0,0,0,0
Ford,Fiesta Classic,LXi 1.4 TDCi,1,1,0,0,0,0,0,0,0,0,0,0,0,0,0,0
Ford,Fiesta Classic,LXi 1.6,1,1,0,0,0,0,0,0,0,0,0,0,0,0,0,0
Ford,Fiesta Classic,SXi 1.4 TDCi,1,1,0,0,0,0,0,0,0,0,0,0,0,0,0,0
Ford,Fiesta Classic,SXi 1.6,1,1,0,0,0,0,0,0,0,0,0,0,0,0,0,0
Hyundai,Santro Xing,GL,1,1,1,1,1,0,0,0,0,0,0,0,0,0,0,0
Hyundai,Santro Xing,GL (CNG),1,1,1,1,1,0,0,0,0,0,0,0,0,0,0,0
Hyundai,Santro Xing,GL LPG,1,1,1,1,1,0,0,0,0,0,0,0,0,0,0,0
Hyundai,Santro Xing,GL Plus,1,1,1,1,1,0,0,0,0,0,0,0,0,0,0,0
Hyundai,Santro Xing,GL Plus LPG,1,1,1,1,1,0,0,0,0,0,0,0,0,0,0,0
Hyundai,Santro Xing,GLS,1,1,1,1,1,0,0,0,0,0,0,0,0,0,0,0
Hyundai,Santro Xing,GLS (CNG),1,1,1,1,1,0,0,0,0,0,0,0,0,0,0,0
Hyundai,Santro Xing,GLS AT,1,1,1,1,1,0,0,0,0,0,0,0,0,0,0,0
Hyundai,Santro Xing,GLS LPG,1,1,1,1,1,0,0,0,0,0,0,0,0,0,0,0
Hyundai,Santro Xing,Non-AC,1,1,1,1,1,0,0,0,0,0,0,0,0,0,0,0
Hyundai,Sonata Transform,2.0 CRDi M/T,1,0,0,0,0,0,0,0,0,0,0,0,0,0,0,0
Hyundai,Sonata Transform,2.4 VTVT,1,0,0,0,0,0,0,0,0,0,0,0,0,0,0,0
Hyundai,Verna Transform,1.5 CRDi,1,0,0,0,0,0,0,0,0,0,0,0,0,0,0,0
Hyundai,Verna Transform,1.5 CRDi Audio,1,0,0,0,0,0,0,0,0,0,0,0,0,0,0,0
Hyundai,Verna Transform,1.5 SX AT CRDi,1,0,0,0,0,0,0,0,0,0,0,0,0,0,0,0
Hyundai,Verna Transform,1.5 SX CRDi,1,0,0,0,0,0,0,0,0,0,0,0,0,0,0,0
Hyundai,Verna Transform,1.6 SX VTVT,1,0,0,0,0,0,0,0,0,0,0,0,0,0,0,0
Hyundai,Verna Transform,1.6 VTVT,1,0,0,0,0,0,0,0,0,0,0,0,0,0,0,0
Hyundai,Verna Transform,1.6 VTVT Audio,1,0,0,0,0,0,0,0,0,0,0,0,0,0,0,0
Jaguar,XJ L,2.0 Petrol,1,1,1,1,0,0,0,0,0,0,0,0,0,0,0,0
Jaguar,XJ L,3.0 Diesel,1,1,1,1,0,0,0,0,0,0,0,0,0,0,0,0
Jaguar,XJ L,3.0 Petrol,1,1,1,1,0,0,0,0,0,0,0,0,0,0,0,0
Jaguar,XJ L,5.0 Petrol,1,1,1,1,0,0,0,0,0,0,0,0,0,0,0,0
Jaguar,XJ L,5.0 Petrol SC Supersport,1,1,1,1,0,0,0,0,0,0,0,0,0,0,0,0
Land Rover,Discovery 4,3.0 TDV6 HSE,1,1,1,1,0,0,0,0,0,0,0,0,0,0,0,0
Land Rover,Freelander 2,HSE,1,1,1,1,1,1,0,0,0,0,0,0,0,0,0,0
Land Rover,Freelander 2,S,1,1,1,1,1,1,0,0,0,0,0,0,0,0,0,0
Land Rover,Freelander 2,SE,1,1,1,1,1,1,0,0,0,0,0,0,0,0,0,0
Mahindra,XUV500,W6,1,1,1,1,1,1,1,1,0,0,0,0,0,0,0,0
Mahindra,XUV500,W6 2013,1,1,1,1,1,0,0,0,0,0,0,0,0,0,0,0
Mahindra,XUV500,W8,1,1,1,1,1,1,1,1,0,0,0,0,0,0,0,0
Mahindra,XUV500,W8 2013,1,1,1,1,1,0,0,0,0,0,0,0,0,0,0,0
Mahindra,XUV500,W8 AWD,1,1,1,1,1,1,1,1,0,0,0,0,0,0,0,0
Maruti Suzuki,A-Star,Lxi,1,1,0,0,0,0,0,0,0,0,0,0,0,0,0,0
Maruti Suzuki,A-Star,Revo Edition,1,1,0,0,0,0,0,0,0,0,0,0,0,0,0,0
Maruti Suzuki,A-Star,Vxi,1,1,0,0,0,0,0,0,0,0,0,0,0,0,0,0
Maruti Suzuki,A-Star,Vxi (ABS) AT,1,1,1,0,0,0,0,0,0,0,0,0,0,0,0,0
Maruti Suzuki,A-Star,Zxi,1,1,0,0,0,0,0,0,0,0,0,0,0,0,0,0
Maruti Suzuki,Alto,LX BS-IV,1,1,0,0,0,0,0,0,0,0,0,0,0,0,0,0
Maruti Suzuki,Alto,LX CNG,1,1,0,0,0,0,0,0,0,0,0,0,0,0,0,0
Maruti Suzuki,Alto,LXi BS-IV,1,1,0,0,0,0,0,0,0,0,0,0,0,0,0,0
Maruti Suzuki,Alto,LXi CNG,1,1,0,0,0,0,0,0,0,0,0,0,0,0,0,0
Maruti Suzuki,Alto,Std BS-IV,1,1,0,0,0,0,0,0,0,0,0,0,0,0,0,0
Maruti Suzuki,Alto,Std CNG,1,1,0,0,0,0,0,0,0,0,0,0,0,0,0,0
Maruti Suzuki,Alto,XCITE,1,1,0,0,0,0,0,0,0,0,0,0,0,0,0,0
Maruti Suzuki,Alto K10,LXI Knight-Racer Special Edition,1,1,1,1,0,0,0,0,0,0,0,0,0,0,0,0
Maruti Suzuki,Alto K10,LXi,1,1,1,1,1,1,1,1,1,1,1,1,1,1,0,0
Maruti Suzuki,Alto K10,VXi,1,1,1,1,1,1,1,1,1,1,1,1,1,1,0,0
Maruti Suzuki,Eeco,5 STR,1,1,1,1,1,1,1,1,1,1,1,0,0,0,0,0
Maruti Suzuki,Eeco,5 STR WITH A/C+HTR,1,1,1,1,1,1,1,1,1,1,1,0,0,0,0,0
Maruti Suzuki,Eeco,5 STR WITH A/C+HTR CNG,1,1,1,1,1,1,1,1,1,1,1,0,0,0,0,0
Maruti Suzuki,Eeco,7 STR,1,1,1,1,1,1,1,1,1,1,1,0,0,0,0,0
Maruti Suzuki,Eeco,Tour V 5 STR AC,1,1,1,1,1,1,1,1,1,0,0,0,0,0,0,0
Maruti Suzuki,Estilo,LXI NLIVE,1,1,1,1,0,0,0,0,0,0,0,0,0,0,0,0
Maruti Suzuki,Estilo,LX BS-IV,1,1,1,0,0,0,0,0,0,0,0,0,0,0,0,0
Maruti Suzuki,Estilo,LXi BS-IV,1,1,1,0,0,0,0,0,0,0,0,0,0,0,0,0
Maruti Suzuki,Estilo,LXi CNG BS-III,1,1,1,1,0,0,0,0,0,0,0,0,0,0,0,0
Maruti Suzuki,Estilo,LXi CNG BS-IV,1,1,1,0,0,0,0,0,0,0,0,0,0,0,0,0
Maruti Suzuki,Estilo,VXi ABS BS-IV,1,1,1,0,0,0,0,0,0,0,0,0,0,0,0,0
Maruti Suzuki,Estilo,VXi BS-IV,1,1,1,0,0,0,0,0,0,0,0,0,0,0,0,0
Maruti Suzuki,Grand Vitara,2.4 AT,1,1,1,1,1,0,0,0,0,0,0,0,0,0,0,0
Maruti Suzuki,Grand Vitara,2.4 MT,1,1,1,1,1,0,0,0,0,0,0,0,0,0,0,0
Maruti Suzuki,Gypsy,King HT BS IV,1,1,1,1,0,0,0,0,0,0,0,0,0,0,0,0
Maruti Suzuki,Gypsy,King ST BS IV,1,1,1,1,0,0,0,0,0,0,0,0,0,0,0,0
Maruti Suzuki,Gypsy,King ST BS-IV,1,1,1,1,1,1,1,1,1,0,0,0,0,0,0,0
Maruti Suzuki,Kizashi,CVT,1,1,1,1,0,0,0,0,0,0,0,0,0,0,0,0
Maruti Suzuki,Omni,5 Seater CNG,1,1,1,1,1,1,1,1,1,0,0,0,0,0,0,0
Maruti Suzuki,Omni,5 STR BS-IV,1,1,1,1,1,1,1,1,1,0,0,0,0,0,0,0
Maruti Suzuki,Omni,8 Seater BS IV,1,1,1,1,1,1,1,1,1,0,0,0,0,0,0,0
Maruti Suzuki,Omni,E 8 STR BS-IV,1,1,1,1,1,1,1,1,1,0,0,0,0,0,0,0
Maruti Suzuki,Omni,LPG BS-III,1,1,1,1,1,1,1,1,1,0,0,0,0,0,0,0
Maruti Suzuki,Omni,LPG BS-IV,1,1,1,1,1,1,1,1,1,0,0,0,0,0,0,0
Maruti Suzuki,Omni,Cargo LPG BS III,1,0,0,0,0,0,0,0,0,0,0,0,0,0,0,0
Maruti Suzuki,Omni,Cargo LPG BS III WITH IMMOBILI,1,0,0,0,0,0,0,0,0,0,0,0,0,0,0,0
Maruti Suzuki,Omni,STD 5 SEATER,1,0,0,0,0,0,0,0,0,0,0,0,0,0,0,0
Maruti Suzuki,Omni,STD 8 SEATER,1,0,0,0,0,0,0,0,0,0,0,0,0,0,0,0
Maruti Suzuki,Ritz,GENUS VDI,1,1,0,0,0,0,0,0,0,0,0,0,0,0,0,0
Maruti Suzuki,Ritz,GENUS VXI,1,1,0,0,0,0,0,0,0,0,0,0,0,0,0,0
Maruti Suzuki,Ritz,Ldi BS-IV,1,1,1,1,1,1,1,0,0,0,0,0,0,0,0,0
Maruti Suzuki,Ritz,Lxi BS-IV,1,1,1,1,1,1,1,0,0,0,0,0,0,0,0,0
Maruti Suzuki,Ritz,Vdi (ABS) BS-IV,1,1,0,0,0,0,0,0,0,0,0,0,0,0,0,0
Maruti Suzuki,Ritz,Vdi BS-IV,1,1,1,1,1,1,1,0,0,0,0,0,0,0,0,0
Maruti Suzuki,Ritz,Vxi (ABS) BS-IV,1,1,1,1,1,1,1,0,0,0,0,0,0,0,0,0
Maruti Suzuki,Ritz,VXI BS-IV,1,1,0,0,0,0,0,0,0,0,0,0,0,0,0,0
Maruti Suzuki,Ritz,VXI Dazzle,1,1,0,0,0,0,0,0,0,0,0,0,0,0,0,0
Maruti Suzuki,Ritz,Zxi BS-IV,1,1,1,1,1,1,1,0,0,0,0,0,0,0,0,0
Maruti Suzuki,Swift,LDi,1,1,1,1,1,1,1,1,1,0,0,0,0,0,0,0
Maruti Suzuki,Swift,LDi BS-IV,1,0,0,0,0,0,0,0,0,0,0,0,0,0,0,0
Maruti Suzuki,Swift,LXi,1,1,1,1,1,1,1,1,1,1,1,1,1,1,1,1
Maruti Suzuki,Swift,LXi 1.2 BS-IV,1,0,0,0,0,0,0,0,0,0,0,0,0,0,0,0
Maruti Suzuki,Swift,VDi,1,1,1,1,1,1,1,1,1,1,0,0,0,0,0,0
Maruti Suzuki,Swift,VDi ABS BS-IV,1,0,0,0,0,0,0,0,0,0,0,0,0,0,0,0
Maruti Suzuki,Swift,VDi BS-IV,1,0,0,0,0,0,0,0,0,0,0,0,0,0,0,0
Maruti Suzuki,Swift,VDi RS,1,1,1,1,0,0,0,0,0,0,0,0,0,0,0,0
Maruti Suzuki,Swift,VXi,1,1,1,1,1,1,1,1,1,1,1,1,1,1,1,1
Maruti Suzuki,Swift,VXi 1.2 ABS BS-IV,1,0,0,0,0,0,0,0,0,0,0,0,0,0,0,0
Maruti Suzuki,Swift,VXi 1.2 BS-IV,1,0,0,0,0,0,0,0,0,0,0,0,0,0,0,0
Maruti Suzuki,Swift,VXi RS,1,1,1,1,0,0,0,0,0,0,0,0,0,0,0,0
Maruti Suzuki,Swift,ZDi,1,1,1,1,1,1,1,1,1,1,0,0,0,0,0,0
Maruti Suzuki,Swift,ZXi,1,1,1,1,1,1,1,1,1,1,1,1,1,1,1,1
Maruti Suzuki,Swift,ZXi 1.2 BS-IV,1,0,0,0,0,0,0,0,0,0,0,0,0,0,0,0
Maruti Suzuki,Swift Dzire,LDi BS-IV,1,1,0,0,0,0,0,0,0,0,0,0,0,0,0,0
Maruti Suzuki,Swift Dzire,LXi 1.2 BS-IV,1,1,0,0,0,0,0,0,0,0,0,0,0,0,0,0
Maruti Suzuki,Swift Dzire,VDi BS-IV,1,1,0,0,0,0,0,0,0,0,0,0,0,0,0,0
Maruti Suzuki,Swift Dzire,VXi 1.2 BS-IV,1,1,0,0,0,0,0,0,0,0,0,0,0,0,0,0
Maruti Suzuki,Swift Dzire,ZDi BS-IV,1,1,0,0,0,0,0,0,0,0,0,0,0,0,0,0
Maruti Suzuki,Swift Dzire,ZXi 1.2 BS-IV,1,1,0,0,0,0,0,0,0,0,0,0,0,0,0,0
Maruti Suzuki,SX4,AX,1,1,1,0,0,0,0,0,0,0,0,0,0,0,0,0
Maruti Suzuki,SX4,Celebration (Diesel),1,1,1,0,0,0,0,0,0,0,0,0,0,0,0,0
Maruti Suzuki,SX4,Celebration (Petrol),1,1,1,0,0,0,0,0,0,0,0,0,0,0,0,0
Maruti Suzuki,SX4,VDI,1,1,1,0,0,0,0,0,0,0,0,0,0,0,0,0
Maruti Suzuki,SX4,VXi,1,1,1,1,0,0,0,0,0,0,0,0,0,0,0,0
Maruti Suzuki,SX4,VXI BS-IV,1,1,1,0,0,0,0,0,0,0,0,0,0,0,0,0
Maruti Suzuki,SX4,VXI CNG BS-IV,1,1,1,0,0,0,0,0,0,0,0,0,0,0,0,0
Maruti Suzuki,SX4,ZDI,1,1,1,0,0,0,0,0,0,0,0,0,0,0,0,0
Maruti Suzuki,SX4,ZDI LEATHER,1,1,1,0,0,0,0,0,0,0,0,0,0,0,0,0
Maruti Suzuki,SX4,ZXi,1,1,1,1,0,0,0,0,0,0,0,0,0,0,0,0
Maruti Suzuki,SX4,ZXI AT BS-IV,1,1,1,0,0,0,0,0,0,0,0,0,0,0,0,0
Maruti Suzuki,SX4,ZXI AT LEATHER BS-IV,1,1,1,0,0,0,0,0,0,0,0,0,0,0,0,0
Maruti Suzuki,SX4,ZXi Leather Option,1,1,1,0,0,0,0,0,0,0,0,0,0,0,0,0
Maruti Suzuki,SX4,ZXI MT BS-IV,1,1,1,0,0,0,0,0,0,0,0,0,0,0,0,0
Maruti Suzuki,SX4,ZXI MT LEATHER BS-IV,1,1,1,0,0,0,0,0,0,0,0,0,0,0,0,0
Maruti Suzuki,Wagon R,LX,1,1,1,1,1,1,1,1,1,0,0,0,0,0,0,0
Maruti Suzuki,Wagon R,LXi,1,1,1,0,0,0,0,0,0,0,0,0,0,0,0,0
Maruti Suzuki,Wagon R 1.0,LXi CNG,1,1,1,0,0,0,0,0,0,0,0,0,0,0,0,0
Maruti Suzuki,Wagon R 1.0,LXi LPG,1,1,1,0,0,0,0,0,0,0,0,0,0,0,0,0
Maruti Suzuki,Wagon R 1.0,VXi,1,1,1,0,0,0,0,0,0,0,0,0,0,0,0,0
Maruti Suzuki,Wagon R 1.0,Vxi ABS-Airbag,1,1,1,0,0,0,0,0,0,0,0,0,0,0,0,0
Mazda,2,2.0L MT,1,1,0,0,0,0,0,0,0,0,0,0,0,0,0,0
Mercedes-Benz,GL,3.0 Grand Edition Executive,1,1,1,0,0,0,0,0,0,0,0,0,0,0,0,0
Mercedes-Benz,GL,3.0 Grand Edition Luxury,1,1,1,0,0,0,0,0,0,0,0,0,0,0,0,0
Mercedes-Benz,GL,320 CDI,1,1,1,0,0,0,0,0,0,0,0,0,0,0,0,0
Mercedes-Benz,GL,350 CDI BlueEFFICIENCY,1,1,1,0,0,0,0,0,0,0,0,0,0,0,0,0
Mercedes-Benz,GL,500,1,1,1,0,0,0,0,0,0,0,0,0,0,0,0,0
Mercedes-Benz,SLK-Class,350,1,1,1,1,1,1,0,0,0,0,0,0,0,0,0,0
Mercedes-Benz,SLK-Class,55 AMG,1,1,1,1,1,1,0,0,0,0,0,0,0,0,0,0
Mercedes-Benz,SLK-Class,SLK 200 K,1,0,0,0,0,0,0,0,0,0,0,0,0,0,0,0
Mercedes-Benz,SLK-Class,SLK 230 K,1,0,0,0,0,0,0,0,0,0,0,0,0,0,0,0
Mercedes-Benz,SLK-Class,SLK 320,1,0,0,0,0,0,0,0,0,0,0,0,0,0,0,0
Mercedes-Benz,SLK-Class,SLK 350,1,0,0,0,0,0,0,0,0,0,0,0,0,0,0,0
Mercedes-Benz,SLK-Class,SLK 55 AMG,1,0,0,0,0,0,0,0,0,0,0,0,0,0,0,0
Tata,Indica eV2,L,1,1,0,0,0,0,0,0,0,0,0,0,0,0,0,0
Tata,Indica eV2,LE,1,1,0,0,0,0,0,0,0,0,0,0,0,0,0,0
Tata,Indica eV2,LS,1,1,0,0,0,0,0,0,0,0,0,0,0,0,0,0
Tata,Indica eV2,LX,1,1,0,0,0,0,0,0,0,0,0,0,0,0,0,0
Tata,Indica V2,DLG DiCOR BS-III,1,1,1,0,0,0,0,0,0,0,0,0,0,0,0,0
Tata,Indica V2,DLS DiCOR BS-III,1,1,1,0,0,0,0,0,0,0,0,0,0,0,0,0
Tata,Indica V2,Turbo DLG,1,1,1,0,0,0,0,0,0,0,0,0,0,0,0,0
Tata,Indica V2,Turbo DLS,1,1,1,0,0,0,0,0,0,0,0,0,0,0,0,0
Tata,Indica V2,Turbo DLX,1,1,1,0,0,0,0,0,0,0,0,0,0,0,0,0
Tata,Indica V2,Turbo DLX - ABS & Airbags,1,1,1,0,0,0,0,0,0,0,0,0,0,0,0,0
Tata,Indica V2,Turbomax DLE BS-IV,1,1,1,0,0,0,0,0,0,0,0,0,0,0,0,0
Tata,Indica V2,Turbomax DLS BS-IV,1,1,1,0,0,0,0,0,0,0,0,0,0,0,0,0
Tata,Indica V2,Xeta eGL BS-IV,1,1,1,0,0,0,0,0,0,0,0,0,0,0,0,0
Tata,Indica V2,Xeta eGLE BS-IV,1,1,1,0,0,0,0,0,0,0,0,0,0,0,0,0
Tata,Indica V2,Xeta eGLE(LPG) BS-IV,1,1,1,0,0,0,0,0,0,0,0,0,0,0,0,0
Tata,Indica V2,Xeta eGLS BS-IV,1,1,1,0,0,0,0,0,0,0,0,0,0,0,0,0
Tata,Indica V2,Xeta eGLS(LPG) BS-IV,1,1,1,0,0,0,0,0,0,0,0,0,0,0,0,0
Tata,Indica V2,Xeta eGLX BS-IV,1,1,1,0,0,0,0,0,0,0,0,0,0,0,0,0
Tata,Indica V2,Xeta GL BS-III,1,1,1,0,0,0,0,0,0,0,0,0,0,0,0,0
Tata,Indica V2,Xeta GL BS-IV,1,1,1,0,0,0,0,0,0,0,0,0,0,0,0,0
Tata,Indica V2,Xeta GL1.2 BS-III,1,1,1,0,0,0,0,0,0,0,0,0,0,0,0,0
Tata,Indica V2,Xeta GLE 1.2 BS-III,1,1,1,0,0,0,0,0,0,0,0,0,0,0,0,0
Tata,Indica V2,Xeta GLE 1.2 LPG,1,1,1,0,0,0,0,0,0,0,0,0,0,0,0,0
Tata,Indica V2,Xeta GLE BS-III,1,1,1,0,0,0,0,0,0,0,0,0,0,0,0,0
Tata,Indica V2,Xeta GLE BS-IV,1,1,1,0,0,0,0,0,0,0,0,0,0,0,0,0
Tata,Indica V2,Xeta GLE(LPG) BS-IV,1,1,1,0,0,0,0,0,0,0,0,0,0,0,0,0
Tata,Indica V2,Xeta GLG 1.2 BS-III,1,1,1,0,0,0,0,0,0,0,0,0,0,0,0,0
Tata,Indica V2,Xeta GLG BS-III,1,1,1,0,0,0,0,0,0,0,0,0,0,0,0,0
Tata,Indica V2,Xeta GLS 1.2 BS-III,1,1,1,0,0,0,0,0,0,0,0,0,0,0,0,0
Tata,Indica V2,Xeta GLS 1.2 LPG,1,1,1,0,0,0,0,0,0,0,0,0,0,0,0,0
Tata,Indica V2,Xeta GLS BS-III,1,1,1,0,0,0,0,0,0,0,0,0,0,0,0,0
Tata,Indica V2,Xeta GLS BS-IV,1,1,1,0,0,0,0,0,0,0,0,0,0,0,0,0
Tata,Indica V2,Xeta GLS(LPG) BS-IV,1,1,1,0,0,0,0,0,0,0,0,0,0,0,0,0
Tata,Indica V2,Xeta GLX BS-III,1,1,1,0,0,0,0,0,0,0,0,0,0,0,0,0
Tata,Indica V2,Xeta GV BS-III,1,1,1,0,0,0,0,0,0,0,0,0,0,0,0,0
Tata,Indica V2,Xeta GVE BS-III,1,1,1,0,0,0,0,0,0,0,0,0,0,0,0,0
Tata,Indica V2,Xeta GVG BS-III,1,1,1,0,0,0,0,0,0,0,0,0,0,0,0,0
Tata,Indica V2,Xeta GVS BS-III,1,1,1,0,0,0,0,0,0,0,0,0,0,0,0,0
Tata,Indica V2,DLE BSIII,1,1,1,0,0,0,0,0,0,0,0,0,0,0,0,0
Tata,Indica V2,DLS BS III,1,0,0,0,0,0,0,0,0,0,0,0,0,0,0,0
Tata,Indica V2,DLS BSIII,1,1,1,0,0,0,0,0,0,0,0,0,0,0,0,0
Tata,Indica V2,L,1,1,0,0,0,0,0,0,0,0,0,0,0,0,0,0
Tata,Indica V2,LE,1,1,0,0,0,0,0,0,0,0,0,0,0,0,0,0
Tata,Indica V2,LE BS III,1,1,0,0,0,0,0,0,0,0,0,0,0,0,0,0
Tata,Indica V2,LE BSIII,1,1,1,0,0,0,0,0,0,0,0,0,0,0,0,0
Tata,Indica V2,LS,1,1,1,0,0,0,0,0,0,0,0,0,0,0,0,0
Tata,Indica V2,Turbomax DLE BS IV,1,0,0,0,0,0,0,0,0,0,0,0,0,0,0,0
Tata,Indica V2,Turbomax DLS BS IV,1,0,0,0,0,0,0,0,0,0,0,0,0,0,0,0
Tata,Indica V2 Xeta,GL1.2 BS III,1,0,0,0,0,0,0,0,0,0,0,0,0,0,0,0
Tata,Indica V2 Xeta,GLE 1.2 BS III,1,0,0,0,0,0,0,0,0,0,0,0,0,0,0,0
Tata,Indica V2 Xeta,GLE 1.2 LPG,1,0,0,0,0,0,0,0,0,0,0,0,0,0,0,0
Tata,Indica V2 Xeta,GLS 1.2 BS III,1,0,0,0,0,0,0,0,0,0,0,0,0,0,0,0
Tata,Indica V2 Xeta,GLS 1.2 LPG,1,0,0,0,0,0,0,0,0,0,0,0,0,0,0,0
Tata,Indica V2 Xeta,GLX 1.2L BSIII,1,0,0,0,0,0,0,0,0,0,0,0,0,0,0,0
Tata,Indica Vista,LS TDI BS-III,1,1,1,1,0,0,0,0,0,0,0,0,0,0,0,0
Tata,Indica Vista,LX TDI BS-III,1,1,1,1,0,0,0,0,0,0,0,0,0,0,0,0
Tata,Indica Vista,Aqua 1.2 Safire,1,1,1,0,0,0,0,0,0,0,0,0,0,0,0,0
Tata,Indica Vista,Aqua 1.3 Quadrajet,1,0,0,0,0,0,0,0,0,0,0,0,0,0,0,0
Tata,Indica Vista,Aqua Quadrajet BS III,1,0,0,0,0,0,0,0,0,0,0,0,0,0,0,0
Tata,Indica Vista,Aqua Quadrajet BS IV,1,0,0,0,0,0,0,0,0,0,0,0,0,0,0,0
Tata,Indica Vista,Aqua Quadrajet BS-III,1,0,0,0,0,0,0,0,0,0,0,0,0,0,0,0
Tata,Indica Vista,AQUA Safire 90 BS IV,1,0,0,0,0,0,0,0,0,0,0,0,0,0,0,0
Tata,Indica Vista,Aqua Safire BS III,1,0,0,0,0,0,0,0,0,0,0,0,0,0,0,0
Tata,Indica Vista,Aqua Safire BS IV,1,0,0,0,0,0,0,0,0,0,0,0,0,0,0,0
Tata,Indica Vista,Aqua Safire BS-III,1,0,0,0,0,0,0,0,0,0,0,0,0,0,0,0
Tata,Indica Vista,AQUA Safire-90 BS-IV,1,0,0,0,0,0,0,0,0,0,0,0,0,0,0,0
Tata,Indica Vista,Aqua TDI BS-III,1,0,0,0,0,0,0,0,0,0,0,0,0,0,0,0
Tata,Indica Vista,Aura + Quadrajet BS-III,1,0,0,0,0,0,0,0,0,0,0,0,0,0,0,0
Tata,Indica Vista,Aura 1.2 Safire,1,0,0,0,0,0,0,0,0,0,0,0,0,0,0,0
Tata,Indica Vista,Aura 1.3 Quadrajet,1,0,0,0,0,0,0,0,0,0,0,0,0,0,0,0
Tata,Indica Vista,Aura ABS 1.2 Safire,1,0,0,0,0,0,0,0,0,0,0,0,0,0,0,0
Tata,Indica Vista,Aura ABS 1.3 Quadrajet,1,0,0,0,0,0,0,0,0,0,0,0,0,0,0,0
Tata,Indica Vista,Aura ABS Quadrajet BS III,1,0,0,0,0,0,0,0,0,0,0,0,0,0,0,0
Tata,Indica Vista,Aura ABS Quadrajet BS IV,1,0,0,0,0,0,0,0,0,0,0,0,0,0,0,0
Tata,Indica Vista,Aura ABS Quadrajet BS-III,1,0,0,0,0,0,0,0,0,0,0,0,0,0,0,0
Tata,Indica Vista,Aura ABS Saffire BS-IV,1,1,1,1,0,0,0,0,0,0,0,0,0,0,0,0
Tata,Indica Vista,AURA ABS Safire 90 BS IV,1,0,0,0,0,0,0,0,0,0,0,0,0,0,0,0
Tata,Indica Vista,Aura ABS Safire BS III,1,0,0,0,0,0,0,0,0,0,0,0,0,0,0,0
Tata,Indica Vista,Aura ABS Safire BS IV,1,0,0,0,0,0,0,0,0,0,0,0,0,0,0,0
Tata,Indica Vista,Aura ABS Safire BS-III,1,0,0,0,0,0,0,0,0,0,0,0,0,0,0,0
Tata,Indica Vista,Aura Plus Saffire BS-IV,1,1,1,1,0,0,0,0,0,0,0,0,0,0,0,0
Tata,Indica Vista,AURA Plus Safire 90 BS IV,1,0,0,0,0,0,0,0,0,0,0,0,0,0,0,0
Tata,Indica Vista,Aura Quadrajet BS-III,1,0,0,0,0,0,0,0,0,0,0,0,0,0,0,0
Tata,Indica Vista,Aura Safire BS-III,1,0,0,0,0,0,0,0,0,0,0,0,0,0,0,0
Tata,Indica Vista,GLS Safire65,1,1,1,1,0,0,0,0,0,0,0,0,0,0,0,0
Tata,Indica Vista,GLX Safire65,1,1,1,0,0,0,0,0,0,0,0,0,0,0,0,0
Tata,Indica Vista,GLX Safire90,1,1,1,1,0,0,0,0,0,0,0,0,0,0,0,0
Tata,Indica Vista,GVX Safire65,1,1,1,0,0,0,0,0,0,0,0,0,0,0,0,0
Tata,Indica Vista,GVX Safire90,1,1,1,1,0,0,0,0,0,0,0,0,0,0,0,0
Tata,Indica Vista,GZX Safire90,1,1,1,1,0,0,0,0,0,0,0,0,0,0,0,0
Tata,Indica Vista,LS Quadrajet,1,1,1,1,0,0,0,0,0,0,0,0,0,0,0,0
Tata,Indica Vista,LS Quadrajet 75,1,1,1,1,0,0,0,0,0,0,0,0,0,0,0,0
Tata,Indica Vista,LX Quadrajet 75,1,1,0,0,0,0,0,0,0,0,0,0,0,0,0,0
Tata,Indica Vista,Terra 1.2 Safire,1,0,0,0,0,0,0,0,0,0,0,0,0,0,0,0
Tata,Indica Vista,Terra Quadrajet BS IV,1,0,0,0,0,0,0,0,0,0,0,0,0,0,0,0
Tata,Indica Vista,Terra Quadrajet BS-III,1,0,0,0,0,0,0,0,0,0,0,0,0,0,0,0
Tata,Indica Vista,Terra Safire 90 BS IV,1,0,0,0,0,0,0,0,0,0,0,0,0,0,0,0
Tata,Indica Vista,Terra Safire BS III,1,0,0,0,0,0,0,0,0,0,0,0,0,0,0,0
Tata,Indica Vista,Terra Safire BS IV,1,0,0,0,0,0,0,0,0,0,0,0,0,0,0,0
Tata,Indica Vista,Terra Safire BS-III,1,0,0,0,0,0,0,0,0,0,0,0,0,0,0,0
Tata,Indica Vista,Terra TDI BS-III,1,0,0,0,0,0,0,0,0,0,0,0,0,0,0,0
Tata,Indica Vista,VX Quadrajet,1,1,1,1,0,0,0,0,0,0,0,0,0,0,0,0
Tata,Indica Vista,ZX Quadrajet,1,1,1,1,0,0,0,0,0,0,0,0,0,0,0,0
Tata,Indica Vista,ZX+ Quadrajet D90,1,1,0,0,0,0,0,0,0,0,0,0,0,0,0,0
Tata,Indigo CS,1.2L GLX BSIV,1,1,0,0,0,0,0,0,0,0,0,0,0,0,0,0
Tata,Indigo CS,1.4 LS CR4,1,1,0,0,0,0,0,0,0,0,0,0,0,0,0,0
Tata,Indigo CS,GLE,1,0,0,0,0,0,0,0,0,0,0,0,0,0,0,0
Tata,Indigo CS,GLS,1,0,0,0,0,0,0,0,0,0,0,0,0,0,0,0
Tata,Indigo CS,LE TDI,1,0,0,0,0,0,0,0,0,0,0,0,0,0,0,0
Tata,Indigo CS,LS DiCOR,1,0,0,0,0,0,0,0,0,0,0,0,0,0,0,0
Tata,Indigo CS,LS TDI,1,0,0,0,0,0,0,0,0,0,0,0,0,0,0,0
Tata,Indigo CS,LX DiCOR,1,0,0,0,0,0,0,0,0,0,0,0,0,0,0,0
Tata,Indigo CS,LX TDI,1,0,0,0,0,0,0,0,0,0,0,0,0,0,0,0
Tata,Indigo eCS,1.2L GLE,1,1,1,0,0,0,0,0,0,0,0,0,0,0,0,0
Tata,Indigo eCS,1.2L GLX,1,1,1,0,0,0,0,0,0,0,0,0,0,0,0,0
Tata,Indigo eCS,1.2L GVX,1,1,1,0,0,0,0,0,0,0,0,0,0,0,0,0
Tata,Indigo eCS,1.4L L TDI BSIII,1,1,1,0,0,0,0,0,0,0,0,0,0,0,0,0
Tata,Indigo eCS,1.4L LS Dicor BSIII,1,1,1,0,0,0,0,0,0,0,0,0,0,0,0,0
Tata,Indigo eCS,1.4L LS TDI BSIII,1,1,1,0,0,0,0,0,0,0,0,0,0,0,0,0
Tata,Indigo eCS,1.4L LX,1,1,1,0,0,0,0,0,0,0,0,0,0,0,0,0
Tata,Indigo eCS,1.4L LX TDI BSIII,1,1,1,0,0,0,0,0,0,0,0,0,0,0,0,0
Tata,Indigo eCS,1.4L VX CR4,1,1,1,0,0,0,0,0,0,0,0,0,0,0,0,0
Tata,Indigo eCS,1.4L VX TDI BSIII,1,1,1,1,1,1,1,1,0,0,0,0,0,0,0,0
Tata,Indigo eCS,GLS,1,1,1,1,1,1,1,1,0,0,0,0,0,0,0,0
Tata,Indigo eCS,LE TDI,1,1,1,0,0,0,0,0,0,0,0,0,0,0,0,0
Tata,Indigo eCS,LE TDI BS-III,1,1,1,0,0,0,0,0,0,0,0,0,0,0,0,0
Tata,Indigo XL,Bi-fuel Petrol+CNG,1,0,0,0,0,0,0,0,0,0,0,0,0,0,0,0
Tata,Indigo XL,Classic Dicor,1,0,0,0,0,0,0,0,0,0,0,0,0,0,0,0
Tata,Indigo XL,Classic Petrol,1,0,0,0,0,0,0,0,0,0,0,0,0,0,0,0
Tata,Indigo XL,CR4 Diesel,1,0,0,0,0,0,0,0,0,0,0,0,0,0,0,0
Tata,Indigo XL,Grand Dicor,1,0,0,0,0,0,0,0,0,0,0,0,0,0,0,0
Tata,Indigo XL,Grand Petrol,1,0,0,0,0,0,0,0,0,0,0,0,0,0,0,0
Tata,Indigo XL,SD CR4,1,0,0,0,0,0,0,0,0,0,0,0,0,0,0,0
Tata,Manza,Aqua Quadrajet BS-III,1,1,1,1,1,0,0,0,0,0,0,0,0,0,0,0
Tata,Manza,Aqua Quadrajet BS-IV,1,1,1,1,1,0,0,0,0,0,0,0,0,0,0,0
Tata,Manza,Aqua Safire BS-III,1,0,0,0,0,0,0,0,0,0,0,0,0,0,0,0
Tata,Manza,Aqua Safire BS-IV,1,1,1,1,1,0,0,0,0,0,0,0,0,0,0,0
Tata,Manza,Aura (+) Quadrajet BS-III,1,0,0,0,0,0,0,0,0,0,0,0,0,0,0,0
Tata,Manza,Aura (+) Quadrajet BS-IV,1,0,0,0,0,0,0,0,0,0,0,0,0,0,0,0
Tata,Manza,Aura (+) Safire BS-III,1,0,0,0,0,0,0,0,0,0,0,0,0,0,0,0
Tata,Manza,Aura (+) Safire BS-IV,1,0,0,0,0,0,0,0,0,0,0,0,0,0,0,0
Tata,Manza,Aura (ABS) Quadrajet BS-III,1,0,0,0,0,0,0,0,0,0,0,0,0,0,0,0
Tata,Manza,Aura (ABS) Quadrajet BS-IV,1,0,0,0,0,0,0,0,0,0,0,0,0,0,0,0
Tata,Manza,Aura (ABS) Safire BS-III,1,0,0,0,0,0,0,0,0,0,0,0,0,0,0,0
Tata,Manza,Aura (ABS) Safire BS-IV,1,0,0,0,0,0,0,0,0,0,0,0,0,0,0,0
Tata,Manza,Aura ABS Quadrajet BS-III,1,1,1,1,1,0,0,0,0,0,0,0,0,0,0,0
Tata,Manza,Aura ABS Quadrajet BS-IV,1,1,1,1,1,0,0,0,0,0,0,0,0,0,0,0
Tata,Manza,Aura ABS Safire BS-IV,1,1,1,1,1,0,0,0,0,0,0,0,0,0,0,0
Tata,Manza,Aura Quadrajet BS-III,1,1,1,1,1,0,0,0,0,0,0,0,0,0,0,0
Tata,Manza,Aura Quadrajet BS-IV,1,1,1,1,1,0,0,0,0,0,0,0,0,0,0,0
Tata,Manza,Aura Safire BS-III,1,0,0,0,0,0,0,0,0,0,0,0,0,0,0,0
Tata,Manza,Aura Safire BS-IV,1,1,1,1,1,0,0,0,0,0,0,0,0,0,0,0
Tata,Manza,Celebration Quadrajet,1,1,1,1,1,0,0,0,0,0,0,0,0,0,0,0
Tata,Manza,Elan Quadrajet BS-IV,1,1,1,1,1,0,0,0,0,0,0,0,0,0,0,0
Tata,Manza,Elan Safire BS-IV,1,1,1,1,1,0,0,0,0,0,0,0,0,0,0,0
Tata,Manza,EXL Quadrajet,1,1,1,1,1,0,0,0,0,0,0,0,0,0,0,0
Tata,Manza,GLS,1,1,1,1,1,0,0,0,0,0,0,0,0,0,0,0
Tata,Manza,GLX,1,1,1,1,1,0,0,0,0,0,0,0,0,0,0,0
Tata,Manza,GVX,1,1,1,1,1,0,0,0,0,0,0,0,0,0,0,0
Tata,Sumo Gold,CX BS III,1,1,1,0,0,0,0,0,0,0,0,0,0,0,0,0
Tata,Sumo Gold,CX BS IV,1,1,1,0,0,0,0,0,0,0,0,0,0,0,0,0
Tata,Sumo Gold,EX BS III,1,1,1,0,0,0,0,0,0,0,0,0,0,0,0,0
Tata,Sumo Gold,EX BS IV,1,1,1,0,0,0,0,0,0,0,0,0,0,0,0,0
Tata,Sumo Gold,GX BS III,1,1,1,0,0,0,0,0,0,0,0,0,0,0,0,0
Tata,Sumo Gold,GX BS IV,1,1,1,0,0,0,0,0,0,0,0,0,0,0,0,0
Tata,Sumo Gold,LX BS III,1,1,1,0,0,0,0,0,0,0,0,0,0,0,0,0
Tata,Sumo Gold,LX BS IV,1,1,1,0,0,0,0,0,0,0,0,0,0,0,0,0
Tata,Sumo Grande MK II,EX BS-IV,1,1,1,1,0,0,0,0,0,0,0,0,0,0,0,0
Tata,Sumo Grande MK II,GX BS-IV,1,1,1,1,0,0,0,0,0,0,0,0,0,0,0,0
Tata,Sumo Grande MK II,LX BS-III,1,1,1,1,0,0,0,0,0,0,0,0,0,0,0,0
Tata,Sumo Victa,DI CX,1,0,0,0,0,0,0,0,0,0,0,0,0,0,0,0
Tata,Sumo Victa,DI EX,1,0,0,0,0,0,0,0,0,0,0,0,0,0,0,0
Tata,Sumo Victa,DI GX,1,0,0,0,0,0,0,0,0,0,0,0,0,0,0,0
Tata,Sumo Victa,DI LX,1,0,0,0,0,0,0,0,0,0,0,0,0,0,0,0
Tata,Sumo Victa,EX,1,0,0,0,0,0,0,0,0,0,0,0,0,0,0,0
Tata,Sumo Victa,GX TC 7 STR,1,0,0,0,0,0,0,0,0,0,0,0,0,0,0,0
Tata,Sumo Victa,GX TC 8 STR,1,0,0,0,0,0,0,0,0,0,0,0,0,0,0,0
Tata,Sumo Victa,LX,1,0,0,0,0,0,0,0,0,0,0,0,0,0,0,0
Tata,Xenon XT,EX 4x2,1,1,1,1,1,0,0,0,0,0,0,0,0,0,0,0
Tata,Xenon XT,EX 4x4,1,1,1,1,1,0,0,0,0,0,0,0,0,0,0,0
Toyota,Corolla Altis,1.8 G,1,1,1,1,0,0,0,0,0,0,0,0,0,0,0,0
Toyota,Corolla Altis,1.8 G AT,1,1,1,1,0,0,0,0,0,0,0,0,0,0,0,0
Toyota,Corolla Altis,1.8 G CNG,1,0,0,0,0,0,0,0,0,0,0,0,0,0,0,0
Toyota,Corolla Altis,1.8 G L CNG,1,0,0,0,0,0,0,0,0,0,0,0,0,0,0,0
Toyota,Corolla Altis,1.8 GL,1,1,1,1,0,0,0,0,0,0,0,0,0,0,0,0
Toyota,Corolla Altis,1.8 J,1,1,1,1,0,0,0,0,0,0,0,0,0,0,0,0
Toyota,Corolla Altis,1.8 J CNG,1,0,0,0,0,0,0,0,0,0,0,0,0,0,0,0
Toyota,Corolla Altis,1.8 J(S),1,1,1,1,0,0,0,0,0,0,0,0,0,0,0,0
Toyota,Corolla Altis,1.8 Sport,1,0,0,0,0,0,0,0,0,0,0,0,0,0,0,0
Toyota,Corolla Altis,1.8 VL AT,1,1,1,1,0,0,0,0,0,0,0,0,0,0,0,0
Toyota,Corolla Altis,Aero Ltd Diesel,1,1,1,1,0,0,0,0,0,0,0,0,0,0,0,0
Toyota,Corolla Altis,Aero Ltd Petrol,1,1,1,1,0,0,0,0,0,0,0,0,0,0,0,0
Toyota,Corolla Altis,Diesel Ltd,1,1,1,1,0,0,0,0,0,0,0,0,0,0,0,0
Toyota,Corolla Altis,G Diesel,1,1,1,1,1,1,1,1,1,1,0,0,0,0,0,0
Toyota,Corolla Altis,GL Diesel,1,1,1,1,1,1,1,1,1,1,0,0,0,0,0,0
Toyota,Corolla Altis,J Diesel,1,1,1,1,1,1,1,1,1,1,0,0,0,0,0,0
Toyota,Corolla Altis,J(S) Diesel,1,1,1,1,0,0,0,0,0,0,0,0,0,0,0,0
Toyota,Corolla Altis,Petrol Ltd,1,1,1,1,0,0,0,0,0,0,0,0,0,0,0,0
Volkswagen,Jetta,1.9L TDI,1,0,0,0,0,0,0,0,0,0,0,0,0,0,0,0
Volkswagen,Jetta,Comfortline 1.9 TDI AT,1,0,0,0,0,0,0,0,0,0,0,0,0,0,0,0
Volkswagen,Jetta,Comfortline 2.0L TDI,1,0,0,0,0,0,0,0,0,0,0,0,0,0,0,0
Volkswagen,Jetta,Comfortline TDI,1,1,1,1,1,1,1,0,0,0,0,0,0,0,0,0
Volkswagen,Jetta,Comfortline TSI,1,1,1,1,1,1,1,0,0,0,0,0,0,0,0,0
Volkswagen,Jetta,Highline TDI,1,1,1,1,1,1,1,0,0,0,0,0,0,0,0,0
Volkswagen,Jetta,Highline TDI AT,1,1,1,1,1,1,1,0,0,0,0,0,0,0,0,0
Volkswagen,Jetta,Trendline 1.6,1,0,0,0,0,0,0,0,0,0,0,0,0,0,0,0
Volkswagen,Jetta,Trendline 1.9 TDI,1,0,0,0,0,0,0,0,0,0,0,0,0,0,0,0
Volkswagen,Jetta,Trendline 2.0L TDI,1,0,0,0,0,0,0,0,0,0,0,0,0,0,0,0
Volkswagen,Jetta,Trendline TDI,1,1,1,1,1,1,1,0,0,0,0,0,0,0,0,0
Volkswagen,Jetta,Trendline TSI,1,1,1,1,1,1,1,0,0,0,0,0,0,0,0,0
Volkswagen,Passat,1.8L TSI,1,1,1,1,0,0,0,0,0,0,0,0,0,0,0,0
Volkswagen,Passat,2.0 PD DSG,1,1,1,1,0,0,0,0,0,0,0,0,0,0,0,0
Volkswagen,Passat,2.0 PD DSG S,1,1,1,1,0,0,0,0,0,0,0,0,0,0,0,0
Volkswagen,Passat,Comfortline DSG,1,1,1,1,0,0,0,0,0,0,0,0,0,0,0,0
Volkswagen,Passat,Highline DSG,1,1,1,1,0,0,0,0,0,0,0,0,0,0,0,0
Volkswagen,Polo,Comfortline 1.2L (D),1,1,1,1,0,0,0,0,0,0,0,0,0,0,0,0
Volkswagen,Polo,Comfortline 1.2L (P),1,1,1,1,1,1,1,1,0,0,0,0,0,0,0,0
Volkswagen,Polo,Highline 1.6L (P),1,1,0,0,0,0,0,0,0,0,0,0,0,0,0,0
Volkswagen,Polo,Highline1.2L (P),1,1,1,1,1,1,1,1,0,0,0,0,0,0,0,0
Volkswagen,Polo,Highline1.2L D,1,1,0,0,0,0,0,0,0,0,0,0,0,0,0,0
Volkswagen,Polo,Trendline 1.2L (D),1,1,1,1,0,0,0,0,0,0,0,0,0,0,0,0
Volkswagen,Polo,Trendline 1.2L (P),1,1,1,1,1,1,1,1,0,0,0,0,0,0,0,0
Volkswagen,Vento,Comfortline Diesel,1,1,1,1,1,1,0,0,0,0,0,0,0,0,0,0
Volkswagen,Vento,Comfortline Petrol,1,1,1,1,1,1,0,0,0,0,0,0,0,0,0,0
Volkswagen,Vento,Highline Diesel,1,1,1,1,1,1,0,0,0,0,0,0,0,0,0,0
Volkswagen,Vento,Highline Petrol,1,1,1,1,1,1,0,0,0,0,0,0,0,0,0,0
Volkswagen,Vento,Highline Petrol AT,1,1,1,1,1,1,0,0,0,0,0,0,0,0,0,0
Volkswagen,Vento,IPL Edition,1,1,0,0,0,0,0,0,0,0,0,0,0,0,0,0
Volkswagen,Vento,Trendline Diesel,1,1,1,1,1,1,0,0,0,0,0,0,0,0,0,0
Volkswagen,Vento,Trendline Petrol,1,1,1,1,1,1,0,0,0,0,0,0,0,0,0,0
Aston Martin,Rapide,LUXE,0,1,1,1,1,1,0,0,0,0,0,0,0,0,0,0
Audi,RS5,Coupe,0,1,1,1,1,1,1,1,1,1,0,0,0,0,0,0
Bentley,Mulsanne,V8,0,1,1,1,1,1,1,1,1,1,0,0,0,0,0,0
Bugatti,Veyron,16.4 Grand Sport,0,1,1,1,1,1,1,1,1,1,0,0,0,0,0,0
Chevrolet,Sail U-VA,1.2 Base,0,1,1,1,1,1,1,1,0,0,0,0,0,0,0,0
Chevrolet,Sail U-VA,1.2 LS,0,1,1,1,1,1,1,1,0,0,0,0,0,0,0,0
Chevrolet,Sail U-VA,1.2 LS ABS,0,1,1,1,1,1,1,1,0,0,0,0,0,0,0,0
Chevrolet,Sail U-VA,1.2 LT ABS,0,1,1,1,1,1,1,1,0,0,0,0,0,0,0,0
Chevrolet,Sail U-VA,1.3 Base,0,1,1,1,1,1,1,1,0,0,0,0,0,0,0,0
Chevrolet,Sail U-VA,1.3 LS,0,1,1,1,1,1,1,1,0,0,0,0,0,0,0,0
Chevrolet,Sail U-VA,1.3 LS ABS,0,1,1,1,1,1,1,1,0,0,0,0,0,0,0,0
Chevrolet,Sail U-VA,1.3 LT ABS,0,1,1,1,1,1,1,1,0,0,0,0,0,0,0,0
Fiat,Grande Punto,Sport 1.3,0,1,1,0,0,0,0,0,0,0,0,0,0,0,0,0
Land Rover,Discovery 4,3.0 TDV6 SE,0,1,1,0,0,0,0,0,0,0,0,0,0,0,0,0
Land Rover,Freelander 2,HSE SD4,0,1,1,0,0,0,0,0,0,0,0,0,0,0,0,0
Land Rover,Freelander 2,SE TD4,0,1,1,0,0,0,0,0,0,0,0,0,0,0,0,0
Maruti Suzuki,A-Star,LXI,0,1,1,0,0,0,0,0,0,0,0,0,0,0,0,0
Maruti Suzuki,A-Star,VXI,0,1,1,0,0,0,0,0,0,0,0,0,0,0,0,0
Maruti Suzuki,A-Star,VXI AT,0,1,1,0,0,0,0,0,0,0,0,0,0,0,0,0
Maruti Suzuki,A-Star,ZXI,0,1,1,0,0,0,0,0,0,0,0,0,0,0,0,0
Maruti Suzuki,A-Star,ZXI (Opt),0,1,1,0,0,0,0,0,0,0,0,0,0,0,0,0
Maruti Suzuki,A-Star,Aktiv Edition,0,1,1,0,0,0,0,0,0,0,0,0,0,0,0,0
Maruti Suzuki,Alto 800,Lx,0,1,1,1,1,1,0,0,0,0,0,0,0,0,0,0
Maruti Suzuki,Alto 800,Lx (Airbag),0,1,1,1,1,1,0,0,0,0,0,0,0,0,0,0
Maruti Suzuki,Alto 800,Lx CNG,0,1,1,1,1,1,0,0,0,0,0,0,0,0,0,0
Maruti Suzuki,Alto 800,Lxi,0,1,1,1,1,1,0,0,0,0,0,0,0,0,0,0
Maruti Suzuki,Alto 800,Lxi (Airbag),0,1,1,1,1,1,0,0,0,0,0,0,0,0,0,0
Maruti Suzuki,Alto 800,LXi Anniversary Edition,0,1,1,1,1,1,0,0,0,0,0,0,0,0,0,0
Maruti Suzuki,Alto 800,Lxi CNG,0,1,1,1,1,1,0,0,0,0,0,0,0,0,0,0
Maruti Suzuki,Alto 800,Lxi CNG (Airbag),0,1,1,1,1,1,0,0,0,0,0,0,0,0,0,0
Maruti Suzuki,Alto 800,LXI MAXIMUM LIMITED EDITION,0,1,1,1,1,1,0,0,0,0,0,0,0,0,0,0
Maruti Suzuki,Alto 800,Std,0,1,1,1,1,1,0,0,0,0,0,0,0,0,0,0
Maruti Suzuki,Alto 800,Std (Airbag),0,1,1,1,1,1,0,0,0,0,0,0,0,0,0,0
Maruti Suzuki,Alto 800,Std CNG,0,1,1,1,1,1,0,0,0,0,0,0,0,0,0,0
Maruti Suzuki,Alto 800,Vxi,0,1,1,1,1,1,0,0,0,0,0,0,0,0,0,0
Maruti Suzuki,Ertiga,VDI ABS ANNIVERSARY EDITION,0,1,1,1,1,0,0,0,0,0,0,0,0,0,0,0
Maruti Suzuki,Ertiga,LDi,0,1,1,1,1,0,0,0,0,0,0,0,0,0,0,0
Maruti Suzuki,Ertiga,LXi,0,1,1,1,1,1,1,1,1,1,1,1,0,0,0,0
Maruti Suzuki,Ertiga,LXi CNG,0,1,1,1,1,0,0,0,0,0,0,0,0,0,0,0
Maruti Suzuki,Ertiga,Paseo Edition VDI,0,1,1,1,1,0,0,0,0,0,0,0,0,0,0,0
Maruti Suzuki,Ertiga,Paseo Edition VXI,0,1,1,1,1,0,0,0,0,0,0,0,0,0,0,0
Maruti Suzuki,Ertiga,VDi,0,1,1,1,1,0,0,0,0,0,0,0,0,0,0,0
Maruti Suzuki,Ertiga,Vxi,0,1,1,1,1,0,0,0,0,0,0,0,0,0,0,0
Maruti Suzuki,Ertiga,Vxi ABS,0,1,1,1,1,0,0,0,0,0,0,0,0,0,0,0
Maruti Suzuki,Ertiga,VXI ANNIVERSARY EDITION,0,1,1,1,1,1,1,1,0,0,0,0,0,0,0,0
Maruti Suzuki,Ertiga,Vxi CNG,0,1,1,1,1,0,0,0,0,0,0,0,0,0,0,0
Maruti Suzuki,Ertiga,ZDi,0,1,1,1,1,0,0,0,0,0,0,0,0,0,0,0
Maruti Suzuki,Ertiga,ZXi,0,1,1,1,1,1,1,1,1,1,1,1,0,0,0,0
Maruti Suzuki,Ritz,Vdi ABS BS-IV,0,1,1,1,1,1,1,0,0,0,0,0,0,0,0,0
Maruti Suzuki,Ritz,Vxi AT BS-IV,0,1,1,1,1,1,1,0,0,0,0,0,0,0,0,0
Maruti Suzuki,Ritz,Vxi BS-IV,0,1,1,1,1,1,1,0,0,0,0,0,0,0,0,0
Maruti Suzuki,Ritz,Zdi BS-IV,0,1,1,1,1,1,1,0,0,0,0,0,0,0,0,0
Maruti Suzuki,Swift Dzire,Tour Diesel,0,1,1,1,1,0,0,0,0,0,0,0,0,0,0,0
Maruti Suzuki,Swift Dzire,Tour S CNG,0,1,1,1,1,0,0,0,0,0,0,0,0,0,0,0
Maruti Suzuki,Swift Dzire,Tour S Diesel,0,1,1,1,1,0,0,0,0,0,0,0,0,0,0,0
Maruti Suzuki,Swift Dzire,Automatic,0,1,1,1,1,0,0,0,0,0,0,0,0,0,0,0
Maruti Suzuki,Swift Dzire,LDI,0,1,1,1,1,1,1,0,0,0,0,0,0,0,0,0
Maruti Suzuki,Swift Dzire,LXI,0,1,1,1,1,1,1,0,0,0,0,0,0,0,0,0
Maruti Suzuki,Swift Dzire,VDI,0,1,1,1,1,1,1,0,0,0,0,0,0,0,0,0
Maruti Suzuki,Swift Dzire,VXI,0,1,1,1,1,1,1,0,0,0,0,0,0,0,0,0
Maruti Suzuki,Swift Dzire,ZDI,0,1,1,1,1,1,1,0,0,0,0,0,0,0,0,0
Maruti Suzuki,Swift Dzire,ZXI,0,1,1,1,1,1,1,0,0,0,0,0,0,0,0,0
Maruti Suzuki,Swift Dzire,Tour,0,1,1,1,1,0,0,0,0,0,0,0,0,0,0,0
Mercedes-Benz,ML-Class,250 CDI,0,1,1,1,1,0,0,0,0,0,0,0,0,0,0,0
Mercedes-Benz,ML-Class,350 CDI,0,1,1,1,1,0,0,0,0,0,0,0,0,0,0,0
Mercedes-Benz,ML-Class,350 CDI GRAND EDITION,0,1,1,1,1,0,0,0,0,0,0,0,0,0,0,0
Mercedes-Benz,ML-Class,ML 63 AMG,0,1,1,1,1,0,0,0,0,0,0,0,0,0,0,0
Mitsubishi,Pajero Sport,2.5 AT,0,1,1,1,1,1,1,1,1,1,0,0,0,0,0,0
Mitsubishi,Pajero Sport,2.5 MT,0,1,1,1,1,1,1,1,1,1,0,0,0,0,0,0
Mitsubishi,Pajero Sport,Select Plus AT,0,1,1,1,1,1,1,1,1,1,0,0,0,0,0,0
Ssangyong,Rexton,RX5,0,1,1,1,1,1,1,0,0,0,0,0,0,0,0,0
Ssangyong,Rexton,RX6,0,1,1,1,1,1,1,0,0,0,0,0,0,0,0,0
Ssangyong,Rexton,RX7,0,1,1,1,1,1,1,0,0,0,0,0,0,0,0,0
Tata,Indica Vista,D90 VX BS IV,0,1,1,1,0,0,0,0,0,0,0,0,0,0,0,0
Tata,Indica Vista,D90 ZX+ BS IV,0,1,1,1,0,0,0,0,0,0,0,0,0,0,0,0
Tata,Indica Vista,GLX Safire65 BS IV,0,1,1,1,0,0,0,0,0,0,0,0,0,0,0,0
Tata,Indica Vista,GVX Safire65 BS IV,0,1,1,1,0,0,0,0,0,0,0,0,0,0,0,0
Tata,Indica Vista,LS Quadrajet BS IV,0,1,1,1,0,0,0,0,0,0,0,0,0,0,0,0
Tata,Indica Vista,LX Quadrajet,0,1,1,1,0,0,0,0,0,0,0,0,0,0,0,0
Tata,Indica Vista,VX Quadrajet BS IV,0,1,1,1,0,0,0,0,0,0,0,0,0,0,0,0
Tata,Indigo eCS,1.4L LS CR4 BSIV,0,1,1,1,1,1,1,1,0,0,0,0,0,0,0,0
Tata,Manza,EX Quadrajet,0,1,1,1,1,0,0,0,0,0,0,0,0,0,0,0
Tata,Manza,LS Quadrajet,0,1,1,1,1,0,0,0,0,0,0,0,0,0,0,0
Tata,Manza,LX Quadrajet,0,1,1,1,1,0,0,0,0,0,0,0,0,0,0,0
Tata,Manza,VX Quadrajet,0,1,1,1,1,0,0,0,0,0,0,0,0,0,0,0
Tata,Safari Storme,2.2 EX 4x2,0,1,1,1,1,0,0,0,0,0,0,0,0,0,0,0
Tata,Safari Storme,2.2 LX 4x2,0,1,1,1,1,1,1,1,1,1,0,0,0,0,0,0
Tata,Safari Storme,2.2 VX 4x2,0,1,1,1,1,1,0,0,0,0,0,0,0,0,0,0
Tata,Safari Storme,2.2 VX 4x4,0,1,1,1,1,1,0,0,0,0,0,0,0,0,0,0
Tata,Safari Storme,Explorer Edition,0,1,1,1,1,0,0,0,0,0,0,0,0,0,0,0
Volkswagen,Passat,Trendline MT,0,1,1,1,0,0,0,0,0,0,0,0,0,0,0,0
Volkswagen,Polo,GT TDI,0,1,1,1,1,1,1,1,1,1,0,0,0,0,0,0
Volkswagen,Polo,Highline1.2L (D),0,1,1,1,0,0,0,0,0,0,0,0,0,0,0,0
Volkswagen,Polo,SR 1.2L (P),0,1,1,1,0,0,0,0,0,0,0,0,0,0,0,0
Volkswagen,Vento,Comfortline Style Diesel,0,1,1,1,0,0,0,0,0,0,0,0,0,0,0,0
Volkswagen,Vento,Comfortline Style Petrol,0,1,1,1,0,0,0,0,0,0,0,0,0,0,0,0
Volkswagen,Vento,TSI,0,1,1,1,1,0,0,0,0,0,0,0,0,0,0,0
Audi,RS5,4.2 Coupe,0,0,1,1,1,1,0,0,0,0,0,0,0,0,0,0
Audi,S6,4.0 TFSI,0,0,1,1,1,1,0,0,0,0,0,0,0,0,0,0
Land Rover,Discovery 4,3.0L TDV6 SE,0,0,1,1,0,0,0,0,0,0,0,0,0,0,0,0
Mahindra,Verito Vibe,1.5 D6,0,0,1,1,1,1,1,1,1,1,0,0,0,0,0,0
Mahindra,Verito Vibe,D4 1.5L,0,0,1,1,1,1,1,1,1,1,0,0,0,0,0,0
Mahindra,XUV500,W4,0,0,1,1,1,1,1,1,0,0,0,0,0,0,0,0
Mahindra,XUV500,W8 AWD 2013,0,0,1,0,0,0,0,0,0,0,0,0,0,0,0,0
Maruti Suzuki,Alto 800,Vxi (Airbag),0,0,1,1,1,1,0,0,0,0,0,0,0,0,0,0
Maruti Suzuki,Alto K10,VXI MUSIK EDITION,0,0,1,1,0,0,0,0,0,0,0,0,0,0,0,0
Maruti Suzuki,Celerio,LXi,0,0,1,1,1,1,1,1,1,1,1,1,1,1,1,1
Maruti Suzuki,Celerio,VXi,0,0,1,1,1,1,1,1,1,1,1,1,1,1,1,1
Maruti Suzuki,Celerio,VXi AMT,0,0,1,1,1,1,1,1,1,1,1,1,1,1,1,1
Maruti Suzuki,Celerio,ZXi,0,0,1,1,1,1,1,1,1,1,1,1,1,1,1,1
Maruti Suzuki,Ertiga,VXi Feliz Edition Petrol,0,0,1,1,1,0,0,0,0,0,0,0,0,0,0,0
Maruti Suzuki,Omni,Utsav Edition 5 STR,0,0,1,1,1,1,1,1,1,0,0,0,0,0,0,0
Maruti Suzuki,Omni,Utsav Edition 8 STR,0,0,1,1,1,1,1,1,1,0,0,0,0,0,0,0
Maruti Suzuki,Ritz,VDI Buzz,0,0,1,1,1,1,1,0,0,0,0,0,0,0,0,0
Maruti Suzuki,Ritz,Buzz Edition AMT,0,0,1,1,1,1,1,0,0,0,0,0,0,0,0,0
Maruti Suzuki,Ritz,VXi BUZZ Edition,0,0,1,1,1,1,1,0,0,0,0,0,0,0,0,0
Maruti Suzuki,Swift Dzire,Regal LTD,0,0,1,1,1,0,0,0,0,0,0,0,0,0,0,0
Maruti Suzuki,SX4,VDi,0,0,1,1,0,0,0,0,0,0,0,0,0,0,0,0
Maruti Suzuki,SX4,VXi CNG,0,0,1,1,0,0,0,0,0,0,0,0,0,0,0,0
Maruti Suzuki,SX4,ZDi,0,0,1,1,0,0,0,0,0,0,0,0,0,0,0,0
Maruti Suzuki,SX4,ZDi (Opt),0,0,1,1,0,0,0,0,0,0,0,0,0,0,0,0
Maruti Suzuki,SX4,ZXi (Opt),0,0,1,1,0,0,0,0,0,0,0,0,0,0,0,0
Maruti Suzuki,Wagon R,LXI,0,0,1,1,1,1,1,1,1,0,0,0,0,0,0,0
Maruti Suzuki,Wagon R,LXI CNG,0,0,1,1,1,1,1,1,1,0,0,0,0,0,0,0
Maruti Suzuki,Wagon R,LXI Madhavan Signature edition,0,0,1,1,1,1,1,1,1,0,0,0,0,0,0,0
Maruti Suzuki,Wagon R,VXI,0,0,1,1,1,1,1,1,1,0,0,0,0,0,0,0
Maruti Suzuki,Wagon R,Vxi (ABS-Airbag),0,0,1,1,1,1,1,1,1,0,0,0,0,0,0,0
Maruti Suzuki,Wagon R Stingray,LXi,0,0,1,1,1,1,1,0,0,0,0,0,0,0,0,0
Maruti Suzuki,Wagon R Stingray,VXi,0,0,1,1,1,1,1,0,0,0,0,0,0,0,0,0
Maruti Suzuki,Wagon R Stingray,VXi (O),0,0,1,1,1,1,1,0,0,0,0,0,0,0,0,0
Mercedes-Benz,GL,350 CDI,0,0,1,1,1,1,0,0,0,0,0,0,0,0,0,0
Mercedes-Benz,GL,63 AMG,0,0,1,1,1,1,0,0,0,0,0,0,0,0,0,0
Nissan,Micra Active,XE,0,0,1,1,1,1,1,1,0,0,0,0,0,0,0,0
Nissan,Micra Active,XL,0,0,1,1,1,1,1,1,1,1,0,0,0,0,0,0
Nissan,Micra Active,XV,0,0,1,1,1,1,1,1,1,1,0,0,0,0,0,0
Nissan,Micra Active,XV Safety Pack,0,0,1,1,1,1,1,1,0,0,0,0,0,0,0,0
Tata,Indica eV2,1.4L L BSIV,0,0,1,1,1,1,1,1,0,0,0,0,0,0,0,0
Tata,Indica eV2,1.4L LE BSIV,0,0,1,1,1,1,1,1,0,0,0,0,0,0,0,0
Tata,Indica eV2,1.4L LS BSIII,0,0,1,1,1,1,1,1,0,0,0,0,0,0,0,0
Tata,Indica eV2,1.4L LS BSIV,0,0,1,1,1,1,1,1,0,0,0,0,0,0,0,0
Tata,Indica eV2,1.4L LX BSIII,0,0,1,1,1,1,1,1,0,0,0,0,0,0,0,0
Tata,Indica eV2,1.4L LX BSIV,0,0,1,1,1,1,1,1,0,0,0,0,0,0,0,0
Tata,Indica Vista,1.3L LS,0,0,1,1,1,1,0,0,0,0,0,0,0,0,0,0
Tata,Indica Vista,LX 1.4L TDI BSIII,0,0,1,1,1,1,0,0,0,0,0,0,0,0,0,0
Tata,Indica Vista,Tech 1.3L LS DIESEL,0,0,1,1,1,1,0,0,0,0,0,0,0,0,0,0
Tata,Indica Vista,Tech 1.4L LS DIESEL,0,0,1,1,1,1,0,0,0,0,0,0,0,0,0,0
Tata,Indica Vista,VX Quadrajet D90,0,0,1,1,0,0,0,0,0,0,0,0,0,0,0,0
Tata,Indigo eCS,GLS eMAX CNG,0,0,1,1,1,1,1,1,0,0,0,0,0,0,0,0
Tata,Indigo eCS,1.4L L CR4 BSIV,0,0,1,1,1,1,1,1,0,0,0,0,0,0,0,0
Tata,Indigo eCS,1.4L LE CR4 BSIV,0,0,1,1,1,1,1,1,0,0,0,0,0,0,0,0
Tata,Indigo eCS,LS TDI BS-III,0,0,1,1,1,1,1,1,0,0,0,0,0,0,0,0
Tata,Indigo eCS,LX CR4 BS-IV,0,0,1,1,1,1,1,1,0,0,0,0,0,0,0,0
Tata,Indigo eCS,LX TDI BS-III,0,0,1,1,1,1,1,1,0,0,0,0,0,0,0,0
Tata,Indigo eCS,VX CR4 BS-IV,0,0,1,1,1,1,1,1,0,0,0,0,0,0,0,0
Tata,Manza,GEX,0,0,1,1,1,0,0,0,0,0,0,0,0,0,0,0
Tata,Sumo Gold,EX BS-IV,0,0,1,1,1,1,1,1,1,0,0,0,0,0,0,0
Tata,Sumo Gold,GX BS-IV,0,0,1,1,1,1,1,1,1,0,0,0,0,0,0,0
Volkswagen,Cross Polo,1.2 MPI,0,0,1,1,1,1,1,0,0,0,0,0,0,0,0,0
Volkswagen,Cross Polo,1.2 TDI,0,0,1,1,1,0,0,0,0,0,0,0,0,0,0,0
Volkswagen,Cross Polo,1.5 TDI,0,0,1,1,1,1,1,0,0,0,0,0,0,0,0,0
Volkswagen,Polo,GT TSI,0,0,1,1,1,1,1,1,1,1,0,0,0,0,0,0
Volvo,V40 Cross Country,D3,0,0,1,1,1,0,0,0,0,0,0,0,0,0,0,0
Aston Martin,DB9,Coupe,0,0,0,1,1,1,0,0,0,0,0,0,0,0,0,0
Aston Martin,DB9,Volante,0,0,0,1,1,1,0,0,0,0,0,0,0,0,0,0
Audi,A3 Cabriolet,40 TFSI,0,0,0,1,1,1,1,0,0,0,0,0,0,0,0,0
BMW,3 Series GT,320d Luxury Line,0,0,0,1,1,1,1,1,1,1,0,0,0,0,0,0
BMW,M3,Sedan,0,0,0,1,1,1,1,1,1,0,0,0,0,0,0,0
BMW,M5,4.4 V8,0,0,0,1,1,1,1,1,0,0,0,0,0,0,0,0
Datsun,Go Plus,A,0,0,0,1,1,1,1,1,1,1,1,1,0,0,0,0
Datsun,Go Plus,D1,0,0,0,1,1,1,1,1,0,0,0,0,0,0,0,0
Fiat,Punto Evo,Active 1.2,0,0,0,1,1,1,1,1,0,0,0,0,0,0,0,0
Fiat,Punto Evo,Active Multijet 1.3,0,0,0,1,1,1,1,1,0,0,0,0,0,0,0,0
Fiat,Punto Evo,Dynamic 1.2,0,0,0,1,1,1,1,1,0,0,0,0,0,0,0,0
Fiat,Punto Evo,Dynamic 1.2L Fire,0,0,0,1,1,1,1,1,0,0,0,0,0,0,0,0
Fiat,Punto Evo,Dynamic 1.2L Fire Automatic,0,0,0,1,1,1,1,1,0,0,0,0,0,0,0,0
Fiat,Punto Evo,Emotion 1.4,0,0,0,1,1,1,1,1,0,0,0,0,0,0,0,0
Fiat,Punto Evo,Emotion Multijet 1.3,0,0,0,1,1,1,1,1,0,0,0,0,0,0,0,0
Fiat,Punto Evo,Sportivo 1.3,0,0,0,1,1,1,1,1,0,0,0,0,0,0,0,0
Hyundai,Elite i20,1.2L SPORTZ CELEBRATION EDITION,0,0,0,1,1,0,0,0,0,0,0,0,0,0,0,0
Hyundai,Elite i20,Asta 1.2,0,0,0,1,1,1,1,1,1,0,0,0,0,0,0,0
Hyundai,Elite i20,Asta 1.4 CRDI,0,0,0,1,1,1,1,1,0,0,0,0,0,0,0,0
Hyundai,Elite i20,Era 1.2,0,0,0,1,1,1,1,1,1,1,0,0,0,0,0,0
Hyundai,Elite i20,Era 1.4 CRDI,0,0,0,1,1,1,1,1,0,0,0,0,0,0,0,0
Hyundai,Elite i20,Magna 1.2,0,0,0,1,1,1,1,0,0,0,0,0,0,0,0,0
Hyundai,Elite i20,Magna 1.4 CRDI,0,0,0,1,1,1,1,0,0,0,0,0,0,0,0,0
Hyundai,Elite i20,Sportz 1.2,0,0,0,1,1,1,1,1,1,0,0,0,0,0,0,0
Hyundai,Elite i20,Sportz 1.2 (O),0,0,0,1,1,0,0,0,0,0,0,0,0,0,0,0
Hyundai,Elite i20,Sportz 1.4,0,0,0,1,1,1,0,0,0,0,0,0,0,0,0,0
Hyundai,Elite i20,Sportz 1.4 (O),0,0,0,1,1,1,0,0,0,0,0,0,0,0,0,0
Jaguar,XJ L,2.0 i4 Portfolio,0,0,0,1,1,1,0,0,0,0,0,0,0,0,0,0
Jaguar,XJ L,2.0 i4 Premium Luxury,0,0,0,1,1,1,0,0,0,0,0,0,0,0,0,0
Jaguar,XJ L,2.0 Portfolio,0,0,0,1,1,1,1,1,0,0,0,0,0,0,0,0
Jaguar,XJ L,3.0 V6,0,0,0,1,1,1,0,0,0,0,0,0,0,0,0,0
Jaguar,XJ L,3.0 V6 Portfolio,0,0,0,1,1,1,0,0,0,0,0,0,0,0,0,0
Jaguar,XJ L,3.0 V6 premium-luxury,0,0,0,1,1,1,0,0,0,0,0,0,0,0,0,0
Jaguar,XJ L,5.0 V8,0,0,0,1,1,1,0,0,0,0,0,0,0,0,0,0
Land Rover,Freelander 2,Sterling Edition,0,0,0,1,1,1,0,0,0,0,0,0,0,0,0,0
Mahindra,XUV500,Sportz Ltd,0,0,0,1,1,0,0,0,0,0,0,0,0,0,0,0
Maruti Suzuki,Alto K10,LX,0,0,0,1,1,1,1,1,1,1,0,0,0,0,0,0
Maruti Suzuki,Alto K10,LXi CNG,0,0,0,1,1,1,1,1,1,1,0,0,0,0,0,0
Maruti Suzuki,Alto K10,VXi (O),0,0,0,1,1,1,1,1,1,1,1,1,1,1,1,1
Maruti Suzuki,Alto K10,VXi AMT,0,0,0,1,1,1,1,1,1,1,0,0,0,0,0,0
Maruti Suzuki,Celerio,LXi AMT,0,0,0,1,1,1,1,0,0,0,0,0,0,0,0,0
Maruti Suzuki,Celerio,VXI (O) AMT,0,0,0,1,1,1,1,0,0,0,0,0,0,0,0,0
Maruti Suzuki,Celerio,VXi CNG,0,0,0,1,1,1,1,1,1,1,1,1,1,1,1,1
Maruti Suzuki,Celerio,ZXI (O) AMT,0,0,0,1,1,1,1,0,0,0,0,0,0,0,0,0
Maruti Suzuki,Celerio,ZXi Opt,0,0,0,1,1,1,1,0,0,0,0,0,0,0,0,0
Maruti Suzuki,Ciaz,VDi,0,0,0,1,1,0,0,0,0,0,0,0,0,0,0,0
Maruti Suzuki,Ciaz,VDi +,0,0,0,1,1,0,0,0,0,0,0,0,0,0,0,0
Maruti Suzuki,Ciaz,VXi,0,0,0,1,1,1,1,0,0,0,0,0,0,0,0,0
Maruti Suzuki,Ciaz,VXi+,0,0,0,1,1,1,1,0,0,0,0,0,0,0,0,0
Maruti Suzuki,Ciaz,VXi+ AT,0,0,0,1,1,1,1,0,0,0,0,0,0,0,0,0
Maruti Suzuki,Ciaz,ZDi,0,0,0,1,1,0,0,0,0,0,0,0,0,0,0,0
Maruti Suzuki,Ciaz,ZDi (O),0,0,0,1,1,0,0,0,0,0,0,0,0,0,0,0
Maruti Suzuki,Ciaz,ZXi,0,0,0,1,1,1,1,0,0,0,0,0,0,0,0,0
Maruti Suzuki,Ciaz,ZXi  AT,0,0,0,1,1,1,1,0,0,0,0,0,0,0,0,0
Maruti Suzuki,Ciaz,ZXi (O),0,0,0,1,1,0,0,0,0,0,0,0,0,0,0,0
Maruti Suzuki,Eeco,5 STR WITH HTR CNG,0,0,0,1,1,1,1,1,1,0,0,0,0,0,0,0
Maruti Suzuki,Ritz,VXI Elate Limited Edition,0,0,0,1,1,1,1,0,0,0,0,0,0,0,0,0
Maruti Suzuki,Ritz,VDI Elate Limited Edition,0,0,0,1,1,1,1,0,0,0,0,0,0,0,0,0
Maruti Suzuki,S-Cross,Zeta 1.3,0,0,0,1,1,1,1,1,1,1,0,0,0,0,0,0
Maruti Suzuki,Swift,Lxi (O),0,0,0,1,1,1,1,0,0,0,0,0,0,0,0,0
Maruti Suzuki,Swift,VDi (O),0,0,0,1,1,1,1,0,0,0,0,0,0,0,0,0
Maruti Suzuki,Swift,VXI (O),0,0,0,1,1,1,1,0,0,0,0,0,0,0,0,0
Maruti Suzuki,Wagon R,LXi LPG,0,0,0,1,1,1,1,1,1,0,0,0,0,0,0,0
Mercedes-Benz,GLA,200 CDI Sport,0,0,0,1,1,1,1,0,0,0,0,0,0,0,0,0
Mercedes-Benz,GLA,200 CDI Style,0,0,0,1,1,1,1,0,0,0,0,0,0,0,0,0
Mercedes-Benz,GLA,200 Sport,0,0,0,1,1,1,1,1,1,1,0,0,0,0,0,0
Mercedes-Benz,GLA,45 AMG,0,0,0,1,1,1,1,0,0,0,0,0,0,0,0,0
Mini,Cooper S,1.6,0,0,0,1,1,0,0,0,0,0,0,0,0,0,0,0
Mini,Cooper S,1.6 High,0,0,0,1,1,0,0,0,0,0,0,0,0,0,0,0
Tata,Indica eV2,emax GLS CNG,0,0,0,1,1,1,1,1,0,0,0,0,0,0,0,0
Tata,Indica Vista,Tech LS BS III,0,0,0,1,1,1,0,0,0,0,0,0,0,0,0,0
Tata,Indica Vista,Tech VX BS IV,0,0,0,1,1,1,0,0,0,0,0,0,0,0,0,0
Tata,Indigo eCS,GLS eMAX,0,0,0,1,1,0,0,0,0,0,0,0,0,0,0,0
Tata,Indigo eCS,GLX eMAX,0,0,0,1,1,0,0,0,0,0,0,0,0,0,0,0
Toyota,Corolla Altis,G,0,0,0,1,1,1,1,0,0,0,0,0,0,0,0,0
Toyota,Corolla Altis,G AT Petrol,0,0,0,1,1,1,1,0,0,0,0,0,0,0,0,0
Toyota,Corolla Altis,G Petrol,0,0,0,1,1,1,1,1,1,1,0,0,0,0,0,0
Toyota,Corolla Altis,GL,0,0,0,1,1,1,1,0,0,0,0,0,0,0,0,0
Toyota,Corolla Altis,GL Petrol,0,0,0,1,1,1,1,1,1,1,0,0,0,0,0,0
Toyota,Corolla Altis,J,0,0,0,1,1,1,1,0,0,0,0,0,0,0,0,0
Toyota,Corolla Altis,JS,0,0,0,1,1,0,0,0,0,0,0,0,0,0,0,0
Toyota,Corolla Altis,JS Petrol,0,0,0,1,1,1,0,0,0,0,0,0,0,0,0,0
Toyota,Corolla Altis,VL AT Petrol,0,0,0,1,1,1,1,0,0,0,0,0,0,0,0,0
Toyota,Etios Cross,1.2 G,0,0,0,1,1,1,1,1,1,1,0,0,0,0,0,0
Toyota,Etios Cross,1.4 GD,0,0,0,1,1,1,1,1,1,1,0,0,0,0,0,0
Toyota,Etios Cross,1.4 VD,0,0,0,1,1,1,1,1,1,1,0,0,0,0,0,0
Toyota,Etios Cross,1.5 V,0,0,0,1,1,1,1,1,1,1,0,0,0,0,0,0
Volkswagen,Polo,Comfortline 1.5L (D),0,0,0,1,1,1,1,1,1,1,0,0,0,0,0,0
Volkswagen,Polo,Highline1.5L (D),0,0,0,1,1,1,1,1,0,0,0,0,0,0,0,0
Volkswagen,Polo,Trendline 1.5L (D),0,0,0,1,1,1,1,1,1,1,0,0,0,0,0,0
Volkswagen,Vento,Comfortline Diesel AT,0,0,0,1,1,1,0,0,0,0,0,0,0,0,0,0
Volkswagen,Vento,Comfortline Petrol AT,0,0,0,1,1,1,0,0,0,0,0,0,0,0,0,0
Volkswagen,Vento,Highline Diesel AT,0,0,0,1,1,1,0,0,0,0,0,0,0,0,0,0
BMW,3 Series GT,320d Sport Line,0,0,0,0,1,1,1,1,0,0,0,0,0,0,0,0
Datsun,Go Plus,A EPS,0,0,0,0,1,1,1,1,0,0,0,0,0,0,0,0
Datsun,Go Plus,D,0,0,0,0,1,1,1,1,1,1,1,1,0,0,0,0
Datsun,Go Plus,T,0,0,0,0,1,1,1,1,1,1,1,1,0,0,0,0
Datsun,Go Plus,T (O),0,0,0,0,1,1,1,1,0,0,0,0,0,0,0,0
DC Design,Avanti,Standard,0,0,0,0,1,1,1,1,1,0,0,0,0,0,0,0
Fiat,Abarth Punto,T-Jet 1.4 Abarth,0,0,0,0,1,1,1,1,0,0,0,0,0,0,0,0
Hyundai,Elite i20,Asta 1.2 (O),0,0,0,0,1,1,1,1,1,1,0,0,0,0,0,0
Hyundai,Elite i20,Asta 1.4 CRDI (O),0,0,0,0,1,1,1,1,0,0,0,0,0,0,0,0
Hyundai,Elite i20,Sportz 1.2 Special Edition,0,0,0,0,1,1,0,0,0,0,0,0,0,0,0,0
Hyundai,Elite i20,Sportz 1.4 Special Edition,0,0,0,0,1,1,0,0,0,0,0,0,0,0,0,0
Hyundai,Fluidic Verna 4S,1.4 CRDi,0,0,0,0,1,1,0,0,0,0,0,0,0,0,0,0
Hyundai,Fluidic Verna 4S,1.4 VTVT,0,0,0,0,1,1,0,0,0,0,0,0,0,0,0,0
Hyundai,Fluidic Verna 4S,1.6 CRDi S,0,0,0,0,1,1,0,0,0,0,0,0,0,0,0,0
Hyundai,Fluidic Verna 4S,1.6 CRDi S(O),0,0,0,0,1,1,0,0,0,0,0,0,0,0,0,0
Hyundai,Fluidic Verna 4S,1.6 CRDi SX,0,0,0,0,1,1,0,0,0,0,0,0,0,0,0,0
Hyundai,Fluidic Verna 4S,1.6 CRDi SX AT,0,0,0,0,1,1,0,0,0,0,0,0,0,0,0,0
Hyundai,Fluidic Verna 4S,1.6 VTVT S,0,0,0,0,1,1,0,0,0,0,0,0,0,0,0,0
Hyundai,Fluidic Verna 4S,1.6 VTVT S (O) AT,0,0,0,0,1,1,0,0,0,0,0,0,0,0,0,0
Hyundai,Fluidic Verna 4S,1.6 VTVT S(O),0,0,0,0,1,1,0,0,0,0,0,0,0,0,0,0
Hyundai,Fluidic Verna 4S,1.6 VTVT SX,0,0,0,0,1,1,0,0,0,0,0,0,0,0,0,0
Hyundai,i20 Active,1.2,0,0,0,0,1,1,0,0,0,0,0,0,0,0,0,0
Hyundai,i20 Active,1.2 S,0,0,0,0,1,1,1,1,1,1,0,0,0,0,0,0
Hyundai,i20 Active,1.2 SX,0,0,0,0,1,1,1,1,1,1,0,0,0,0,0,0
Hyundai,i20 Active,1.4,0,0,0,0,1,1,1,1,0,0,0,0,0,0,0,0
Hyundai,i20 Active,1.4 S,0,0,0,0,1,1,1,1,1,0,0,0,0,0,0,0
Hyundai,i20 Active,1.4 SX,0,0,0,0,1,1,1,1,1,1,0,0,0,0,0,0
Hyundai,i20 Active,1.4L SX (O),0,0,0,0,1,1,1,1,0,0,0,0,0,0,0,0
Mahindra,TUV300,T4,0,0,0,0,1,1,1,1,1,0,0,0,0,0,0,0
Mahindra,TUV300,T4 Plus,0,0,0,0,1,1,1,1,1,1,0,0,0,0,0,0
Mahindra,TUV300,T6,0,0,0,0,1,1,1,1,1,0,0,0,0,0,0,0
Mahindra,TUV300,T6 Plus,0,0,0,0,1,1,1,1,1,1,0,0,0,0,0,0
Mahindra,TUV300,T6 Plus AMT,0,0,0,0,1,1,1,1,1,0,0,0,0,0,0,0
Mahindra,TUV300,T8,0,0,0,0,1,1,1,1,1,1,0,0,0,0,0,0
Mahindra,TUV300,T8 AMT,0,0,0,0,1,1,1,1,1,0,0,0,0,0,0,0
Mahindra,XUV500,W10,0,0,0,0,1,1,1,1,0,0,0,0,0,0,0,0
Mahindra,XUV500,W10 AT,0,0,0,0,1,1,1,1,0,0,0,0,0,0,0,0
Mahindra,XUV500,W10 AWD,0,0,0,0,1,1,1,1,0,0,0,0,0,0,0,0
Mahindra,XUV500,W10 AWD AT,0,0,0,0,1,1,1,1,0,0,0,0,0,0,0,0
Mahindra,XUV500,W8 AT,0,0,0,0,1,1,1,1,0,0,0,0,0,0,0,0
Mahindra,XUV500,Xclusive,0,0,0,0,1,0,0,0,0,0,0,0,0,0,0,0
Mahindra,XUV500,Xclusive (Driver Power Seat),0,0,0,0,1,0,0,0,0,0,0,0,0,0,0,0
Maruti Suzuki,Baleno,Alpha 1.2,0,0,0,0,1,1,1,1,1,0,0,0,0,0,0,0
Maruti Suzuki,Baleno,Alpha 1.3,0,0,0,0,1,1,1,1,1,1,0,0,0,0,0,0
Maruti Suzuki,Baleno,Delta 1.2,0,0,0,0,1,1,1,1,1,0,0,0,0,0,0,0
Maruti Suzuki,Baleno,Delta 1.2 AT,0,0,0,0,1,1,1,1,1,0,0,0,0,0,0,0
Maruti Suzuki,Baleno,Delta 1.3,0,0,0,0,1,1,1,1,1,1,0,0,0,0,0,0
Maruti Suzuki,Baleno,Sigma 1.2,0,0,0,0,1,1,1,1,1,0,0,0,0,0,0,0
Maruti Suzuki,Baleno,Sigma 1.3,0,0,0,0,1,1,1,1,1,1,0,0,0,0,0,0
Maruti Suzuki,Baleno,Zeta 1.2,0,0,0,0,1,1,1,1,1,0,0,0,0,0,0,0
Maruti Suzuki,Baleno,Zeta 1.3,0,0,0,0,1,1,1,1,1,1,0,0,0,0,0,0
Maruti Suzuki,Celerio,LDi,0,0,0,0,1,1,1,0,0,0,0,0,0,0,0,0
Maruti Suzuki,Celerio,LDi ABS,0,0,0,0,1,1,1,0,0,0,0,0,0,0,0,0
Maruti Suzuki,Celerio,LXi ABS,0,0,0,0,1,1,1,0,0,0,0,0,0,0,0,0
Maruti Suzuki,Celerio,LXi AMT ABS,0,0,0,0,1,1,1,0,0,0,0,0,0,0,0,0
Maruti Suzuki,Celerio,VDi,0,0,0,0,1,1,1,0,0,0,0,0,0,0,0,0
Maruti Suzuki,Celerio,VDi ABS,0,0,0,0,1,1,1,0,0,0,0,0,0,0,0,0
Maruti Suzuki,Celerio,VXi ABS,0,0,0,0,1,1,1,0,0,0,0,0,0,0,0,0
Maruti Suzuki,Celerio,VXi AMT ABS,0,0,0,0,1,1,1,0,0,0,0,0,0,0,0,0
Maruti Suzuki,Celerio,VXi CNG (O),0,0,0,0,1,1,1,0,0,0,0,0,0,0,0,0
Maruti Suzuki,Celerio,ZDi,0,0,0,0,1,1,1,0,0,0,0,0,0,0,0,0
Maruti Suzuki,Celerio,ZDi Opt,0,0,0,0,1,1,1,0,0,0,0,0,0,0,0,0
Maruti Suzuki,Celerio,ZXi AMT,0,0,0,0,1,1,1,1,1,1,1,1,1,1,1,1
Maruti Suzuki,Celerio,ZXi AMT ABS,0,0,0,0,1,1,1,0,0,0,0,0,0,0,0,0
Maruti Suzuki,Ciaz,VDi (O) SHVS,0,0,0,0,1,1,1,0,0,0,0,0,0,0,0,0
Maruti Suzuki,Ciaz,VDi SHVS,0,0,0,0,1,1,1,0,0,0,0,0,0,0,0,0
Maruti Suzuki,Ciaz,VDi+ SHVS,0,0,0,0,1,1,1,0,0,0,0,0,0,0,0,0
Maruti Suzuki,Ciaz,VXi (O),0,0,0,0,1,1,1,0,0,0,0,0,0,0,0,0
Maruti Suzuki,Ciaz,ZDi SHVS,0,0,0,0,1,1,1,0,0,0,0,0,0,0,0,0
Maruti Suzuki,Ciaz,ZDi+,0,0,0,0,1,0,0,0,0,0,0,0,0,0,0,0
Maruti Suzuki,Ciaz,ZDi+ SHVS,0,0,0,0,1,1,1,0,0,0,0,0,0,0,0,0
Maruti Suzuki,Ciaz,ZDi+ SHVS RS,0,0,0,0,1,1,1,0,0,0,0,0,0,0,0,0
Maruti Suzuki,Ciaz,ZXI+,0,0,0,0,1,1,1,0,0,0,0,0,0,0,0,0
Maruti Suzuki,Ciaz,ZXi+ RS,0,0,0,0,1,1,1,0,0,0,0,0,0,0,0,0
Maruti Suzuki,Ertiga,ZDI SHVS Anniversary Edition,0,0,0,0,1,1,1,1,0,0,0,0,0,0,0,0
Maruti Suzuki,Ertiga,ZXI+ Anniversary Edition,0,0,0,0,1,1,1,1,0,0,0,0,0,0,0,0
Maruti Suzuki,Ertiga,LDI (O) SHVS,0,0,0,0,1,1,1,1,0,0,0,0,0,0,0,0
Maruti Suzuki,Ertiga,LDI SHVS,0,0,0,0,1,1,1,1,0,0,0,0,0,0,0,0
Maruti Suzuki,Ertiga,LXI,0,0,0,0,1,1,1,1,0,0,0,0,0,0,0,0
Maruti Suzuki,Ertiga,LXI (O),0,0,0,0,1,1,1,1,0,0,0,0,0,0,0,0
Maruti Suzuki,Ertiga,VDI SHVS,0,0,0,0,1,1,1,1,0,0,0,0,0,0,0,0
Maruti Suzuki,Ertiga,VXI,0,0,0,0,1,1,1,1,0,0,0,0,0,0,0,0
Maruti Suzuki,Ertiga,VXI AT,0,0,0,0,1,1,1,1,0,0,0,0,0,0,0,0
Maruti Suzuki,Ertiga,VXI CNG,0,0,0,0,1,1,1,1,0,0,0,0,0,0,0,0
Maruti Suzuki,Ertiga,ZDI + SHVS,0,0,0,0,1,1,1,1,0,0,0,0,0,0,0,0
Maruti Suzuki,Ertiga,ZDI SHVS,0,0,0,0,1,1,1,1,0,0,0,0,0,0,0,0
Maruti Suzuki,Ertiga,ZXI,0,0,0,0,1,1,1,1,0,0,0,0,0,0,0,0
Maruti Suzuki,Ertiga,ZXI+,0,0,0,0,1,1,1,1,0,0,0,0,0,0,0,0
Maruti Suzuki,S-Cross,Alpha 1.3,0,0,0,0,1,1,1,1,1,1,0,0,0,0,0,0
Maruti Suzuki,S-Cross,Alpha 1.6,0,0,0,0,1,1,1,0,0,0,0,0,0,0,0,0
Maruti Suzuki,S-Cross,Delta 1.3,0,0,0,0,1,1,1,1,1,1,0,0,0,0,0,0
Maruti Suzuki,S-Cross,Delta 1.6,0,0,0,0,1,1,1,0,0,0,0,0,0,0,0,0
Maruti Suzuki,S-Cross,Premia LE,0,0,0,0,1,1,0,0,0,0,0,0,0,0,0,0
Maruti Suzuki,S-Cross,Sigma (O),0,0,0,0,1,1,1,1,0,0,0,0,0,0,0,0
Maruti Suzuki,S-Cross,Sigma 1.3,0,0,0,0,1,1,1,1,1,1,0,0,0,0,0,0
Maruti Suzuki,S-Cross,Zeta 1.6,0,0,0,0,1,1,1,0,0,0,0,0,0,0,0,0
Maruti Suzuki,Swift,LDi ABS,0,0,0,0,1,1,1,1,0,0,0,0,0,0,0,0
Maruti Suzuki,Swift,Lxi ABS,0,0,0,0,1,1,1,1,0,0,0,0,0,0,0,0
Maruti Suzuki,Swift,VDi ABS,0,0,0,0,1,1,1,1,0,0,0,0,0,0,0,0
Maruti Suzuki,Swift,VDi Glory Edition,0,0,0,0,1,1,1,1,0,0,0,0,0,0,0,0
Maruti Suzuki,Swift,VXi ABS,0,0,0,0,1,1,1,1,0,0,0,0,0,0,0,0
Maruti Suzuki,Swift,VXi Glory Edition,0,0,0,0,1,1,1,1,0,0,0,0,0,0,0,0
Maruti Suzuki,Swift,Windsong Limited edition VDI,0,0,0,0,1,1,1,1,0,0,0,0,0,0,0,0
Maruti Suzuki,Swift,Windsong Limited edition VXI,0,0,0,0,1,1,1,1,0,0,0,0,0,0,0,0
Maruti Suzuki,Swift Dzire,LDI ABS,0,0,0,0,1,1,1,0,0,0,0,0,0,0,0,0
Maruti Suzuki,Swift Dzire,LXI (O),0,0,0,0,1,1,1,0,0,0,0,0,0,0,0,0
Maruti Suzuki,Swift Dzire,LXI ABS,0,0,0,0,1,1,1,0,0,0,0,0,0,0,0,0
Maruti Suzuki,Swift Dzire,Tour 1.2l Petrol MT,0,0,0,0,1,1,1,0,0,0,0,0,0,0,0,0
Maruti Suzuki,Swift Dzire,Tour 1.3l Diesel MT,0,0,0,0,1,1,1,0,0,0,0,0,0,0,0,0
Maruti Suzuki,Swift Dzire,Tour S 1.3l Diesel MT,0,0,0,0,1,1,1,0,0,0,0,0,0,0,0,0
Maruti Suzuki,Swift Dzire,VDI (O),0,0,0,0,1,1,1,0,0,0,0,0,0,0,0,0
Maruti Suzuki,Swift Dzire,VDi ABS,0,0,0,0,1,1,1,0,0,0,0,0,0,0,0,0
Maruti Suzuki,Swift Dzire,VXI (O),0,0,0,0,1,1,1,0,0,0,0,0,0,0,0,0
Maruti Suzuki,Swift Dzire,VXI ABS,0,0,0,0,1,1,1,0,0,0,0,0,0,0,0,0
Maruti Suzuki,Swift Dzire,VXI AT,0,0,0,0,1,1,1,0,0,0,0,0,0,0,0,0
Maruti Suzuki,Swift Dzire,VXI AT ABS,0,0,0,0,1,1,1,0,0,0,0,0,0,0,0,0
Maruti Suzuki,Swift Dzire,ZDI AMT,0,0,0,0,1,1,1,0,0,0,0,0,0,0,0,0
Maruti Suzuki,Wagon R,LXI ABS,0,0,0,0,1,1,1,1,1,0,0,0,0,0,0,0
Maruti Suzuki,Wagon R,LXi Avance LE,0,0,0,0,1,1,1,1,1,0,0,0,0,0,0,0
Maruti Suzuki,Wagon R,LXi CNG Avance LE,0,0,0,0,1,1,1,1,1,0,0,0,0,0,0,0
Maruti Suzuki,Wagon R 1.0,VXI AMT,0,0,0,0,1,1,1,1,1,0,0,0,0,0,0,0
Maruti Suzuki,Wagon R 1.0,VXI AMT (O),0,0,0,0,1,1,1,1,1,0,0,0,0,0,0,0
Maruti Suzuki,Wagon R Stingray,Lxi (O),0,0,0,0,1,1,1,0,0,0,0,0,0,0,0,0
Maruti Suzuki,Wagon R Stingray,VXi AMT,0,0,0,0,1,1,1,0,0,0,0,0,0,0,0,0
Maruti Suzuki,Wagon R Stingray,VXi AMT (O),0,0,0,0,1,1,1,0,0,0,0,0,0,0,0,0
Mercedes-Benz,E-Class Cabriolet,E 400 Cabriolet,0,0,0,0,1,1,1,1,0,0,0,0,0,0,0,0
Mercedes-Benz,GLE,250 d,0,0,0,0,1,1,1,1,1,1,0,0,0,0,0,0
Mercedes-Benz,GLE,350 d,0,0,0,0,1,1,1,1,1,1,0,0,0,0,0,0
Mercedes-Benz,S-Coupe,S 500,0,0,0,0,1,1,1,1,1,0,0,0,0,0,0,0
Mercedes-Benz,S-Coupe,S 63 AMG,0,0,0,0,1,1,1,1,1,1,1,1,0,0,0,0
Mercedes-Benz,S-Coupe,S 63 AMG 4MATIC,0,0,0,0,1,0,0,0,0,0,0,0,0,0,0,0
Tata,Nano GenX,XE,0,0,0,0,1,1,1,1,1,1,0,0,0,0,0,0
Tata,Nano GenX,XM,0,0,0,0,1,1,1,1,1,1,0,0,0,0,0,0
Tata,Nano GenX,XMA,0,0,0,0,1,1,1,1,1,1,0,0,0,0,0,0
Tata,Nano GenX,XT,0,0,0,0,1,1,1,1,1,1,0,0,0,0,0,0
Tata,Nano GenX,XTA,0,0,0,0,1,1,1,1,1,1,0,0,0,0,0,0
Tata,Safari Storme,2.2 EX 4X2,0,0,0,0,1,1,1,1,1,1,0,0,0,0,0,0
Tata,Safari Storme,2.2 VX 4x2 Varicor400,0,0,0,0,1,1,1,1,1,1,0,0,0,0,0,0
Tata,Safari Storme,2.2 VX 4x4 Varicor400,0,0,0,0,1,1,1,1,1,1,0,0,0,0,0,0
Toyota,Corolla Altis,J+,0,0,0,0,1,1,1,0,0,0,0,0,0,0,0,0
Toyota,Corolla Altis,LE Diesel,0,0,0,0,1,1,0,0,0,0,0,0,0,0,0,0
Toyota,Corolla Altis,LE Petrol,0,0,0,0,1,1,0,0,0,0,0,0,0,0,0,0
Volkswagen,Polo,Highline Exquisite (D),0,0,0,0,1,0,0,0,0,0,0,0,0,0,0,0
Volkswagen,Polo,Highline Exquisite (P),0,0,0,0,1,0,0,0,0,0,0,0,0,0,0,0
Volkswagen,Vento,1.5L Highline Konekt Limited Edition,0,0,0,0,1,1,1,1,1,0,0,0,0,0,0,0
Volkswagen,Vento,Allstar 1.5 (D),0,0,0,0,1,1,1,1,1,0,0,0,0,0,0,0
Volkswagen,Vento,Allstar 1.6 (P),0,0,0,0,1,1,1,1,1,0,0,0,0,0,0,0
Volkswagen,Vento,Highline Plus Diesel,0,0,0,0,1,1,0,0,0,0,0,0,0,0,0,0
Volkswagen,Vento,Highline Plus Petrol,0,0,0,0,1,1,0,0,0,0,0,0,0,0,0,0
Volvo,V40 Cross Country,D3 Inscription,0,0,0,0,1,1,1,1,1,0,0,0,0,0,0,0
Volvo,V40 Cross Country,T4 Momentum,0,0,0,0,1,1,1,1,0,0,0,0,0,0,0,0
Aston Martin,Rapide,S V12,0,0,0,0,0,1,1,1,1,1,0,0,0,0,0,0
BMW,3 Series GT,330i Luxury Line,0,0,0,0,0,1,1,1,0,0,0,0,0,0,0,0
Datsun,Go Plus,Style Edition,0,0,0,0,0,1,1,1,0,0,0,0,0,0,0,0
Fiat,Punto Pure,1.2 Petrol,0,0,0,0,0,1,1,1,0,0,0,0,0,0,0,0
Fiat,Punto Pure,Active 1.3L,0,0,0,0,0,1,1,1,0,0,0,0,0,0,0,0
Fiat,Urban Cross,1.3L Active,0,0,0,0,0,1,1,1,1,1,0,0,0,0,0,0
Fiat,Urban Cross,Dynamic Multijet 1.3,0,0,0,0,0,1,1,1,1,1,0,0,0,0,0,0
Fiat,Urban Cross,Emotion Multijet 1.3,0,0,0,0,0,1,1,1,1,1,0,0,0,0,0,0
Hyundai,Elite i20,Magna 1.4 AT,0,0,0,0,0,1,1,1,0,0,0,0,0,0,0,0
Hyundai,Elite i20,Sportz 1.4 CRDI,0,0,0,0,0,1,1,1,0,0,0,0,0,0,0,0
Hyundai,i20 Active,1.2 Base,0,0,0,0,0,1,1,1,1,0,0,0,0,0,0,0
Isuzu,D-Max V-Cross,4x4,0,0,0,0,0,1,1,1,0,0,0,0,0,0,0,0
Jaguar,XJ L,3.0 Portfolio,0,0,0,0,0,1,1,1,1,1,0,0,0,0,0,0
Jaguar,XJ L,3.0 Premium Luxury,0,0,0,0,0,1,1,1,1,1,0,0,0,0,0,0
Jaguar,XJ L,5.0 V8 Autobiography,0,0,0,0,0,1,1,1,0,0,0,0,0,0,0,0
Mahindra,KUV100,K2 6 STR,0,0,0,0,0,1,1,0,0,0,0,0,0,0,0,0
Mahindra,KUV100,K2 D 6 STR,0,0,0,0,0,1,1,0,0,0,0,0,0,0,0,0
Mahindra,KUV100,K2 Plus 6 STR,0,0,0,0,0,1,1,0,0,0,0,0,0,0,0,0
Mahindra,KUV100,K2 Plus D 6 STR,0,0,0,0,0,1,1,0,0,0,0,0,0,0,0,0
Mahindra,KUV100,K4 5 STR,0,0,0,0,0,1,1,0,0,0,0,0,0,0,0,0
Mahindra,KUV100,K4 6 STR,0,0,0,0,0,1,1,0,0,0,0,0,0,0,0,0
Mahindra,KUV100,K4 D 5 STR,0,0,0,0,0,1,1,0,0,0,0,0,0,0,0,0
Mahindra,KUV100,K4 D 6 STR,0,0,0,0,0,1,1,0,0,0,0,0,0,0,0,0
Mahindra,KUV100,K4 Plus 5 STR,0,0,0,0,0,1,1,0,0,0,0,0,0,0,0,0
Mahindra,KUV100,K4 Plus 6 STR,0,0,0,0,0,1,1,0,0,0,0,0,0,0,0,0
Mahindra,KUV100,K4 Plus D 5 STR,0,0,0,0,0,1,1,0,0,0,0,0,0,0,0,0
Mahindra,KUV100,K4 Plus D 6 STR,0,0,0,0,0,1,1,0,0,0,0,0,0,0,0,0
Mahindra,KUV100,K6 5 STR,0,0,0,0,0,1,1,0,0,0,0,0,0,0,0,0
Mahindra,KUV100,K6 6 STR,0,0,0,0,0,1,1,0,0,0,0,0,0,0,0,0
Mahindra,KUV100,K6 D 5 STR,0,0,0,0,0,1,1,0,0,0,0,0,0,0,0,0
Mahindra,KUV100,K6 D 6 STR,0,0,0,0,0,1,1,0,0,0,0,0,0,0,0,0
Mahindra,KUV100,K6+ 5 STR,0,0,0,0,0,1,1,0,0,0,0,0,0,0,0,0
Mahindra,KUV100,K6+ 6 STR,0,0,0,0,0,1,1,0,0,0,0,0,0,0,0,0
Mahindra,KUV100,K6+ D 5 STR,0,0,0,0,0,1,1,0,0,0,0,0,0,0,0,0
Mahindra,KUV100,K6+ D 6 STR,0,0,0,0,0,1,1,0,0,0,0,0,0,0,0,0
Mahindra,KUV100,K8 5 STR,0,0,0,0,0,1,1,0,0,0,0,0,0,0,0,0
Mahindra,KUV100,K8 6 STR,0,0,0,0,0,1,1,0,0,0,0,0,0,0,0,0
Mahindra,KUV100,K8 D 5 STR,0,0,0,0,0,1,1,0,0,0,0,0,0,0,0,0
Mahindra,KUV100,K8 D 6 STR,0,0,0,0,0,1,1,0,0,0,0,0,0,0,0,0
Mahindra,TUV300,T8 AMT mHAWK100,0,0,0,0,0,1,1,1,1,0,0,0,0,0,0,0
Mahindra,TUV300,T8 mHAWK100,0,0,0,0,0,1,1,1,1,0,0,0,0,0,0,0
Mahindra,XUV500,W10 1.99,0,0,0,0,0,1,1,1,0,0,0,0,0,0,0,0
Mahindra,XUV500,W10 AT 1.99,0,0,0,0,0,1,1,1,0,0,0,0,0,0,0,0
Mahindra,XUV500,W4 1.99,0,0,0,0,0,1,1,1,0,0,0,0,0,0,0,0
Mahindra,XUV500,W6 1.99,0,0,0,0,0,1,1,1,0,0,0,0,0,0,0,0
Mahindra,XUV500,W6 AT,0,0,0,0,0,1,1,1,0,0,0,0,0,0,0,0
Mahindra,XUV500,W6 AT 1.99,0,0,0,0,0,1,1,1,0,0,0,0,0,0,0,0
Mahindra,XUV500,W8 1.99,0,0,0,0,0,1,1,1,0,0,0,0,0,0,0,0
Mahindra,XUV500,W8 AT 1.99,0,0,0,0,0,1,1,1,0,0,0,0,0,0,0,0
Maruti Suzuki,Alto 800,Utsav Edition,0,0,0,0,0,1,1,1,1,1,0,0,0,0,0,0
Maruti Suzuki,Alto 800,LX,0,0,0,0,0,1,1,1,1,0,0,0,0,0,0,0
Maruti Suzuki,Alto 800,LX (O),0,0,0,0,0,1,1,1,1,0,0,0,0,0,0,0
Maruti Suzuki,Alto 800,LXi,0,0,0,0,0,1,1,1,1,1,1,1,0,0,0,0
Maruti Suzuki,Alto 800,LXi (O),0,0,0,0,0,1,1,1,1,1,1,1,1,0,0,0
Maruti Suzuki,Alto 800,LXi CNG,0,0,0,0,0,1,1,1,1,1,1,1,0,0,0,0
Maruti Suzuki,Alto 800,LXi CNG (O),0,0,0,0,0,1,1,1,1,0,0,0,0,0,0,0
Maruti Suzuki,Alto 800,MS Dhoni Edition,0,0,0,0,0,1,1,1,1,0,0,0,0,0,0,0
Maruti Suzuki,Alto 800,STD,0,0,0,0,0,1,1,1,1,1,1,1,0,0,0,0
Maruti Suzuki,Alto 800,STD (O),0,0,0,0,0,1,1,1,1,1,1,1,1,0,0,0
Maruti Suzuki,Alto 800,VXi,0,0,0,0,0,1,1,1,1,1,1,1,1,0,0,0
Maruti Suzuki,Alto 800,VXi (O),0,0,0,0,0,1,1,1,1,0,0,0,0,0,0,0
Maruti Suzuki,Alto K10,VXI MS Dhoni Edition,0,0,0,0,0,1,1,1,1,0,0,0,0,0,0,0
Maruti Suzuki,Alto K10,LX (O),0,0,0,0,0,1,1,1,1,0,0,0,0,0,0,0
Maruti Suzuki,Alto K10,LXi (O),0,0,0,0,0,1,1,1,1,1,1,1,1,1,1,1
Maruti Suzuki,Alto K10,LXi (O) CNG,0,0,0,0,0,1,1,1,1,0,0,0,0,0,0,0
Maruti Suzuki,Alto K10,VXi (O) AMT,0,0,0,0,0,1,1,1,1,0,0,0,0,0,0,0
Maruti Suzuki,Baleno,Zeta 1.2 AT,0,0,0,0,0,1,1,1,1,0,0,0,0,0,0,0
Maruti Suzuki,Celerio,VXi (O),0,0,0,0,0,1,1,1,1,1,1,0,0,0,0,0
Maruti Suzuki,Ciaz,ZXI+ AT,0,0,0,0,0,1,1,0,0,0,0,0,0,0,0,0
Maruti Suzuki,S-Cross,Zeta 1.3 LE,0,0,0,0,0,1,1,0,0,0,0,0,0,0,0,0
Maruti Suzuki,Swift,Deca Limited Edition VDi,0,0,0,0,0,1,1,1,0,0,0,0,0,0,0,0
Maruti Suzuki,Swift,Deca Limited Edition VXi,0,0,0,0,0,1,1,1,0,0,0,0,0,0,0,0
Maruti Suzuki,Vitara Brezza,LDi,0,0,0,0,0,1,1,1,1,1,0,0,0,0,0,0
Maruti Suzuki,Vitara Brezza,VDi,0,0,0,0,0,1,1,1,1,1,0,0,0,0,0,0
Maruti Suzuki,Vitara Brezza,ZDi,0,0,0,0,0,1,1,1,1,1,0,0,0,0,0,0
Maruti Suzuki,Vitara Brezza,ZDi Plus,0,0,0,0,0,1,1,1,1,1,0,0,0,0,0,0
Maruti Suzuki,Vitara Brezza,LDi (O),0,0,0,0,0,1,1,1,0,0,0,0,0,0,0,0
Maruti Suzuki,Vitara Brezza,VDi (O),0,0,0,0,0,1,1,1,0,0,0,0,0,0,0,0
Maruti Suzuki,Vitara Brezza,ZDi+ Dual Tone,0,0,0,0,0,1,1,1,0,0,0,0,0,0,0,0
Maruti Suzuki,Wagon R,LXI CNG (O),0,0,0,0,0,1,1,1,1,0,0,0,0,0,0,0
Maruti Suzuki,Wagon R,VXI ABS,0,0,0,0,0,1,1,1,1,0,0,0,0,0,0,0
Maruti Suzuki,Wagon R 1.0,Felicity Edition,0,0,0,0,0,1,1,1,0,0,0,0,0,0,0,0
Mercedes-Benz,GLA,200 Activity Edition,0,0,0,0,0,1,1,0,0,0,0,0,0,0,0,0
Mercedes-Benz,GLA,220 d Activity Edition,0,0,0,0,0,1,1,0,0,0,0,0,0,0,0,0
Mercedes-Benz,GLC,220 d CBU,0,0,0,0,0,1,0,0,0,0,0,0,0,0,0,0
Mercedes-Benz,GLC,220 d Progressive,0,0,0,0,0,1,1,1,1,0,0,0,0,0,0,0
Mercedes-Benz,GLC,220 d Sport,0,0,0,0,0,1,1,1,1,0,0,0,0,0,0,0
Mercedes-Benz,GLC,300 CBU,0,0,0,0,0,1,0,0,0,0,0,0,0,0,0,0
Mercedes-Benz,GLC,300 Progressive,0,0,0,0,0,1,1,1,1,0,0,0,0,0,0,0
Mercedes-Benz,GLE,400 4MATIC,0,0,0,0,0,1,1,1,1,1,0,0,0,0,0,0
Mercedes-Benz,S-Class Cabriolet,S 500 Cabriolet,0,0,0,0,0,1,1,1,1,0,0,0,0,0,0,0
Nissan,Micra Active,ICC WT20 Edition,0,0,0,0,0,1,1,1,0,0,0,0,0,0,0,0
Toyota,Platinum Etios,GX,0,0,0,0,0,1,1,1,1,1,0,0,0,0,0,0
Toyota,Platinum Etios,GXD,0,0,0,0,0,1,1,1,1,1,0,0,0,0,0,0
Toyota,Platinum Etios,V,0,0,0,0,0,1,1,1,1,1,0,0,0,0,0,0
Toyota,Platinum Etios,VD,0,0,0,0,0,1,1,1,1,1,0,0,0,0,0,0
Toyota,Platinum Etios,VX,0,0,0,0,0,1,1,1,1,1,0,0,0,0,0,0
Toyota,Platinum Etios,VXD,0,0,0,0,0,1,1,1,1,1,0,0,0,0,0,0
Toyota,Corolla Altis,J+ Petrol,0,0,0,0,0,1,1,0,0,0,0,0,0,0,0,0
Toyota,Etios Cross,1.2 Limited Edition,0,0,0,0,0,1,1,0,0,0,0,0,0,0,0,0
Toyota,Etios Cross,1.4 Limited Edition,0,0,0,0,0,1,1,0,0,0,0,0,0,0,0,0
Toyota,Innova Crysta,2.4 V 8 STR,0,0,0,0,0,1,1,1,1,1,0,0,0,0,0,0
Toyota,Innova Crysta,2.4 Z 7STR,0,0,0,0,0,1,1,1,1,1,0,0,0,0,0,0
Toyota,Innova Crysta,2.7 V,0,0,0,0,0,1,1,1,1,1,0,0,0,0,0,0
Toyota,Innova Crysta,2.4 G 7 STR,0,0,0,0,0,1,1,1,1,1,0,0,0,0,0,0
Toyota,Innova Crysta,2.4 G 8 STR,0,0,0,0,0,1,1,1,1,1,0,0,0,0,0,0
Toyota,Innova Crysta,2.4 GX 7 STR,0,0,0,0,0,1,1,1,1,1,0,0,0,0,0,0
Toyota,Innova Crysta,2.4 GX 8 STR,0,0,0,0,0,1,1,1,1,1,0,0,0,0,0,0
Toyota,Innova Crysta,2.4 V 7 STR,0,0,0,0,0,1,1,1,1,1,0,0,0,0,0,0
Toyota,Innova Crysta,2.4 VX 7 STR,0,0,0,0,0,1,1,1,1,1,0,0,0,0,0,0
Toyota,Innova Crysta,2.4 VX 8 STR,0,0,0,0,0,1,1,1,1,1,0,0,0,0,0,0
Toyota,Innova Crysta,2.4 ZX 7 STR,0,0,0,0,0,1,1,1,1,1,0,0,0,0,0,0
Toyota,Innova Crysta,2.7 GX 7 STR,0,0,0,0,0,1,1,1,1,1,0,0,0,0,0,0
Toyota,Innova Crysta,2.7 GX 8 STR,0,0,0,0,0,1,1,1,1,1,0,0,0,0,0,0
Toyota,Innova Crysta,2.7 GX AT 7 STR,0,0,0,0,0,1,1,1,1,1,0,0,0,0,0,0
Toyota,Innova Crysta,2.7 GX AT 8 STR,0,0,0,0,0,1,1,1,1,1,0,0,0,0,0,0
Toyota,Innova Crysta,2.7 VX 7 STR,0,0,0,0,0,1,1,1,1,1,0,0,0,0,0,0
Toyota,Innova Crysta,2.7 ZX AT 7 STR,0,0,0,0,0,1,1,1,1,1,0,0,0,0,0,0
Toyota,Innova Crysta,2.8 GX AT 7 STR,0,0,0,0,0,1,1,1,1,1,0,0,0,0,0,0
Toyota,Innova Crysta,2.8 GX AT 8 STR,0,0,0,0,0,1,1,1,1,1,0,0,0,0,0,0
Toyota,Innova Crysta,2.8 ZX AT 7 STR,0,0,0,0,0,1,1,1,1,1,0,0,0,0,0,0
Volkswagen,Ameo,Comfortline 1.2L (P),0,0,0,0,0,1,1,1,0,0,0,0,0,0,0,0
Volkswagen,Ameo,Comfortline 1.5L (D),0,0,0,0,0,1,1,1,1,1,0,0,0,0,0,0
Volkswagen,Ameo,Comfortline Plus 1.5L AT (D),0,0,0,0,0,1,1,1,0,0,0,0,0,0,0,0
Volkswagen,Ameo,Highline 1.5L AT,0,0,0,0,0,1,1,0,0,0,0,0,0,0,0,0
Volkswagen,Ameo,Highline1.2L (P),0,0,0,0,0,1,1,1,0,0,0,0,0,0,0,0
Volkswagen,Ameo,Highline1.5L (D),0,0,0,0,0,1,1,1,0,0,0,0,0,0,0,0
Volkswagen,Ameo,Trendline 1.2L (P),0,0,0,0,0,1,1,1,0,0,0,0,0,0,0,0
Volkswagen,Ameo,Trendline 1.5L (D),0,0,0,0,0,1,1,1,1,1,0,0,0,0,0,0
Volkswagen,Polo,Allstar 1.2 (P),0,0,0,0,0,1,1,1,0,0,0,0,0,0,0,0
Volkswagen,Polo,Allstar 1.5 (D),0,0,0,0,0,1,1,1,0,0,0,0,0,0,0,0
Volkswagen,Vento,Comfortline 1.2 (P) AT,0,0,0,0,0,1,1,1,0,0,0,0,0,0,0,0
Volkswagen,Vento,Comfortline 1.5 (D),0,0,0,0,0,1,1,1,1,1,0,0,0,0,0,0
Volkswagen,Vento,Comfortline 1.5 (D) AT,0,0,0,0,0,1,1,1,0,0,0,0,0,0,0,0
Volkswagen,Vento,Comfortline 1.6 (P),0,0,0,0,0,1,1,1,1,1,0,0,0,0,0,0
Volkswagen,Vento,Highline 1.2 (P) AT,0,0,0,0,0,1,1,1,1,1,0,0,0,0,0,0
Volkswagen,Vento,Highline 1.5 (D),0,0,0,0,0,1,1,1,1,1,0,0,0,0,0,0
Volkswagen,Vento,Highline 1.5 (D) AT,0,0,0,0,0,1,1,1,1,1,0,0,0,0,0,0
Volkswagen,Vento,Highline 1.6 (P),0,0,0,0,0,1,1,1,1,1,0,0,0,0,0,0
Volkswagen,Vento,Preferred Edition Diesel,0,0,0,0,0,1,1,0,0,0,0,0,0,0,0,0
Volkswagen,Vento,Preferred Edition Diesel AT,0,0,0,0,0,1,1,0,0,0,0,0,0,0,0,0
Volkswagen,Vento,Preferred Edition Petrol,0,0,0,0,0,1,1,0,0,0,0,0,0,0,0,0
Volkswagen,Vento,Preferred Edition Petrol AT,0,0,0,0,0,1,1,0,0,0,0,0,0,0,0,0
Volkswagen,Vento,Trendline 1.5 (D),0,0,0,0,0,1,1,1,1,1,0,0,0,0,0,0
Volkswagen,Vento,Trendline 1.6 (P),0,0,0,0,0,1,1,1,1,1,0,0,0,0,0,0
Audi,A3 Cabriolet,35 TFSI,0,0,0,0,0,0,1,1,1,1,0,0,0,0,0,0
Audi,A5 Cabriolet,2.0 TDI,0,0,0,0,0,0,1,1,1,1,0,0,0,0,0,0
BMW,3 Series GT,330i M Sport,0,0,0,0,0,0,1,1,1,1,0,0,0,0,0,0
Datsun,Go Plus,Anniversary Edition,0,0,0,0,0,0,1,1,0,0,0,0,0,0,0,0
Fiat,Urban Cross,1.4L Emotion,0,0,0,0,0,0,1,1,1,1,0,0,0,0,0,0
Hyundai,Elite i20,Asta 1.2 Dual Tone,0,0,0,0,0,0,1,1,1,0,0,0,0,0,0,0
Hyundai,Elite i20,Asta 1.4 CRDI Dual Tone,0,0,0,0,0,0,1,1,0,0,0,0,0,0,0,0
Hyundai,Elite i20,Magna Executive 1.2,0,0,0,0,0,0,1,1,1,0,0,0,0,0,0,0
Hyundai,Elite i20,Magna Executive 1.4 CRDI,0,0,0,0,0,0,1,1,0,0,0,0,0,0,0,0
Hyundai,i20 Active,1.2 SX Dual Tone,0,0,0,0,0,0,1,1,1,1,0,0,0,0,0,0
Hyundai,i20 Active,1.4 SX Dual Tone,0,0,0,0,0,0,1,1,1,0,0,0,0,0,0,0
Mahindra,KUV100,K6 Plus 5 STR,0,0,0,0,0,0,1,0,0,0,0,0,0,0,0,0
Mahindra,KUV100,K6 Plus 6 STR,0,0,0,0,0,0,1,0,0,0,0,0,0,0,0,0
Mahindra,KUV100,K6 Plus D 5 STR,0,0,0,0,0,0,1,0,0,0,0,0,0,0,0,0
Mahindra,KUV100,K6 Plus D 6 STR,0,0,0,0,0,0,1,0,0,0,0,0,0,0,0,0
Mahindra,KUV100,K8 6 STR Dual Tone,0,0,0,0,0,0,1,0,0,0,0,0,0,0,0,0
Mahindra,KUV100,K8 D 6 STR Dual Tone,0,0,0,0,0,0,1,0,0,0,0,0,0,0,0,0
Mahindra,KUV100 NXT,K2 6 STR,0,0,0,0,0,0,1,1,1,1,0,0,0,0,0,0
Mahindra,KUV100 NXT,K2 D 6 STR,0,0,0,0,0,0,1,1,1,1,0,0,0,0,0,0
Mahindra,KUV100 NXT,K2 Plus 6 STR,0,0,0,0,0,0,1,1,1,1,1,1,1,0,0,0
Mahindra,KUV100 NXT,K2 Plus D 6 STR,0,0,0,0,0,0,1,1,1,1,0,0,0,0,0,0
Mahindra,KUV100 NXT,K4 Plus 5 STR,0,0,0,0,0,0,1,1,1,1,0,0,0,0,0,0
Mahindra,KUV100 NXT,K4 Plus 6 STR,0,0,0,0,0,0,1,1,1,1,1,1,1,0,0,0
Mahindra,KUV100 NXT,K4 Plus D 5 STR,0,0,0,0,0,0,1,1,1,1,0,0,0,0,0,0
Mahindra,KUV100 NXT,K4 Plus D 6 STR,0,0,0,0,0,0,1,1,1,1,0,0,0,0,0,0
Mahindra,KUV100 NXT,K6 Plus 5 STR,0,0,0,0,0,0,1,1,1,1,0,0,0,0,0,0
Mahindra,KUV100 NXT,K6 Plus 6 STR,0,0,0,0,0,0,1,1,1,1,1,1,1,0,0,0
Mahindra,KUV100 NXT,K6 Plus D 5 STR,0,0,0,0,0,0,1,1,1,1,0,0,0,0,0,0
Mahindra,KUV100 NXT,K6 Plus D 6 STR,0,0,0,0,0,0,1,1,1,1,0,0,0,0,0,0
Mahindra,KUV100 NXT,K8 5 STR,0,0,0,0,0,0,1,1,1,1,0,0,0,0,0,0
Mahindra,KUV100 NXT,K8 6 STR,0,0,0,0,0,0,1,1,1,1,1,1,1,0,0,0
Mahindra,KUV100 NXT,K8 6 STR Dual Tone,0,0,0,0,0,0,1,1,1,1,1,1,1,0,0,0
Mahindra,KUV100 NXT,K8 D 5 STR,0,0,0,0,0,0,1,1,1,1,0,0,0,0,0,0
Mahindra,KUV100 NXT,K8 D 6 STR,0,0,0,0,0,0,1,1,1,1,0,0,0,0,0,0
Mahindra,KUV100 NXT,K8 D 6 STR Dual Tone,0,0,0,0,0,0,1,1,1,1,0,0,0,0,0,0
Mahindra,TUV300,T10,0,0,0,0,0,0,1,1,1,1,0,0,0,0,0,0
Mahindra,TUV300,T10 AMT,0,0,0,0,0,0,1,1,1,0,0,0,0,0,0,0
Mahindra,TUV300,T10 AMT Dual Tone,0,0,0,0,0,0,1,1,1,0,0,0,0,0,0,0
Mahindra,TUV300,T10 Dual Tone,0,0,0,0,0,0,1,1,1,1,0,0,0,0,0,0
Mahindra,TUV300,T8 mHAWK100 Dual Tone,0,0,0,0,0,0,1,1,1,0,0,0,0,0,0,0
Mahindra,XUV500,G AT,0,0,0,0,0,0,1,1,1,1,0,0,0,0,0,0
Mahindra,XUV500,Sportz Edition AT,0,0,0,0,0,0,1,1,0,0,0,0,0,0,0,0
Mahindra,XUV500,Sportz Edition MT,0,0,0,0,0,0,1,1,0,0,0,0,0,0,0,0
Mahindra,XUV500,W10 AT Black Interiors,0,0,0,0,0,0,1,1,0,0,0,0,0,0,0,0
Mahindra,XUV500,W10 AWD AT Black Interiors,0,0,0,0,0,0,1,1,0,0,0,0,0,0,0,0
Mahindra,XUV500,W10 AWD Black Interiors,0,0,0,0,0,0,1,1,0,0,0,0,0,0,0,0
Mahindra,XUV500,W10 Black Interiors,0,0,0,0,0,0,1,1,0,0,0,0,0,0,0,0
Mahindra,XUV500,W9,0,0,0,0,0,0,1,1,1,1,1,0,0,0,0,0
Mahindra,XUV500,W9 1.99,0,0,0,0,0,0,1,1,0,0,0,0,0,0,0,0
Mahindra,XUV500,W9 AT,0,0,0,0,0,0,1,1,1,1,1,0,0,0,0,0
Mahindra,XUV500,W9 AT 1.99,0,0,0,0,0,0,1,1,0,0,0,0,0,0,0,0
Maruti Suzuki,Baleno,Alpha 1.2 AT,0,0,0,0,0,0,1,1,1,0,0,0,0,0,0,0
Maruti Suzuki,Baleno,RS 1.0,0,0,0,0,0,0,1,1,1,0,0,0,0,0,0,0
Maruti Suzuki,Celerio,LXi (O),0,0,0,0,0,0,1,1,1,1,1,0,0,0,0,0
Maruti Suzuki,Celerio,VXi (O) AMT,0,0,0,0,0,0,1,1,1,1,1,0,0,0,0,0
Maruti Suzuki,Celerio,VXi (O) CNG,0,0,0,0,0,0,1,1,1,1,1,0,0,0,0,0
Maruti Suzuki,Celerio,ZXi (O) AMT,0,0,0,0,0,0,1,1,1,1,1,0,0,0,0,0
Maruti Suzuki,Celerio,ZXi (Opt),0,0,0,0,0,0,1,1,1,1,1,0,0,0,0,0
Maruti Suzuki,Celerio X,Vxi,0,0,0,0,0,0,1,1,1,1,1,0,0,0,0,0
Maruti Suzuki,Celerio X,Vxi (O),0,0,0,0,0,0,1,1,1,0,0,0,0,0,0,0
Maruti Suzuki,Celerio X,Vxi (O) AMT,0,0,0,0,0,0,1,1,1,0,0,0,0,0,0,0
Maruti Suzuki,Celerio X,Vxi AMT,0,0,0,0,0,0,1,1,1,0,0,0,0,0,0,0
Maruti Suzuki,Celerio X,Zxi,0,0,0,0,0,0,1,1,1,1,1,0,0,0,0,0
Maruti Suzuki,Celerio X,Zxi (O) AMT,0,0,0,0,0,0,1,1,1,0,0,0,0,0,0,0
Maruti Suzuki,Celerio X,Zxi (Opt),0,0,0,0,0,0,1,1,1,0,0,0,0,0,0,0
Maruti Suzuki,Celerio X,Zxi AMT,0,0,0,0,0,0,1,1,1,0,0,0,0,0,0,0
Maruti Suzuki,Ciaz,Alpha 1.3 Hybrid,0,0,0,0,0,0,1,1,0,0,0,0,0,0,0,0
Maruti Suzuki,Ciaz,Alpha 1.4 AT,0,0,0,0,0,0,1,1,0,0,0,0,0,0,0,0
Maruti Suzuki,Ciaz,Alpha 1.4 MT,0,0,0,0,0,0,1,1,0,0,0,0,0,0,0,0
Maruti Suzuki,Ciaz,Delta 1.3 Hybrid,0,0,0,0,0,0,1,1,0,0,0,0,0,0,0,0
Maruti Suzuki,Ciaz,Delta 1.4 AT,0,0,0,0,0,0,1,1,0,0,0,0,0,0,0,0
Maruti Suzuki,Ciaz,Delta 1.4 MT,0,0,0,0,0,0,1,1,0,0,0,0,0,0,0,0
Maruti Suzuki,Ciaz,S 1.3 Hybrid,0,0,0,0,0,0,1,1,0,0,0,0,0,0,0,0
Maruti Suzuki,Ciaz,S 1.4 MT,0,0,0,0,0,0,1,1,0,0,0,0,0,0,0,0
Maruti Suzuki,Ciaz,Sigma 1.3 Hybrid,0,0,0,0,0,0,1,1,0,0,0,0,0,0,0,0
Maruti Suzuki,Ciaz,Sigma 1.4 MT,0,0,0,0,0,0,1,1,0,0,0,0,0,0,0,0
Maruti Suzuki,Ciaz,Zeta 1.3 Hybrid,0,0,0,0,0,0,1,1,0,0,0,0,0,0,0,0
Maruti Suzuki,Ciaz,Zeta 1.4 AT,0,0,0,0,0,0,1,1,0,0,0,0,0,0,0,0
Maruti Suzuki,Ciaz,Zeta 1.4 MT,0,0,0,0,0,0,1,1,0,0,0,0,0,0,0,0
Maruti Suzuki,Dzire,Tour S CNG,0,0,0,0,0,0,1,1,1,1,1,1,1,1,1,0
Maruti Suzuki,Dzire,Tour S Diesel,0,0,0,0,0,0,1,1,1,1,0,0,0,0,0,0
Maruti Suzuki,Dzire,LDi,0,0,0,0,0,0,1,1,1,1,0,0,0,0,0,0
Maruti Suzuki,Dzire,LXi,0,0,0,0,0,0,1,1,1,1,1,1,1,1,1,1
Maruti Suzuki,Dzire,VDi,0,0,0,0,0,0,1,1,1,1,0,0,0,0,0,0
Maruti Suzuki,Dzire,VDi AMT,0,0,0,0,0,0,1,1,1,1,0,0,0,0,0,0
Maruti Suzuki,Dzire,VXi,0,0,0,0,0,0,1,1,1,1,1,1,1,1,1,1
Maruti Suzuki,Dzire,VXi AMT,0,0,0,0,0,0,1,1,1,1,1,1,1,1,1,1
Maruti Suzuki,Dzire,ZDi,0,0,0,0,0,0,1,1,1,1,0,0,0,0,0,0
Maruti Suzuki,Dzire,ZDi AMT,0,0,0,0,0,0,1,1,1,1,0,0,0,0,0,0
Maruti Suzuki,Dzire,ZDi Plus,0,0,0,0,0,0,1,1,1,1,0,0,0,0,0,0
Maruti Suzuki,Dzire,ZDi Plus AMT,0,0,0,0,0,0,1,1,1,1,0,0,0,0,0,0
Maruti Suzuki,Dzire,ZXi,0,0,0,0,0,0,1,1,1,1,1,1,1,1,1,1
Maruti Suzuki,Dzire,ZXi AMT,0,0,0,0,0,0,1,1,1,1,1,1,1,1,1,1
Maruti Suzuki,Dzire,ZXi Plus,0,0,0,0,0,0,1,1,1,1,1,1,1,1,1,1
Maruti Suzuki,Dzire,ZXi Plus AMT,0,0,0,0,0,0,1,1,1,1,1,1,1,1,1,1
Maruti Suzuki,Ertiga,VDI Limited Edition,0,0,0,0,0,0,1,0,0,0,0,0,0,0,0,0
Maruti Suzuki,Ertiga,VXI Limited Edition,0,0,0,0,0,0,1,0,0,0,0,0,0,0,0,0
Maruti Suzuki,Ignis,Zeta Dual Tone MT Petrol,0,0,0,0,0,0,1,1,1,1,0,0,0,0,0,0
Maruti Suzuki,Ignis,Zeta AMT Petrol Dual Tone,0,0,0,0,0,0,1,1,1,1,0,0,0,0,0,0
Maruti Suzuki,Ignis,Alpha 1.2 AMT,0,0,0,0,0,0,1,1,1,1,1,1,1,1,1,1
Maruti Suzuki,Ignis,Alpha 1.2 MT,0,0,0,0,0,0,1,1,1,1,1,1,1,1,1,1
Maruti Suzuki,Ignis,Alpha 1.3 AMT Diesel,0,0,0,0,0,0,1,1,0,0,0,0,0,0,0,0
Maruti Suzuki,Ignis,Alpha 1.3 Diesel,0,0,0,0,0,0,1,1,0,0,0,0,0,0,0,0
Maruti Suzuki,Ignis,Alpha AMT Petrol Dual Tone,0,0,0,0,0,0,1,1,1,1,0,0,0,0,0,0
Maruti Suzuki,Ignis,Alpha Diesel  Dual Tone,0,0,0,0,0,0,1,1,0,0,0,0,0,0,0,0
Maruti Suzuki,Ignis,Alpha MT Petrol Dual Tone,0,0,0,0,0,0,1,1,1,1,0,0,0,0,0,0
Maruti Suzuki,Ignis,Delta 1.2 AMT,0,0,0,0,0,0,1,1,1,1,1,1,1,1,1,1
Maruti Suzuki,Ignis,Delta 1.2 MT,0,0,0,0,0,0,1,1,1,1,1,1,1,1,1,1
Maruti Suzuki,Ignis,Delta 1.3 AMT Diesel,0,0,0,0,0,0,1,1,0,0,0,0,0,0,0,0
Maruti Suzuki,Ignis,Delta 1.3 Diesel,0,0,0,0,0,0,1,1,0,0,0,0,0,0,0,0
Maruti Suzuki,Ignis,Sigma 1.2 MT,0,0,0,0,0,0,1,1,1,1,1,1,1,1,1,1
Maruti Suzuki,Ignis,Zeta 1.2 AMT,0,0,0,0,0,0,1,1,1,1,1,1,1,1,1,1
Maruti Suzuki,Ignis,Zeta 1.2 MT,0,0,0,0,0,0,1,1,1,1,1,1,1,1,1,1
Maruti Suzuki,Ignis,Zeta 1.3 AMT Diesel,0,0,0,0,0,0,1,1,0,0,0,0,0,0,0,0
Maruti Suzuki,Ignis,Zeta 1.3 Diesel,0,0,0,0,0,0,1,1,0,0,0,0,0,0,0,0
Maruti Suzuki,Swift,Limited Edition Diesel,0,0,0,0,0,0,1,1,0,0,0,0,0,0,0,0
Maruti Suzuki,Swift,Limited Edition Petrol,0,0,0,0,0,0,1,1,0,0,0,0,0,0,0,0
Maruti Suzuki,Swift,LXi (O),0,0,0,0,0,0,1,1,0,0,0,0,0,0,0,0
Maruti Suzuki,Swift,Lxi ABS (O),0,0,0,0,0,0,1,1,0,0,0,0,0,0,0,0
Maruti Suzuki,Swift Dzire,TOUR S STD (O),0,0,0,0,0,0,1,1,1,1,0,0,0,0,0,0
Maruti Suzuki,Swift Dzire,ZXi Allure Edition,0,0,0,0,0,0,1,0,0,0,0,0,0,0,0,0
Maruti Suzuki,Wagon R,VXI+,0,0,0,0,0,0,1,1,1,0,0,0,0,0,0,0
Maruti Suzuki,Wagon R,VXI+ (O),0,0,0,0,0,0,1,1,1,0,0,0,0,0,0,0
Maruti Suzuki,Wagon R,VXI+ AMT,0,0,0,0,0,0,1,1,1,0,0,0,0,0,0,0
Maruti Suzuki,Wagon R,VXI+ AMT (O),0,0,0,0,0,0,1,1,1,0,0,0,0,0,0,0
Mercedes-Benz,AMG GLC43 Coupe,4MATIC,0,0,0,0,0,0,1,1,1,1,1,1,1,1,0,0
Mercedes-Benz,GLA,200 d Sport,0,0,0,0,0,0,1,1,1,1,0,0,0,0,0,0
Mercedes-Benz,GLA,200 d Style,0,0,0,0,0,0,1,1,1,1,0,0,0,0,0,0
Mercedes-Benz,GLA,220 d 4MATIC,0,0,0,0,0,0,1,1,1,1,0,0,0,0,0,0
Mercedes-Benz,GLA,45 Aero Edition,0,0,0,0,0,0,1,1,1,0,0,0,0,0,0,0
Mercedes-Benz,GLA,45 AMG 4MATIC,0,0,0,0,0,0,1,1,1,0,0,0,0,0,0,0
Mercedes-Benz,GLC,220 d Prime,0,0,0,0,0,0,1,1,1,0,0,0,0,0,0,0
Mercedes-Benz,GLC,Celebration Edition Diesel,0,0,0,0,0,0,1,1,1,0,0,0,0,0,0,0
Mercedes-Benz,GLC,Celebration Edition Petrol,0,0,0,0,0,0,1,1,1,0,0,0,0,0,0,0
Tata,Safari Storme,2.2 Ex 4X4,0,0,0,0,0,0,1,1,0,0,0,0,0,0,0,0
Toyota,Corolla Altis,J Petrol,0,0,0,0,0,0,1,1,1,1,0,0,0,0,0,0
Toyota,Corolla Altis,G CVT Petrol,0,0,0,0,0,0,1,1,1,1,0,0,0,0,0,0
Toyota,Corolla Altis,VL CVT Petrol,0,0,0,0,0,0,1,1,1,1,0,0,0,0,0,0
Toyota,Etios Cross,X-Edition Diesel,0,0,0,0,0,0,1,1,1,0,0,0,0,0,0,0
Toyota,Etios Cross,X-Edition Petrol,0,0,0,0,0,0,1,1,1,0,0,0,0,0,0,0
Toyota,Innova Crysta,Touring Sport Diesel AT,0,0,0,0,0,0,1,1,1,1,0,0,0,0,0,0
Toyota,Innova Crysta,Touring Sport Diesel MT,0,0,0,0,0,0,1,1,1,1,0,0,0,0,0,0
Toyota,Innova Crysta,Touring Sport Petrol AT,0,0,0,0,0,0,1,1,1,1,0,0,0,0,0,0
Toyota,Innova Crysta,Touring Sport Petrol MT,0,0,0,0,0,0,1,1,1,1,0,0,0,0,0,0
Volkswagen,Ameo,Comfortline Plus 1.2L (P),0,0,0,0,0,0,1,1,0,0,0,0,0,0,0,0
Volkswagen,Ameo,Highline Plus 1.5L (D),0,0,0,0,0,0,1,1,0,0,0,0,0,0,0,0
Volkswagen,Ameo,Highline Plus 1.5L AT (D)16 Alloy,0,0,0,0,0,0,1,1,1,1,0,0,0,0,0,0
Volkswagen,Ameo,Highline1.2L Plus (P) 16 Alloy,0,0,0,0,0,0,1,1,0,0,0,0,0,0,0,0
Volkswagen,Passat,Comfortline,0,0,0,0,0,0,1,1,1,1,0,0,0,0,0,0
Volkswagen,Passat,Highline,0,0,0,0,0,0,1,1,1,1,0,0,0,0,0,0
Volkswagen,Polo,Anniversary Edition 1.2 Petrol MT,0,0,0,0,0,0,1,1,0,0,0,0,0,0,0,0
Volkswagen,Polo,GT TDI Sport,0,0,0,0,0,0,1,1,1,0,0,0,0,0,0,0
Volkswagen,Polo,GT TSI Sport,0,0,0,0,0,0,1,1,1,0,0,0,0,0,0,0
Volkswagen,Polo,Highline Plus 1.2( P)16 Alloy,0,0,0,0,0,0,1,1,0,0,0,0,0,0,0,0
Volkswagen,Polo,Highline Plus 1.5 (D) 16 Alloy,0,0,0,0,0,0,1,1,1,0,0,0,0,0,0,0
Volkswagen,Tiguan,Comfortline TDI,0,0,0,0,0,0,1,1,1,1,0,0,0,0,0,0
Volkswagen,Tiguan,Highline TDI,0,0,0,0,0,0,1,1,1,1,0,0,0,0,0,0
Volkswagen,Vento,Highline Plus 1.2 (P) AT 16 Alloy,0,0,0,0,0,0,1,1,1,0,0,0,0,0,0,0
Volkswagen,Vento,Highline Plus 1.5 (D) 16 Alloy,0,0,0,0,0,0,1,1,0,0,0,0,0,0,0,0
Volkswagen,Vento,Highline Plus 1.5 AT (D) 16 Alloy,0,0,0,0,0,0,1,1,1,0,0,0,0,0,0,0
Volkswagen,Vento,Highline Plus 1.6 (P) 16 Alloy,0,0,0,0,0,0,1,1,0,0,0,0,0,0,0,0
Volvo,V90 Cross Country,D5 Inscription,0,0,0,0,0,0,1,1,1,1,1,0,0,0,0,0
Aston Martin,Vantage,Coupe,0,0,0,0,0,0,0,1,1,1,1,1,1,1,0,0
BMW,3 Series GT,320d Sport,0,0,0,0,0,0,0,1,1,1,0,0,0,0,0,0
BMW,6 Series GT,630d Luxury Line,0,0,0,0,0,0,0,1,1,1,0,0,0,0,0,0
BMW,6 Series GT,630d M Sport,0,0,0,0,0,0,0,1,1,1,1,1,1,0,0,0
BMW,6 Series GT,630i Luxury Line,0,0,0,0,0,0,0,1,1,1,1,0,0,0,0,0
BMW,6 Series GT,630i Sport Line,0,0,0,0,0,0,0,1,1,0,0,0,0,0,0,0
BMW,M5,4.4,0,0,0,0,0,0,0,1,1,0,0,0,0,0,0,0
Datsun,Go Plus,A(O),0,0,0,0,0,0,0,1,1,1,1,1,0,0,0,0
Datsun,Go Plus,Remix Edition,0,0,0,0,0,0,0,1,0,0,0,0,0,0,0,0
Datsun,Go Plus,T(O),0,0,0,0,0,0,0,1,1,1,1,1,0,0,0,0
Hyundai,Elite i20,Asta 1.2 (O) Dual Tone,0,0,0,0,0,0,0,1,1,1,0,0,0,0,0,0
Hyundai,Elite i20,Asta 1.2 (O) CVT,0,0,0,0,0,0,0,1,1,1,0,0,0,0,0,0
Hyundai,Elite i20,Asta 1.2 AT,0,0,0,0,0,0,0,1,1,0,0,0,0,0,0,0
Hyundai,Elite i20,Asta 1.4 (O) CRDi,0,0,0,0,0,0,0,1,1,1,0,0,0,0,0,0
Hyundai,Elite i20,Asta 1.4 CRDi,0,0,0,0,0,0,0,1,1,0,0,0,0,0,0,0
Hyundai,Elite i20,Asta 1.4 CRDi Dual Tone,0,0,0,0,0,0,0,1,1,0,0,0,0,0,0,0
Hyundai,Elite i20,Era 1.4 CRDi,0,0,0,0,0,0,0,1,1,1,0,0,0,0,0,0
Hyundai,Elite i20,Magna Executive 1.2 AT,0,0,0,0,0,0,0,1,1,0,0,0,0,0,0,0
Hyundai,Elite i20,Magna Executive 1.4 CRDi,0,0,0,0,0,0,0,1,1,0,0,0,0,0,0,0
Hyundai,Elite i20,Sportz 1.4 CRDi,0,0,0,0,0,0,0,1,1,0,0,0,0,0,0,0
Jaguar,XJ L,50,0,0,0,0,0,0,0,1,1,1,0,0,0,0,0,0
Mahindra,KUV100,Trip 5S CNG,0,0,0,0,0,0,0,1,1,0,0,0,0,0,0,0
Mahindra,KUV100,Trip 6S CNG,0,0,0,0,0,0,0,1,1,1,1,1,1,0,0,0
Mahindra,TUV 300 PLUS,P6,0,0,0,0,0,0,0,1,1,1,0,0,0,0,0,0
Mahindra,TUV 300 PLUS,P8,0,0,0,0,0,0,0,1,1,1,0,0,0,0,0,0
Mahindra,TUV 300 PLUS,P4,0,0,0,0,0,0,0,1,1,0,0,0,0,0,0,0
Mahindra,XUV500,W11,0,0,0,0,0,0,0,1,1,1,1,0,0,0,0,0
Mahindra,XUV500,W11 (O) AT,0,0,0,0,0,0,0,1,1,1,0,0,0,0,0,0
Mahindra,XUV500,W11 (O) AWD,0,0,0,0,0,0,0,1,1,1,0,0,0,0,0,0
Mahindra,XUV500,W11 (O) AWD AT,0,0,0,0,0,0,0,1,1,1,0,0,0,0,0,0
Mahindra,XUV500,W11 AT,0,0,0,0,0,0,0,1,1,1,1,0,0,0,0,0
Mahindra,XUV500,W11(O),0,0,0,0,0,0,0,1,1,1,0,0,0,0,0,0
Mahindra,XUV500,W5,0,0,0,0,0,0,0,1,1,1,1,0,0,0,0,0
Mahindra,XUV500,W7,0,0,0,0,0,0,0,1,1,1,1,0,0,0,0,0
Mahindra,XUV500,W7 AT,0,0,0,0,0,0,0,1,1,1,1,0,0,0,0,0
Maruti Suzuki,Alto 800,TOUR H1,0,0,0,0,0,0,0,1,1,1,1,1,1,0,0,0
Maruti Suzuki,Celerio,TOUR H2,0,0,0,0,0,0,0,1,1,1,1,0,0,0,0,0
Maruti Suzuki,Celerio,TOUR H2 CNG,0,0,0,0,0,0,0,1,1,1,1,0,0,0,0,0
Maruti Suzuki,Ciaz,Alpha 1.3 Diesel,0,0,0,0,0,0,0,1,1,1,0,0,0,0,0,0
Maruti Suzuki,Ciaz,Alpha Hybrid 1.5,0,0,0,0,0,0,0,1,1,1,0,0,0,0,0,0
Maruti Suzuki,Ciaz,Alpha Hybrid 1.5 AT,0,0,0,0,0,0,0,1,1,1,0,0,0,0,0,0
Maruti Suzuki,Ciaz,Delta 1.3 Diesel,0,0,0,0,0,0,0,1,1,1,0,0,0,0,0,0
Maruti Suzuki,Ciaz,Delta Hybrid 1.5,0,0,0,0,0,0,0,1,1,1,0,0,0,0,0,0
Maruti Suzuki,Ciaz,Delta Hybrid 1.5 AT,0,0,0,0,0,0,0,1,1,1,0,0,0,0,0,0
Maruti Suzuki,Ciaz,Sigma 1.3 Diesel,0,0,0,0,0,0,0,1,1,1,0,0,0,0,0,0
Maruti Suzuki,Ciaz,Sigma Hybrid 1.5,0,0,0,0,0,0,0,1,1,1,0,0,0,0,0,0
Maruti Suzuki,Ciaz,Zeta 1.3 Diesel,0,0,0,0,0,0,0,1,1,1,0,0,0,0,0,0
Maruti Suzuki,Ciaz,Zeta Hybrid  1.5,0,0,0,0,0,0,0,1,1,1,0,0,0,0,0,0
Maruti Suzuki,Ciaz,Zeta Hybrid 1.5 AT,0,0,0,0,0,0,0,1,1,1,0,0,0,0,0,0
Maruti Suzuki,Dzire,LDi Special Edition,0,0,0,0,0,0,0,1,1,1,0,0,0,0,0,0
Maruti Suzuki,Dzire,LXi Special Edition,0,0,0,0,0,0,0,1,1,1,0,0,0,0,0,0
Maruti Suzuki,Ertiga,LDi 1.3 Diesel,0,0,0,0,0,0,0,1,1,0,0,0,0,0,0,0
Maruti Suzuki,Ertiga,VDi 1.3 Diesel,0,0,0,0,0,0,0,1,1,0,0,0,0,0,0,0
Maruti Suzuki,Ertiga,ZDi 1.3 Diesel,0,0,0,0,0,0,0,1,1,0,0,0,0,0,0,0
Maruti Suzuki,Ertiga,ZDi Plus 1.3 Diesel,0,0,0,0,0,0,0,1,1,0,0,0,0,0,0,0
Maruti Suzuki,New Ertiga,LXi,0,0,0,0,0,0,0,1,1,1,1,1,0,0,0,0
Maruti Suzuki,New Ertiga,Tour M,0,0,0,0,0,0,0,1,1,1,1,1,1,1,1,1
Maruti Suzuki,New Ertiga,Tour M CNG,0,0,0,0,0,0,0,1,1,1,1,1,0,0,0,0
Maruti Suzuki,New Ertiga,VXi,0,0,0,0,0,0,0,1,1,1,1,1,0,0,0,0
Maruti Suzuki,New Ertiga,VXi AT,0,0,0,0,0,0,0,1,1,1,1,1,0,0,0,0
Maruti Suzuki,New Ertiga,ZXi,0,0,0,0,0,0,0,1,1,1,1,1,0,0,0,0
Maruti Suzuki,New Ertiga,ZXi AT,0,0,0,0,0,0,0,1,1,1,1,1,0,0,0,0
Maruti Suzuki,New Ertiga,ZXi Plus,0,0,0,0,0,0,0,1,1,1,1,1,0,0,0,0
Maruti Suzuki,Swift,LDi Special Edition,0,0,0,0,0,0,0,1,1,0,0,0,0,0,0,0
Maruti Suzuki,Swift,LXi Special Edition,0,0,0,0,0,0,0,1,1,0,0,0,0,0,0,0
Maruti Suzuki,Swift,VDi AMT,0,0,0,0,0,0,0,1,1,1,0,0,0,0,0,0
Maruti Suzuki,Swift,VXi AMT,0,0,0,0,0,0,0,1,1,1,1,1,1,1,1,1
Maruti Suzuki,Swift,ZDi AMT,0,0,0,0,0,0,0,1,1,1,0,0,0,0,0,0
Maruti Suzuki,Swift,ZDi Plus,0,0,0,0,0,0,0,1,1,1,0,0,0,0,0,0
Maruti Suzuki,Swift,ZDi Plus AMT,0,0,0,0,0,0,0,1,1,1,0,0,0,0,0,0
Maruti Suzuki,Swift,ZXi AMT,0,0,0,0,0,0,0,1,1,1,1,1,1,1,1,1
Maruti Suzuki,Swift,ZXi Plus,0,0,0,0,0,0,0,1,1,1,1,1,1,1,1,1
Maruti Suzuki,Swift,ZXi Plus AMT,0,0,0,0,0,0,0,1,1,1,1,1,1,1,1,1
Maruti Suzuki,Vitara Brezza,ZDI Plus  Dual Tone,0,0,0,0,0,0,0,1,1,1,0,0,0,0,0,0
Maruti Suzuki,Vitara Brezza,VDi AGS,0,0,0,0,0,0,0,1,1,1,0,0,0,0,0,0
Maruti Suzuki,Vitara Brezza,ZDi AGS,0,0,0,0,0,0,0,1,1,1,0,0,0,0,0,0
Maruti Suzuki,Vitara Brezza,ZDi Plus AGS,0,0,0,0,0,0,0,1,1,1,0,0,0,0,0,0
Maruti Suzuki,Vitara Brezza,ZDi Plus Dual Tone AGS,0,0,0,0,0,0,0,1,1,1,0,0,0,0,0,0
Mini,Countryman,Cooper S,0,0,0,0,0,0,0,1,1,1,0,0,0,0,0,0
Nissan,Micra Active,XL (O),0,0,0,0,0,0,0,1,1,1,0,0,0,0,0,0
Tata,Tiago JTP,1.2,0,0,0,0,0,0,0,1,1,1,0,0,0,0,0,0
Tata,Tiago NRG,Diesel,0,0,0,0,0,0,0,1,1,1,0,0,0,0,0,0
Tata,Tiago NRG,Petrol,0,0,0,0,0,0,0,1,1,1,0,0,0,0,0,0
Tata,Tigor JTP,1.2,0,0,0,0,0,0,0,1,1,1,0,0,0,0,0,0
Toyota,Platinum Etios,Limited Edition Diesel,0,0,0,0,0,0,0,1,1,0,0,0,0,0,0,0
Toyota,Platinum Etios,Limited Edition Petrol,0,0,0,0,0,0,0,1,1,0,0,0,0,0,0,0
Volkswagen,Ameo,1.0 Pace,0,0,0,0,0,0,0,1,0,0,0,0,0,0,0,0
Volkswagen,Ameo,Comfortline 1.0L (P),0,0,0,0,0,0,0,1,1,1,0,0,0,0,0,0
Volkswagen,Ameo,Comfortline Plus 1.5 (D),0,0,0,0,0,0,0,1,0,0,0,0,0,0,0,0
Volkswagen,Ameo,Highline Plus 1.0L (P) 16 Alloy,0,0,0,0,0,0,0,1,1,1,0,0,0,0,0,0
Volkswagen,Ameo,Highline Plus 1.0L (P) Connect Edition,0,0,0,0,0,0,0,1,1,0,0,0,0,0,0,0
Volkswagen,Ameo,Highline Plus 1.5L (D) Connect Edition,0,0,0,0,0,0,0,1,1,0,0,0,0,0,0,0
Volkswagen,Ameo,Highline Plus 1.5L (D)16 Alloy,0,0,0,0,0,0,0,1,1,1,0,0,0,0,0,0
Volkswagen,Ameo,Highline1.0L (P),0,0,0,0,0,0,0,1,1,0,0,0,0,0,0,0
Volkswagen,Ameo,Trendline 1.0L (P),0,0,0,0,0,0,0,1,1,1,0,0,0,0,0,0
Volkswagen,Passat,Comfortline Connect,0,0,0,0,0,0,0,1,1,1,0,0,0,0,0,0
Volkswagen,Passat,Highline Connect,0,0,0,0,0,0,0,1,1,1,0,0,0,0,0,0
Volkswagen,Polo,1.0 Pace,0,0,0,0,0,0,0,1,0,0,0,0,0,0,0,0
Volkswagen,Polo,Comfortline 1.0L (P),0,0,0,0,0,0,0,1,1,1,0,0,0,0,0,0
Volkswagen,Polo,Highline Plus 1.0 (P) 16 Alloy,0,0,0,0,0,0,0,1,1,0,0,0,0,0,0,0
Volkswagen,Polo,Highline Plus 1.0 (P) Connect Edition,0,0,0,0,0,0,0,1,1,0,0,0,0,0,0,0
Volkswagen,Polo,Highline Plus 1.5 (D) Connect Edition,0,0,0,0,0,0,0,1,1,0,0,0,0,0,0,0
Volkswagen,Polo,Highline1.0L (P),0,0,0,0,0,0,0,1,0,0,0,0,0,0,0,0
Volkswagen,Polo,Trendline 1.0L (P),0,0,0,0,0,0,0,1,1,1,0,0,0,0,0,0
Volkswagen,Vento,Highline 1.5 (D) Connect Edition,0,0,0,0,0,0,0,1,1,0,0,0,0,0,0,0
Volkswagen,Vento,Highline 1.6 (P) Connect Edition,0,0,0,0,0,0,0,1,1,0,0,0,0,0,0,0
Volvo,XC40,D4 R-Design,0,0,0,0,0,0,0,1,1,0,0,0,0,0,0,0
Volvo,XC40,Inscription,0,0,0,0,0,0,0,1,1,1,0,0,0,0,0,0
Volvo,XC40,Momentum,0,0,0,0,0,0,0,1,1,1,0,0,0,0,0,0
BMW,6 Series GT,620d Luxury Line,0,0,0,0,0,0,0,0,1,1,1,1,1,0,0,0
BMW,M5,Competition,0,0,0,0,0,0,0,0,1,1,1,1,1,1,1,1
Datsun,Go Plus,T (O) W/VDC,0,0,0,0,0,0,0,0,1,1,0,0,0,0,0,0
Datsun,Go Plus,T CVT,0,0,0,0,0,0,0,0,1,1,1,1,0,0,0,0
Datsun,Go Plus,T W/VDC,0,0,0,0,0,0,0,0,1,1,0,0,0,0,0,0
Datsun,Go Plus,T(O) CVT,0,0,0,0,0,0,0,0,1,1,1,1,0,0,0,0
Ferrari,SF90,4.0 V8 Petrol-Hybrid Stradale,0,0,0,0,0,0,0,0,1,1,1,1,1,1,1,0
Hyundai,Elite i20,Magna Plus 1.2,0,0,0,0,0,0,0,0,1,1,0,0,0,0,0,0
Hyundai,Elite i20,Magna Plus 1.4 CRDi,0,0,0,0,0,0,0,0,1,1,0,0,0,0,0,0
Hyundai,Elite i20,Sportz Plus 1.2,0,0,0,0,0,0,0,0,1,1,0,0,0,0,0,0
Hyundai,Elite i20,Sportz Plus 1.2 CVT,0,0,0,0,0,0,0,0,1,1,0,0,0,0,0,0
Hyundai,Elite i20,Sportz Plus 1.2 Dual Tone,0,0,0,0,0,0,0,0,1,1,0,0,0,0,0,0
Hyundai,Elite i20,Sportz Plus 1.4 CRDi,0,0,0,0,0,0,0,0,1,1,0,0,0,0,0,0
Hyundai,Elite i20,Sportz Plus 1.4 CRDi Dual Tone,0,0,0,0,0,0,0,0,1,1,0,0,0,0,0,0
Hyundai,Grand i10 Nios,Asta 1.2 Kappa VTVT,0,0,0,0,0,0,0,0,1,1,1,1,1,0,0,0
Hyundai,Grand i10 Nios,Asta U2 1.2 CRDi,0,0,0,0,0,0,0,0,1,1,1,1,0,0,0,0
Hyundai,Grand i10 Nios,Era 1.2 Kappa VTVT,0,0,0,0,0,0,0,0,1,1,1,1,1,0,0,0
Hyundai,Grand i10 Nios,Magna 1.2 Kappa VTVT,0,0,0,0,0,0,0,0,1,1,1,1,1,0,0,0
Hyundai,Grand i10 Nios,Magna 1.2 Kappa VTVT CNG (O/s fitted),0,0,0,0,0,0,0,0,1,1,1,1,1,0,0,0
Hyundai,Grand i10 Nios,Magna AMT 1.2 Kappa VTVT,0,0,0,0,0,0,0,0,1,1,1,1,1,0,0,0
Hyundai,Grand i10 Nios,Magna U2 1.2 CRDi,0,0,0,0,0,0,0,0,1,1,1,1,0,0,0,0
Hyundai,Grand i10 Nios,Sportz 1.2 Kappa VTVT,0,0,0,0,0,0,0,0,1,1,1,1,1,1,1,1
Hyundai,Grand i10 Nios,Sportz 1.2 Kappa VTVT Dual Tone,0,0,0,0,0,0,0,0,1,1,1,1,1,0,0,0
Hyundai,Grand i10 Nios,Sportz AMT 1.2 CRDi,0,0,0,0,0,0,0,0,1,1,1,1,0,0,0,0
Hyundai,Grand i10 Nios,Sportz AMT 1.2 Kappa VTVT,0,0,0,0,0,0,0,0,1,1,1,1,1,0,0,0
Isuzu,D-Max V-Cross,HIGH Z MT,0,0,0,0,0,0,0,0,1,1,0,0,0,0,0,0
Isuzu,D-Max V-Cross,Z Prestige,0,0,0,0,0,0,0,0,1,1,0,0,0,0,0,0
Mahindra,KUV100,Trip 6S,0,0,0,0,0,0,0,0,1,1,1,1,1,0,0,0
Mahindra,TUV300,T10 (O),0,0,0,0,0,0,0,0,1,1,0,0,0,0,0,0
Mahindra,TUV300,T10 (O) Dual Tone,0,0,0,0,0,0,0,0,1,1,0,0,0,0,0,0
Mahindra,XUV500,W3,0,0,0,0,0,0,0,0,1,1,0,0,0,0,0,0
Maruti Suzuki,Alto 800,LXi (O) CNG,0,0,0,0,0,0,0,0,1,1,1,1,1,0,0,0
Maruti Suzuki,Alto 800,Vxi Plus,0,0,0,0,0,0,0,0,1,1,1,1,1,0,0,0
Maruti Suzuki,Baleno,Alpha,0,0,0,0,0,0,0,0,1,1,1,1,0,0,0,0
Maruti Suzuki,Baleno,Alpha Automatic,0,0,0,0,0,0,0,0,1,1,1,1,0,0,0,0
Maruti Suzuki,Baleno,Delta,0,0,0,0,0,0,0,0,1,1,1,1,0,0,0,0
Maruti Suzuki,Baleno,Delta Automatic,0,0,0,0,0,0,0,0,1,1,1,1,0,0,0,0
Maruti Suzuki,Baleno,Delta Dualjet,0,0,0,0,0,0,0,0,1,1,1,1,0,0,0,0
Maruti Suzuki,Baleno,RS,0,0,0,0,0,0,0,0,1,1,0,0,0,0,0,0
Maruti Suzuki,Baleno,Sigma,0,0,0,0,0,0,0,0,1,1,1,1,0,0,0,0
Maruti Suzuki,Baleno,Zeta,0,0,0,0,0,0,0,0,1,1,1,1,0,0,0,0
Maruti Suzuki,Baleno,Zeta Automatic,0,0,0,0,0,0,0,0,1,1,1,1,0,0,0,0
Maruti Suzuki,Baleno,Zeta Dualjet,0,0,0,0,0,0,0,0,1,1,1,1,0,0,0,0
Maruti Suzuki,Celerio X,VXi,0,0,0,0,0,0,0,0,1,1,0,0,0,0,0,0
Maruti Suzuki,Celerio X,VXi (O),0,0,0,0,0,0,0,0,1,1,1,0,0,0,0,0
Maruti Suzuki,Celerio X,VXi (O) AMT,0,0,0,0,0,0,0,0,1,1,1,0,0,0,0,0
Maruti Suzuki,Celerio X,VXi AMT,0,0,0,0,0,0,0,0,1,1,1,0,0,0,0,0
Maruti Suzuki,Celerio X,ZXi,0,0,0,0,0,0,0,0,1,1,0,0,0,0,0,0
Maruti Suzuki,Celerio X,ZXi (O) AMT,0,0,0,0,0,0,0,0,1,1,1,0,0,0,0,0
Maruti Suzuki,Celerio X,ZXi (Opt),0,0,0,0,0,0,0,0,1,1,1,0,0,0,0,0
Maruti Suzuki,Celerio X,ZXi AMT,0,0,0,0,0,0,0,0,1,1,1,0,0,0,0,0
Maruti Suzuki,Ciaz,Alpha 1.5 Diesel,0,0,0,0,0,0,0,0,1,1,0,0,0,0,0,0
Maruti Suzuki,Ciaz,Delta 1.5 Diesel,0,0,0,0,0,0,0,0,1,1,0,0,0,0,0,0
Maruti Suzuki,Ciaz,Zeta 1.5 Diesel,0,0,0,0,0,0,0,0,1,1,0,0,0,0,0,0
Maruti Suzuki,Eeco,Tour V AC CNG 5 STR,0,0,0,0,0,0,0,0,1,1,1,1,1,1,1,0
Maruti Suzuki,Ertiga,VDi 1.5 Diesel,0,0,0,0,0,0,0,0,1,1,0,0,0,0,0,0
Maruti Suzuki,Ertiga,VXi CNG,0,0,0,0,0,0,0,0,1,1,1,1,0,0,0,0
Maruti Suzuki,Ertiga,ZDi 1.5 Diesel,0,0,0,0,0,0,0,0,1,1,0,0,0,0,0,0
Maruti Suzuki,Ertiga,ZDi Plus 1.5 Diesel,0,0,0,0,0,0,0,0,1,1,0,0,0,0,0,0
Maruti Suzuki,S-Presso,LXi,0,0,0,0,0,0,0,0,1,1,1,1,1,1,0,0
Maruti Suzuki,S-Presso,LXi (O),0,0,0,0,0,0,0,0,1,1,1,1,0,0,0,0
Maruti Suzuki,S-Presso,Std,0,0,0,0,0,0,0,0,1,1,1,1,1,1,0,0
Maruti Suzuki,S-Presso,Std (O),0,0,0,0,0,0,0,0,1,1,1,1,1,1,1,1
Maruti Suzuki,S-Presso,VXi,0,0,0,0,0,0,0,0,1,1,1,1,1,1,0,0
Maruti Suzuki,S-Presso,VXi (O),0,0,0,0,0,0,0,0,1,1,1,1,1,1,1,1
Maruti Suzuki,S-Presso,VXi (O) AMT,0,0,0,0,0,0,0,0,1,1,1,1,1,1,1,1
Maruti Suzuki,S-Presso,VXi AMT,0,0,0,0,0,0,0,0,1,1,1,1,0,0,0,0
Maruti Suzuki,S-Presso,VXi Plus,0,0,0,0,0,0,0,0,1,1,1,1,0,0,0,0
Maruti Suzuki,S-Presso,VXi Plus AMT,0,0,0,0,0,0,0,0,1,1,1,1,0,0,0,0
Maruti Suzuki,Wagon R,LXi (O) 1.0,0,0,0,0,0,0,0,0,1,0,0,0,0,0,0,0
Maruti Suzuki,Wagon R,LXi (O) 1.0 CNG,0,0,0,0,0,0,0,0,1,1,1,1,0,0,0,0
Maruti Suzuki,Wagon R,LXi 1.0,0,0,0,0,0,0,0,0,1,0,0,0,0,0,0,0
Maruti Suzuki,Wagon R,LXi 1.0 CNG,0,0,0,0,0,0,0,0,1,1,1,1,0,0,0,0
Maruti Suzuki,Wagon R,VXi (O) 1.0,0,0,0,0,0,0,0,0,1,0,0,0,0,0,0,0
Maruti Suzuki,Wagon R,VXi (O) 1.0 AMT,0,0,0,0,0,0,0,0,1,0,0,0,0,0,0,0
Maruti Suzuki,Wagon R,VXi (O) 1.2,0,0,0,0,0,0,0,0,1,1,1,1,0,0,0,0
Maruti Suzuki,Wagon R,VXi (O) 1.2 AMT,0,0,0,0,0,0,0,0,1,1,1,1,0,0,0,0
Maruti Suzuki,Wagon R,VXi 1.0,0,0,0,0,0,0,0,0,1,0,0,0,0,0,0,0
Maruti Suzuki,Wagon R,VXi 1.0 AMT,0,0,0,0,0,0,0,0,1,0,0,0,0,0,0,0
Maruti Suzuki,Wagon R,VXi 1.2,0,0,0,0,0,0,0,0,1,1,1,1,0,0,0,0
Maruti Suzuki,Wagon R,VXi 1.2 AMT,0,0,0,0,0,0,0,0,1,1,1,1,0,0,0,0
Maruti Suzuki,Wagon R,ZXi 1.2,0,0,0,0,0,0,0,0,1,1,1,1,0,0,0,0
Maruti Suzuki,Wagon R,ZXi 1.2 AMT,0,0,0,0,0,0,0,0,1,1,1,1,0,0,0,0
Maruti Suzuki,Wagon R 1.0,LXi (O) 1.0,0,0,0,0,0,0,0,0,1,1,1,1,0,0,0,0
Maruti Suzuki,Wagon R 1.0,LXi 1.0,0,0,0,0,0,0,0,0,1,1,1,1,0,0,0,0
Maruti Suzuki,Wagon R 1.0,VXi (O) 1.0,0,0,0,0,0,0,0,0,1,1,1,1,0,0,0,0
Maruti Suzuki,Wagon R 1.0,VXi (O) 1.0 AMT,0,0,0,0,0,0,0,0,1,1,1,1,0,0,0,0
Maruti Suzuki,Wagon R 1.0,VXi 1.0,0,0,0,0,0,0,0,0,1,1,1,1,0,0,0,0
Maruti Suzuki,Wagon R 1.0,VXi 1.0 AMT,0,0,0,0,0,0,0,0,1,1,1,1,0,0,0,0
Maruti Suzuki,XL6,Alpha AT Petrol,0,0,0,0,0,0,0,0,1,1,1,1,1,1,1,1
Maruti Suzuki,XL6,Alpha MT Petrol,0,0,0,0,0,0,0,0,1,1,1,1,1,1,1,1
Maruti Suzuki,XL6,Zeta AT Petrol,0,0,0,0,0,0,0,0,1,1,1,1,1,1,1,1
Maruti Suzuki,XL6,Zeta MT Petrol,0,0,0,0,0,0,0,0,1,1,1,1,1,1,1,1
Mercedes-Benz,GLA,200 Urban Edition,0,0,0,0,0,0,0,0,1,1,0,0,0,0,0,0
Mercedes-Benz,GLA,200d Urban Edition,0,0,0,0,0,0,0,0,1,1,0,0,0,0,0,0
Mercedes-Benz,GLA,220d Urban Edition,0,0,0,0,0,0,0,0,1,1,0,0,0,0,0,0
Mercedes-Benz,GLC,200 Progressive,0,0,0,0,0,0,0,0,1,1,1,1,1,0,0,0
Mercedes-Benz,GLC,220d 4MATIC Progressive,0,0,0,0,0,0,0,0,1,1,1,1,1,0,0,0
Mercedes-Benz,V-Class,Elite,0,0,0,0,0,0,0,0,1,1,0,0,0,0,0,0
Mercedes-Benz,V-Class,Exclusive LWB,0,0,0,0,0,0,0,0,1,1,1,1,0,0,0,0
Mercedes-Benz,V-Class,Expression ELWB,0,0,0,0,0,0,0,0,1,1,1,1,0,0,0,0
MG Motors,Hector,Sharp 1.5 DCT Petrol,0,0,0,0,0,0,0,0,1,1,1,0,0,0,0,0
MG Motors,Hector,Sharp 2.0 Diesel,0,0,0,0,0,0,0,0,1,1,1,0,0,0,0,0
MG Motors,Hector,Sharp Hybrid 1.5 Petrol,0,0,0,0,0,0,0,0,1,1,1,0,0,0,0,0
MG Motors,Hector,Smart 1.5 DCT Petrol,0,0,0,0,0,0,0,0,1,1,1,0,0,0,0,0
MG Motors,Hector,Smart 2.0 Diesel,0,0,0,0,0,0,0,0,1,1,1,0,0,0,0,0
MG Motors,Hector,Smart Hybrid 1.5 Petrol,0,0,0,0,0,0,0,0,1,1,1,0,0,0,0,0
MG Motors,Hector,Style 1.5 Petrol,0,0,0,0,0,0,0,0,1,1,1,0,0,0,0,0
MG Motors,Hector,Style 2.0 Diesel,0,0,0,0,0,0,0,0,1,1,1,0,0,0,0,0
MG Motors,Hector,Super 1.5 Petrol,0,0,0,0,0,0,0,0,1,1,1,0,0,0,0,0
MG Motors,Hector,Super 2.0 Diesel,0,0,0,0,0,0,0,0,1,1,1,0,0,0,0,0
MG Motors,Hector,Super Hybrid 1.5 Petrol,0,0,0,0,0,0,0,0,1,1,1,0,0,0,0,0
Tata,Tiago NRG,AMT,0,0,0,0,0,0,0,0,1,1,0,0,0,0,0,0
Tata,Tigor EV,XE Plus,0,0,0,0,0,0,0,0,1,1,1,0,0,0,0,0
Tata,Tigor EV,XM Plus,0,0,0,0,0,0,0,0,1,1,1,0,0,0,0,0
Tata,Tigor EV,XT Plus,0,0,0,0,0,0,0,0,1,1,1,0,0,0,0,0
Tata EV,Tigor EV,XE Plus,0,0,0,0,0,0,0,0,1,1,1,0,0,0,0,0
Tata EV,Tigor EV,XM Plus,0,0,0,0,0,0,0,0,1,1,1,0,0,0,0,0
Tata EV,Tigor EV,XT Plus,0,0,0,0,0,0,0,0,1,1,1,0,0,0,0,0
Toyota,Innova Crysta,2.4 G Plus 7 STR,0,0,0,0,0,0,0,0,1,1,0,0,0,0,0,0
Toyota,Innova Crysta,2.4 G Plus 8 STR,0,0,0,0,0,0,0,0,1,1,0,0,0,0,0,0
Volkswagen,Ameo,CUP Edition Diesel,0,0,0,0,0,0,0,0,1,1,0,0,0,0,0,0
Volkswagen,Ameo,CUP Edition Petrol,0,0,0,0,0,0,0,0,1,1,0,0,0,0,0,0
Volkswagen,Ameo,GT Line (D),0,0,0,0,0,0,0,0,1,1,0,0,0,0,0,0
Volkswagen,Polo,CUP Edition Diesel,0,0,0,0,0,0,0,0,1,0,0,0,0,0,0,0
Volkswagen,Polo,CUP Edition Petrol,0,0,0,0,0,0,0,0,1,0,0,0,0,0,0,0
Volkswagen,Polo,Highline Plus 1.0 (P),0,0,0,0,0,0,0,0,1,1,0,0,0,0,0,0
Volkswagen,Polo,Highline Plus 1.5 (D),0,0,0,0,0,0,0,0,1,1,0,0,0,0,0,0
Volkswagen,T-Roc,1.5 TSI,0,0,0,0,0,0,0,0,1,1,1,0,0,0,0,0
Volkswagen,Vento,CUP Edition Diesel,0,0,0,0,0,0,0,0,1,0,0,0,0,0,0,0
Volkswagen,Vento,CUP Edition Petrol,0,0,0,0,0,0,0,0,1,0,0,0,0,0,0,0
Volkswagen,Vento,GT Line (D),0,0,0,0,0,0,0,0,1,1,0,0,0,0,0,0
Volkswagen,Vento,GT Line (P),0,0,0,0,0,0,0,0,1,1,0,0,0,0,0,0
Volkswagen,Vento,Highline Plus 1.2 (P) AT,0,0,0,0,0,0,0,0,1,1,0,0,0,0,0,0
Volkswagen,Vento,Highline Plus 1.5 (D) AT,0,0,0,0,0,0,0,0,1,1,0,0,0,0,0,0
Volvo,XC40,T4 R-Design,0,0,0,0,0,0,0,0,1,1,1,1,0,0,0,0
BMW,2 Series Gran Coupe,220d M Sport,0,0,0,0,0,0,0,0,0,1,1,1,1,1,1,0
BMW,2 Series Gran Coupe,220d Sportline,0,0,0,0,0,0,0,0,0,1,1,1,0,0,0,0
BMW,2 Series Gran Coupe,Black Shadow Edition,0,0,0,0,0,0,0,0,0,1,1,0,0,0,0,0
BMW,3 Series GT,330i M Sport Shadow Edition,0,0,0,0,0,0,0,0,0,1,1,0,0,0,0,0
BMW,8 Series,840i Gran Coupe,0,0,0,0,0,0,0,0,0,1,1,1,0,0,0,0
BMW,8 Series,840i M Sport Edition,0,0,0,0,0,0,0,0,0,1,1,1,0,0,0,0
Ferrari,SF90,4.0 V8 Petrol-Hybrid Spider,0,0,0,0,0,0,0,0,0,1,1,1,1,1,1,0
Hyundai,Grand i10 Nios,Asta AMT 1.2 Kappa VTVT,0,0,0,0,0,0,0,0,0,1,1,1,1,0,0,0
Hyundai,Grand i10 Nios,Magna 1.2 Kappa VTVT CNG,0,0,0,0,0,0,0,0,0,1,1,1,1,0,0,0
Hyundai,Grand i10 Nios,Magna Corporate Edition 1.2 Kappa VTVT,0,0,0,0,0,0,0,0,0,1,1,0,0,0,0,0
Hyundai,Grand i10 Nios,Magna Corporate Edition AMT 1.2 Kappa VTVT,0,0,0,0,0,0,0,0,0,1,1,0,0,0,0,0
Hyundai,Grand i10 Nios,Magna Corporate Edition U2 1.2 CRDi,0,0,0,0,0,0,0,0,0,1,1,0,0,0,0,0
Hyundai,Grand i10 Nios,Sportz 1.0 Turbo GDi,0,0,0,0,0,0,0,0,0,1,1,1,1,0,0,0
Hyundai,Grand i10 Nios,Sportz 1.0 Turbo GDi Dual Tone,0,0,0,0,0,0,0,0,0,1,1,1,0,0,0,0
Hyundai,Grand i10 Nios,Sportz 1.2 Kappa VTVT CNG,0,0,0,0,0,0,0,0,0,1,1,1,1,0,0,0
Hyundai,Grand i10 Nios,Sportz U2 1.2 CRDi,0,0,0,0,0,0,0,0,0,1,1,1,0,0,0,0
Hyundai,New i20,Asta (O) 1.0 Turbo DCT,0,0,0,0,0,0,0,0,0,1,1,1,1,0,0,0
Hyundai,New i20,Asta (O) 1.0 Turbo DCT Dual Tone,0,0,0,0,0,0,0,0,0,1,1,1,1,0,0,0
Hyundai,New i20,Asta (O) 1.2 MT,0,0,0,0,0,0,0,0,0,1,1,1,1,1,1,1
Hyundai,New i20,Asta (O) 1.2 MT Dual Tone,0,0,0,0,0,0,0,0,0,1,1,1,1,1,1,1
Hyundai,New i20,Asta (O) 1.5 MT Diesel,0,0,0,0,0,0,0,0,0,1,1,1,1,0,0,0
Hyundai,New i20,Asta (O) 1.5 MT Diesel Dual Tone,0,0,0,0,0,0,0,0,0,1,1,1,1,0,0,0
Hyundai,New i20,Magna 1.2 MT,0,0,0,0,0,0,0,0,0,1,1,1,1,1,1,0
Hyundai,New i20,Magna 1.5 MT Diesel,0,0,0,0,0,0,0,0,0,1,1,1,1,0,0,0
Mahindra,XUV500,W11 Opt,0,0,0,0,0,0,0,0,0,1,1,0,0,0,0,0
Mahindra,XUV500,W11 Opt AT,0,0,0,0,0,0,0,0,0,1,1,0,0,0,0,0
Maruti Suzuki,Ciaz,Alpha 1.5,0,0,0,0,0,0,0,0,0,1,1,1,1,1,1,0
Maruti Suzuki,Ciaz,Alpha 1.5 AT,0,0,0,0,0,0,0,0,0,1,1,1,1,1,1,0
Maruti Suzuki,Ciaz,Delta 1.5,0,0,0,0,0,0,0,0,0,1,1,1,1,1,1,0
Maruti Suzuki,Ciaz,Delta 1.5 AT,0,0,0,0,0,0,0,0,0,1,1,1,1,1,1,0
Maruti Suzuki,Ciaz,S 1.5 MT,0,0,0,0,0,0,0,0,0,1,1,1,1,0,0,0
Maruti Suzuki,Ciaz,Sigma 1.5,0,0,0,0,0,0,0,0,0,1,1,1,1,1,1,0
Maruti Suzuki,Ciaz,Zeta 1.5,0,0,0,0,0,0,0,0,0,1,1,1,1,1,1,0
Maruti Suzuki,Ciaz,Zeta 1.5 AT,0,0,0,0,0,0,0,0,0,1,1,1,1,1,1,0
Maruti Suzuki,Dzire,TOUR S STD (O) CNG,0,0,0,0,0,0,0,0,0,1,1,1,1,1,0,0
Maruti Suzuki,Dzire,TOUR S STD CNG,0,0,0,0,0,0,0,0,0,1,1,1,1,1,0,0
Maruti Suzuki,Dzire,VXi AGS,0,0,0,0,0,0,0,0,0,1,1,1,1,1,0,0
Maruti Suzuki,Dzire,ZXi AGS,0,0,0,0,0,0,0,0,0,1,1,1,1,1,0,0
Maruti Suzuki,Dzire,ZXi Plus AGS,0,0,0,0,0,0,0,0,0,1,1,1,1,1,0,0
Maruti Suzuki,Dzire,TOUR S STD,0,0,0,0,0,0,0,0,0,1,1,1,1,1,0,0
Maruti Suzuki,Ignis,Alpha 1.2 AMT Dual Tone,0,0,0,0,0,0,0,0,0,1,1,1,1,1,1,1
Maruti Suzuki,Ignis,Alpha 1.2 MT Dual Tone,0,0,0,0,0,0,0,0,0,1,1,1,1,1,1,1
Maruti Suzuki,Ignis,Zeta 1.2 AMT Dual Tone,0,0,0,0,0,0,0,0,0,1,1,1,1,1,1,1
Maruti Suzuki,Ignis,Zeta 1.2 MT Dual Tone,0,0,0,0,0,0,0,0,0,1,1,1,1,1,1,1
Maruti Suzuki,S-Cross,Alpha,0,0,0,0,0,0,0,0,0,1,1,1,0,0,0,0
Maruti Suzuki,S-Cross,Alpha AT,0,0,0,0,0,0,0,0,0,1,1,1,0,0,0,0
Maruti Suzuki,S-Cross,Delta,0,0,0,0,0,0,0,0,0,1,1,1,0,0,0,0
Maruti Suzuki,S-Cross,Delta AT,0,0,0,0,0,0,0,0,0,1,1,1,0,0,0,0
Maruti Suzuki,S-Cross,Sigma,0,0,0,0,0,0,0,0,0,1,1,1,0,0,0,0
Maruti Suzuki,S-Cross,Zeta,0,0,0,0,0,0,0,0,0,1,1,1,0,0,0,0
Maruti Suzuki,S-Cross,Zeta AT,0,0,0,0,0,0,0,0,0,1,1,1,0,0,0,0
Maruti Suzuki,S-Presso,LXi (O) CNG,0,0,0,0,0,0,0,0,0,1,1,1,0,0,0,0
Maruti Suzuki,S-Presso,LXi CNG,0,0,0,0,0,0,0,0,0,1,1,1,0,0,0,0
Maruti Suzuki,S-Presso,VXi (O) CNG,0,0,0,0,0,0,0,0,0,1,1,1,0,0,0,0
Maruti Suzuki,S-Presso,VXi CNG,0,0,0,0,0,0,0,0,0,1,1,1,0,0,0,0
Maruti Suzuki,Vitara Brezza,ZXI Plus Dual Tone,0,0,0,0,0,0,0,0,0,1,1,1,0,0,0,0
Maruti Suzuki,Vitara Brezza,VXi AT SHVS,0,0,0,0,0,0,0,0,0,1,1,1,0,0,0,0
Maruti Suzuki,Vitara Brezza,ZXi AT SHVS,0,0,0,0,0,0,0,0,0,1,1,1,0,0,0,0
Maruti Suzuki,Vitara Brezza,ZXi Plus AT SHVS,0,0,0,0,0,0,0,0,0,1,1,1,0,0,0,0
Maruti Suzuki,Vitara Brezza,LXi,0,0,0,0,0,0,0,0,0,1,1,1,0,0,0,0
Maruti Suzuki,Vitara Brezza,VXi,0,0,0,0,0,0,0,0,0,1,1,1,0,0,0,0
Maruti Suzuki,Vitara Brezza,ZXi,0,0,0,0,0,0,0,0,0,1,1,1,0,0,0,0
Maruti Suzuki,Vitara Brezza,ZXi Plus,0,0,0,0,0,0,0,0,0,1,1,1,0,0,0,0
Maruti Suzuki,Vitara Brezza,ZXi Plus AT Dual Tone,0,0,0,0,0,0,0,0,0,1,1,1,0,0,0,0
Mercedes-Benz,GLE,300d 4MATIC LWB,0,0,0,0,0,0,0,0,0,1,1,1,1,1,0,0
Mercedes-Benz,GLE,400d 4MATIC Hip Hop Edition,0,0,0,0,0,0,0,0,0,1,1,0,0,0,0,0
Mercedes-Benz,GLE,400d 4MATIC LWB,0,0,0,0,0,0,0,0,0,1,1,1,1,0,0,0
Mercedes-Benz,GLE,450 4MATIC LWB,0,0,0,0,0,0,0,0,0,1,1,1,1,0,0,0
Mercedes-Benz,V-Class,Elite LWB,0,0,0,0,0,0,0,0,0,1,1,1,0,0,0,0
Mercedes-Benz,V-Class,Marco Polo,0,0,0,0,0,0,0,0,0,1,1,1,0,0,0,0
Mercedes-Benz,V-Class,Marco Polo Horizon,0,0,0,0,0,0,0,0,0,1,1,1,0,0,0,0
MG Motors,Gloster,Savvy 6 STR 2.0 Twin Turbo 4WD,0,0,0,0,0,0,0,0,0,1,1,1,1,1,1,1
MG Motors,Gloster,Sharp 6 STR 2.0 Twin Turbo 4WD,0,0,0,0,0,0,0,0,0,1,1,1,0,0,0,0
MG Motors,Gloster,Sharp 7 STR 2.0 Twin Turbo 4WD,0,0,0,0,0,0,0,0,0,1,1,1,0,0,0,0
MG Motors,Gloster,Smart 6 STR 2.0 Turbo 2WD,0,0,0,0,0,0,0,0,0,1,1,1,0,0,0,0
MG Motors,Gloster,Super 7 STR 2.0 Turbo 2WD,0,0,0,0,0,0,0,0,0,1,1,1,1,0,0,0
MG Motors,Hector,Sharp 1.5 DCT Petrol Dual Tone,0,0,0,0,0,0,0,0,0,1,1,0,0,0,0,0
MG Motors,Hector,Sharp 2.0 Diesel Dual Tone,0,0,0,0,0,0,0,0,0,1,1,0,0,0,0,0
MG Motors,Hector,Sharp Hybrid 1.5 Petrol Dual Tone,0,0,0,0,0,0,0,0,0,1,1,0,0,0,0,0
MG Motors,Hector,Special Anniversary Edition 1.5 Petrol,0,0,0,0,0,0,0,0,0,1,1,0,0,0,0,0
MG Motors,Hector,Special Anniversary Edition 2.0 Diesel,0,0,0,0,0,0,0,0,0,1,1,0,0,0,0,0
MG Motors,Hector Plus,Sharp 1.5 DCT Petrol,0,0,0,0,0,0,0,0,0,1,1,0,0,0,0,0
MG Motors,Hector Plus,Sharp 2.0 Diesel,0,0,0,0,0,0,0,0,0,1,1,0,0,0,0,0
MG Motors,Hector Plus,Sharp Hybrid 1.5 Petrol,0,0,0,0,0,0,0,0,0,1,1,0,0,0,0,0
MG Motors,Hector Plus,Smart 1.5 DCT Petrol,0,0,0,0,0,0,0,0,0,1,1,0,0,0,0,0
MG Motors,Hector Plus,Smart 2.0 Diesel,0,0,0,0,0,0,0,0,0,1,1,0,0,0,0,0
MG Motors,Hector Plus,Style 1.5 Petrol,0,0,0,0,0,0,0,0,0,1,0,0,0,0,0,0
MG Motors,Hector Plus,Style 2.0 Diesel,0,0,0,0,0,0,0,0,0,1,0,0,0,0,0,0
MG Motors,Hector Plus,Super 2.0 Diesel,0,0,0,0,0,0,0,0,0,1,1,0,0,0,0,0
MG Motors,ZS EV,Excite,0,0,0,0,0,0,0,0,0,1,1,1,1,1,0,0
MG Motors,ZS EV,Exclusive,0,0,0,0,0,0,0,0,0,1,1,1,1,1,0,0
Skoda,Rapid New,Active 1.0 TSI AT,0,0,0,0,0,0,0,0,0,1,1,1,0,0,0,0
Tata,Nexon EV,XM,0,0,0,0,0,0,0,0,0,1,1,1,0,0,0,0
Tata,Nexon EV,XZ Plus,0,0,0,0,0,0,0,0,0,1,1,1,0,0,0,0
Tata,Nexon EV,XZ Plus Dark Edition,0,0,0,0,0,0,0,0,0,1,1,1,0,0,0,0
Tata,Nexon EV,XZ Plus LUX,0,0,0,0,0,0,0,0,0,1,1,1,0,0,0,0
Tata,Nexon EV,XZ Plus LUX Dark Edition,0,0,0,0,0,0,0,0,0,1,1,1,0,0,0,0
Tata EV,Nexon EV,XM,0,0,0,0,0,0,0,0,0,1,1,1,0,0,0,0
Tata EV,Nexon EV,XZ Plus,0,0,0,0,0,0,0,0,0,1,1,1,0,0,0,0
Tata EV,Nexon EV,XZ Plus Dark Edition,0,0,0,0,0,0,0,0,0,1,1,1,0,0,0,0
Tata EV,Nexon EV,XZ Plus LUX,0,0,0,0,0,0,0,0,0,1,1,1,0,0,0,0
Tata EV,Nexon EV,XZ Plus LUX Dark Edition,0,0,0,0,0,0,0,0,0,1,1,1,0,0,0,0
Toyota,Innova Crysta,2.4 GX AT 7 STR,0,0,0,0,0,0,0,0,0,1,0,0,0,0,0,0
Toyota,Innova Crysta,2.4 GX AT 8 STR,0,0,0,0,0,0,0,0,0,1,0,0,0,0,0,0
Toyota,Innova Crysta,2.4 ZX AT 7 STR,0,0,0,0,0,0,0,0,0,1,0,0,0,0,0,0
Toyota,Innova Crysta,G 2.4 7 STR,0,0,0,0,0,0,0,0,0,1,1,1,1,0,0,0
Toyota,Innova Crysta,G 2.4 8 STR,0,0,0,0,0,0,0,0,0,1,1,1,1,0,0,0
Toyota,Innova Crysta,G Plus 2.4 7 STR,0,0,0,0,0,0,0,0,0,1,1,1,1,0,0,0
Toyota,Innova Crysta,G Plus 2.4 8 STR,0,0,0,0,0,0,0,0,0,1,1,1,1,0,0,0
Toyota,Innova Crysta,GX 2.4 7 STR,0,0,0,0,0,0,0,0,0,1,1,1,1,0,0,0
Toyota,Innova Crysta,GX 2.4 8 STR,0,0,0,0,0,0,0,0,0,1,1,1,1,0,0,0
Toyota,Innova Crysta,GX 2.4 AT 7 STR,0,0,0,0,0,0,0,0,0,1,1,1,1,0,0,0
Toyota,Innova Crysta,GX 2.4 AT 8 STR,0,0,0,0,0,0,0,0,0,1,1,1,1,0,0,0
Toyota,Innova Crysta,GX 2.7 7 STR,0,0,0,0,0,0,0,0,0,1,1,1,1,0,0,0
Toyota,Innova Crysta,GX 2.7 8 STR,0,0,0,0,0,0,0,0,0,1,1,1,1,0,0,0
Toyota,Innova Crysta,GX 2.7 AT 7 STR,0,0,0,0,0,0,0,0,0,1,1,1,1,0,0,0
Toyota,Innova Crysta,GX 2.7 AT 8 STR,0,0,0,0,0,0,0,0,0,1,1,1,1,0,0,0
Toyota,Innova Crysta,Leadership Edition,0,0,0,0,0,0,0,0,0,1,0,0,0,0,0,0
Toyota,Innova Crysta,VX 2.4 7 STR,0,0,0,0,0,0,0,0,0,1,1,1,1,1,1,1
Toyota,Innova Crysta,VX 2.4 8 STR,0,0,0,0,0,0,0,0,0,1,1,1,1,1,1,1
Toyota,Innova Crysta,VX 2.7 7 STR,0,0,0,0,0,0,0,0,0,1,1,1,1,0,0,0
Toyota,Innova Crysta,ZX 2.4 7 STR,0,0,0,0,0,0,0,0,0,1,1,1,1,1,1,1
Toyota,Innova Crysta,ZX 2.4 AT 7 STR,0,0,0,0,0,0,0,0,0,1,1,1,1,0,0,0
Toyota,Innova Crysta,ZX 2.7 AT 7 STR,0,0,0,0,0,0,0,0,0,1,1,1,1,0,0,0
Volkswagen,Polo,1.0 GT TSI,0,0,0,0,0,0,0,0,0,1,0,0,0,0,0,0
Volkswagen,Polo,Comfortline Plus 1.0L MPI,0,0,0,0,0,0,0,0,0,1,1,0,0,0,0,0
Volkswagen,Polo,GT,0,0,0,0,0,0,0,0,0,1,1,1,0,0,0,0
Volkswagen,Polo,Highline 1.0 (P),0,0,0,0,0,0,0,0,0,1,0,0,0,0,0,0
Volkswagen,Polo,Highline Plus 1.0L TSI,0,0,0,0,0,0,0,0,0,1,1,1,0,0,0,0
Volkswagen,Polo,Highline Plus 1.0L TSI AT,0,0,0,0,0,0,0,0,0,1,1,1,0,0,0,0
Volkswagen,Polo,Limited TSI Edition,0,0,0,0,0,0,0,0,0,1,0,0,0,0,0,0
Volkswagen,Polo,Red and White Edition,0,0,0,0,0,0,0,0,0,1,1,0,0,0,0,0
Volkswagen,Polo,Trendline 1.0L MPI,0,0,0,0,0,0,0,0,0,1,1,1,0,0,0,0
Volkswagen,Tiguan AllSpace,2.0 TSI,0,0,0,0,0,0,0,0,0,1,1,0,0,0,0,0
Volkswagen,Vento,Comfortline 1.0 Petrol,0,0,0,0,0,0,0,0,0,1,1,0,0,0,0,0
Volkswagen,Vento,Highline 1.0L TSI,0,0,0,0,0,0,0,0,0,1,1,1,0,0,0,0
Volkswagen,Vento,Highline 1.0L TSI Automatic,0,0,0,0,0,0,0,0,0,1,1,1,0,0,0,0
Volkswagen,Vento,Highline Plus 1.0L TSI,0,0,0,0,0,0,0,0,0,1,1,1,0,0,0,0
Volkswagen,Vento,Highline Plus 1.0L TSI Automatic,0,0,0,0,0,0,0,0,0,1,1,1,0,0,0,0
Volkswagen,Vento,Limited TSI Edition,0,0,0,0,0,0,0,0,0,1,0,0,0,0,0,0
Volkswagen,Vento,Red and White Edition,0,0,0,0,0,0,0,0,0,1,1,0,0,0,0,0
Volkswagen,Vento,Trendline 1.0L TSI,0,0,0,0,0,0,0,0,0,1,1,0,0,0,0,0
Audi,RS5,Sportback,0,0,0,0,0,0,0,0,0,0,1,1,1,1,1,0
BMW,2 Series Gran Coupe,220i Black Shadow Edition,0,0,0,0,0,0,0,0,0,0,1,1,0,0,0,0
BMW,2 Series Gran Coupe,220i M Sport,0,0,0,0,0,0,0,0,0,0,1,1,1,1,1,0
BMW,2 Series Gran Coupe,220i Sport,0,0,0,0,0,0,0,0,0,0,1,1,1,0,0,0
BMW,3 Series Gran Limousine,320Ld Iconic Edition,0,0,0,0,0,0,0,0,0,0,1,1,0,0,0,0
BMW,3 Series Gran Limousine,320Ld Luxury Line,0,0,0,0,0,0,0,0,0,0,1,1,1,0,0,0
BMW,3 Series Gran Limousine,330Li Iconic Edition,0,0,0,0,0,0,0,0,0,0,1,1,0,0,0,0
BMW,3 Series Gran Limousine,330Li Luxury Line,0,0,0,0,0,0,0,0,0,0,1,1,1,0,0,0
BMW,3 Series Gran Limousine,330Li M Sport First Edition,0,0,0,0,0,0,0,0,0,0,1,1,1,0,0,0
BMW,6 Series GT,630i M Sport,0,0,0,0,0,0,0,0,0,0,1,1,1,1,0,0
Force Motors,Gurkha,3 Door 4X4 BS6 FM2.6CR,0,0,0,0,0,0,0,0,0,0,1,1,1,1,1,1
Hyundai,i20 N Line,N6 1.0 Turbo iMT,0,0,0,0,0,0,0,0,0,0,1,1,1,0,0,0
Hyundai,i20 N Line,N6 1.0 Turbo iMT Dual Tone,0,0,0,0,0,0,0,0,0,0,1,1,1,0,0,0
Hyundai,i20 N Line,N8 1.0 Turbo DCT,0,0,0,0,0,0,0,0,0,0,1,1,1,1,1,1
Hyundai,i20 N Line,N8 1.0 Turbo DCT Dual Tone,0,0,0,0,0,0,0,0,0,0,1,1,1,1,1,1
Hyundai,i20 N Line,N8 1.0 Turbo iMT,0,0,0,0,0,0,0,0,0,0,1,1,1,0,0,0
Hyundai,i20 N Line,N8 1.0 Turbo iMT Dual Tone,0,0,0,0,0,0,0,0,0,0,1,1,1,0,0,0
Isuzu,DMAX,Hi-Lander,0,0,0,0,0,0,0,0,0,0,1,1,1,1,0,0
Isuzu,DMAX,V-Cross Z 4x2 AT,0,0,0,0,0,0,0,0,0,0,1,1,1,1,0,0
Isuzu,DMAX,V-Cross Z 4x4 MT,0,0,0,0,0,0,0,0,0,0,1,1,1,1,0,0
Isuzu,DMAX,V-Cross Z Prestige 4x4 AT,0,0,0,0,0,0,0,0,0,0,1,1,1,1,0,0
Mahindra,Bolero Neo,N10,0,0,0,0,0,0,0,0,0,0,1,1,1,1,1,1
Mahindra,Bolero Neo,N10 (O),0,0,0,0,0,0,0,0,0,0,1,1,1,1,1,1
Mahindra,Bolero Neo,N4,0,0,0,0,0,0,0,0,0,0,1,1,1,1,1,1
Mahindra,Bolero Neo,N8,0,0,0,0,0,0,0,0,0,0,1,1,1,1,1,1
Mahindra,XUV700,AX 3 Diesel AT 5 STR,0,0,0,0,0,0,0,0,0,0,1,1,1,1,0,0
Mahindra,XUV700,AX 3 Diesel MT 5 STR,0,0,0,0,0,0,0,0,0,0,1,1,1,1,0,0
Mahindra,XUV700,AX 3 Diesel MT 7 STR,0,0,0,0,0,0,0,0,0,0,1,1,1,1,0,0
Mahindra,XUV700,AX 3 Petrol AT 5 STR,0,0,0,0,0,0,0,0,0,0,1,1,1,1,0,0
Mahindra,XUV700,AX 3 Petrol MT 5 STR,0,0,0,0,0,0,0,0,0,0,1,1,1,1,0,0
Mahindra,XUV700,AX 5 Diesel AT 5 STR,0,0,0,0,0,0,0,0,0,0,1,1,1,1,0,0
Mahindra,XUV700,AX 5 Diesel AT 7 STR,0,0,0,0,0,0,0,0,0,0,1,1,1,1,0,0
Mahindra,XUV700,AX 5 Diesel MT 5 STR,0,0,0,0,0,0,0,0,0,0,1,1,1,1,0,0
Mahindra,XUV700,AX 5 Diesel MT 7 STR,0,0,0,0,0,0,0,0,0,0,1,1,1,1,0,0
Mahindra,XUV700,AX 5 Petrol AT 5 STR,0,0,0,0,0,0,0,0,0,0,1,1,1,1,0,0
Mahindra,XUV700,AX 5 Petrol MT 5 STR,0,0,0,0,0,0,0,0,0,0,1,1,1,1,0,0
Mahindra,XUV700,AX 5 Petrol MT 7 STR,0,0,0,0,0,0,0,0,0,0,1,1,1,1,0,0
Mahindra,XUV700,AX 7 Diesel AT 7 STR,0,0,0,0,0,0,0,0,0,0,1,1,1,1,0,0
Mahindra,XUV700,AX 7 Diesel AT AWD 7 STR,0,0,0,0,0,0,0,0,0,0,1,1,1,1,0,0
Mahindra,XUV700,AX 7 Diesel AT AWD Luxury Pack 7 STR,0,0,0,0,0,0,0,0,0,0,1,1,1,0,0,0
Mahindra,XUV700,AX 7 Diesel AT Luxury Pack 7 STR,0,0,0,0,0,0,0,0,0,0,1,1,1,0,0,0
Mahindra,XUV700,AX 7 Diesel MT 7 STR,0,0,0,0,0,0,0,0,0,0,1,1,1,1,0,0
Mahindra,XUV700,AX 7 Diesel MT Luxury Pack 7 STR,0,0,0,0,0,0,0,0,0,0,1,1,1,0,0,0
Mahindra,XUV700,AX 7 Petrol AT 7 STR,0,0,0,0,0,0,0,0,0,0,1,1,1,1,0,0
Mahindra,XUV700,AX 7 Petrol AT Luxury Pack 7 STR,0,0,0,0,0,0,0,0,0,0,1,1,1,0,0,0
Mahindra,XUV700,AX 7 Petrol MT 7 STR,0,0,0,0,0,0,0,0,0,0,1,1,1,1,0,0
Mahindra,XUV700,MX Diesel MT 5 STR,0,0,0,0,0,0,0,0,0,0,1,1,1,1,1,0
Mahindra,XUV700,MX Petrol MT 5 STR,0,0,0,0,0,0,0,0,0,0,1,1,1,1,1,0
Maruti Suzuki,Celerio,ZXi Plus,0,0,0,0,0,0,0,0,0,0,1,1,1,1,1,1
Maruti Suzuki,Celerio,ZXi Plus AMT,0,0,0,0,0,0,0,0,0,0,1,1,1,1,1,1
Maruti Suzuki,Eeco,5 STR AC (O),0,0,0,0,0,0,0,0,0,0,1,1,1,1,1,1
Maruti Suzuki,Eeco,5 STR AC (O) CNG,0,0,0,0,0,0,0,0,0,0,1,1,1,1,1,0
Maruti Suzuki,Eeco,5 STR STD (O),0,0,0,0,0,0,0,0,0,0,1,1,1,1,1,1
Maruti Suzuki,Eeco,7 STR STD (O),0,0,0,0,0,0,0,0,0,0,1,1,1,1,1,0
Maruti Suzuki,Swift,ZXi Plus AMT Dual Tone,0,0,0,0,0,0,0,0,0,0,1,1,1,1,0,0
Maruti Suzuki,Swift,ZXI PLUS CNG O/S FITTED,0,0,0,0,0,0,0,0,0,0,1,1,1,1,0,0
Maruti Suzuki,Swift,ZXi Plus Dual Tone,0,0,0,0,0,0,0,0,0,0,1,1,1,1,1,1
McLaren,Artura,3.0 PHEV Coupe,0,0,0,0,0,0,0,0,0,0,1,1,1,1,1,1
Mercedes-Benz,A-Class Limousine,200,0,0,0,0,0,0,0,0,0,0,1,1,1,1,1,1
Mercedes-Benz,A-Class Limousine,200d,0,0,0,0,0,0,0,0,0,0,1,1,1,1,1,1
Mercedes-Benz,AMG A35,4Matic Limousine,0,0,0,0,0,0,0,0,0,0,1,1,1,1,0,0
Mercedes-Benz,AMG GLE Coupe,63 S 4Matic Plus,0,0,0,0,0,0,0,0,0,0,1,1,1,1,0,0
Mercedes-Benz,GLA,200,0,0,0,0,0,0,0,0,0,0,1,1,1,1,1,1
Mercedes-Benz,GLA,220d,0,0,0,0,0,0,0,0,0,0,1,1,1,1,0,0
Mercedes-Benz,GLA,220d 4MATIC,0,0,0,0,0,0,0,0,0,0,1,1,1,1,1,1
MG Motors,Astor,Savvy 1.3 Turbo AT S Red,0,0,0,0,0,0,0,0,0,0,1,1,1,0,0,0
MG Motors,Astor,Savvy 1.5 CVT,0,0,0,0,0,0,0,0,0,0,1,1,1,0,0,0
MG Motors,Astor,Savvy 1.5 CVT S Red,0,0,0,0,0,0,0,0,0,0,1,1,1,0,0,0
MG Motors,Astor,Sharp 1.3 Turbo AT,0,0,0,0,0,0,0,0,0,0,1,1,1,0,0,0
MG Motors,Astor,Sharp 1.5 CVT Old Generation,0,0,0,0,0,0,0,0,0,0,1,1,1,0,0,0
MG Motors,Astor,Sharp 1.5 MT,0,0,0,0,0,0,0,0,0,0,1,1,1,0,0,0
MG Motors,Astor,Smart 1.3 Turbo AT,0,0,0,0,0,0,0,0,0,0,1,1,1,1,0,0
MG Motors,Astor,Smart 1.5 CVT,0,0,0,0,0,0,0,0,0,0,1,1,1,1,0,0
MG Motors,Astor,Smart 1.5 MT,0,0,0,0,0,0,0,0,0,0,1,1,1,1,0,0
MG Motors,Astor,Style 1.5 MT,0,0,0,0,0,0,0,0,0,0,1,1,1,1,0,0
MG Motors,Astor,Super 1.5 CVT,0,0,0,0,0,0,0,0,0,0,1,1,1,1,0,0
MG Motors,Astor,Super 1.5 MT,0,0,0,0,0,0,0,0,0,0,1,1,1,1,0,0
MG Motors,Gloster,Savvy 7 STR 2.0 Twin Turbo 4WD,0,0,0,0,0,0,0,0,0,0,1,1,1,1,1,1
MG Motors,Hector,1.5 Sharp CVT Dual Tone,0,0,0,0,0,0,0,0,0,0,1,1,1,0,0,0
MG Motors,Hector,Sharp 1.5 Petrol CVT,0,0,0,0,0,0,0,0,0,0,1,1,1,0,0,0
MG Motors,Hector,Sharp 1.5 Petrol Turbo DCT,0,0,0,0,0,0,0,0,0,0,1,1,1,0,0,0
MG Motors,Hector,Sharp 1.5 Petrol Turbo DCT Dual Tone,0,0,0,0,0,0,0,0,0,0,1,1,1,0,0,0
MG Motors,Hector,Sharp 1.5 Petrol Turbo Hybrid MT,0,0,0,0,0,0,0,0,0,0,1,1,1,0,0,0
MG Motors,Hector,Sharp 1.5 Petrol Turbo Hybrid MT Dual Tone,0,0,0,0,0,0,0,0,0,0,1,1,1,0,0,0
MG Motors,Hector,Sharp 2.0 Diesel Turbo MT,0,0,0,0,0,0,0,0,0,0,1,1,1,0,0,0
MG Motors,Hector,Sharp 2.0 Diesel Turbo MT Dual Tone,0,0,0,0,0,0,0,0,0,0,1,1,1,0,0,0
MG Motors,Hector,Shine 1.5 Petrol Turbo CVT,0,0,0,0,0,0,0,0,0,0,1,1,1,0,0,0
MG Motors,Hector,Shine 1.5 Petrol Turbo MT,0,0,0,0,0,0,0,0,0,0,1,1,1,0,0,0
MG Motors,Hector,Shine 2.0 Diesel Turbo MT,0,0,0,0,0,0,0,0,0,0,1,1,1,0,0,0
MG Motors,Hector,Smart 1.5 Petrol CVT,0,0,0,0,0,0,0,0,0,0,1,1,1,0,0,0
MG Motors,Hector,Smart 1.5 Petrol Turbo DCT,0,0,0,0,0,0,0,0,0,0,1,1,1,0,0,0
MG Motors,Hector,Smart 1.5 Petrol Turbo Hybrid MT,0,0,0,0,0,0,0,0,0,0,1,1,1,0,0,0
MG Motors,Hector,Smart 2.0 Diesel Turbo MT,0,0,0,0,0,0,0,0,0,0,1,1,1,0,0,0
MG Motors,Hector,Style 1.5 Petrol Turbo MT,0,0,0,0,0,0,0,0,0,0,1,1,1,0,0,0
MG Motors,Hector,Style 2.0 Diesel Turbo MT,0,0,0,0,0,0,0,0,0,0,1,1,1,0,0,0
MG Motors,Hector,Super 1.5 Petrol Turbo Hybrid MT,0,0,0,0,0,0,0,0,0,0,1,0,0,0,0,0
MG Motors,Hector,Super 1.5 Petrol Turbo MT,0,0,0,0,0,0,0,0,0,0,1,0,0,0,0,0
MG Motors,Hector,Super 2.0 Diesel Turbo MT,0,0,0,0,0,0,0,0,0,0,1,0,0,0,0,0
MG Motors,Hector Plus,Select 2.0 Diesel Turbo MT 7-STR,0,0,0,0,0,0,0,0,0,0,1,1,1,0,0,0
MG Motors,Hector Plus,Sharp 1.5 Petrol Turbo CVT 6-STR,0,0,0,0,0,0,0,0,0,0,1,1,1,0,0,0
MG Motors,Hector Plus,Sharp 1.5 Petrol Turbo CVT 6-STR Dual Tone,0,0,0,0,0,0,0,0,0,0,1,1,1,0,0,0
MG Motors,Hector Plus,Sharp 1.5 Petrol Turbo DCT 6-STR,0,0,0,0,0,0,0,0,0,0,1,1,1,0,0,0
MG Motors,Hector Plus,Sharp 1.5 Petrol Turbo DCT 6-STR Dual Tone,0,0,0,0,0,0,0,0,0,0,1,1,1,0,0,0
MG Motors,Hector Plus,Sharp 1.5 Petrol Turbo Hybrid MT 6-STR,0,0,0,0,0,0,0,0,0,0,1,1,1,0,0,0
MG Motors,Hector Plus,Sharp 1.5 Petrol Turbo Hybrid MT 6-STR Dual Tone,0,0,0,0,0,0,0,0,0,0,1,1,1,0,0,0
MG Motors,Hector Plus,Sharp 2.0 Diesel Turbo MT 6-STR,0,0,0,0,0,0,0,0,0,0,1,1,1,0,0,0
MG Motors,Hector Plus,Sharp 2.0 Diesel Turbo MT 6-STR Dual Tone,0,0,0,0,0,0,0,0,0,0,1,1,1,0,0,0
MG Motors,Hector Plus,Smart 1.5 Petrol Turbo CVT 6-STR,0,0,0,0,0,0,0,0,0,0,1,1,1,0,0,0
MG Motors,Hector Plus,Smart 1.5 Petrol Turbo DCT 6-STR,0,0,0,0,0,0,0,0,0,0,1,1,1,0,0,0
MG Motors,Hector Plus,Smart 2.0 Diesel Turbo MT 6-STR,0,0,0,0,0,0,0,0,0,0,1,1,1,0,0,0
MG Motors,Hector Plus,Smart 2.0 Diesel Turbo MT 7-STR,0,0,0,0,0,0,0,0,0,0,1,1,1,0,0,0
MG Motors,Hector Plus,Style 1.5 Petrol Turbo MT 7-STR,0,0,0,0,0,0,0,0,0,0,1,1,1,0,0,0
MG Motors,Hector Plus,Style 2.0 Diesel Turbo MT 7-STR,0,0,0,0,0,0,0,0,0,0,1,1,1,0,0,0
MG Motors,Hector Plus,Super 1.5 Petrol Turbo Hybrid MT 7-STR,0,0,0,0,0,0,0,0,0,0,1,1,1,0,0,0
MG Motors,Hector Plus,Super 2.0 Diesel Turbo MT 6-STR,0,0,0,0,0,0,0,0,0,0,1,1,1,0,0,0
MG Motors,Hector Plus,Super 2.0 Diesel Turbo MT 7-STR,0,0,0,0,0,0,0,0,0,0,1,1,1,0,0,0
Mini,Countryman,Cooper S JCW Inspired,0,0,0,0,0,0,0,0,0,0,1,1,1,1,1,0
Tata,Tiago NRG,XZ AMT,0,0,0,0,0,0,0,0,0,0,1,1,1,1,1,1
Tata,Tiago NRG,XZ MT,0,0,0,0,0,0,0,0,0,0,1,1,1,1,1,1
Tata,Tigor EV,XE,0,0,0,0,0,0,0,0,0,0,1,1,0,0,0,0
Tata,Tigor EV,XM,0,0,0,0,0,0,0,0,0,0,1,1,0,0,0,0
Tata,Tigor EV,XZ Plus,0,0,0,0,0,0,0,0,0,0,1,1,0,0,0,0
Tata,Tigor EV,XZ Plus Dual Tone,0,0,0,0,0,0,0,0,0,0,1,1,0,0,0,0
Tata EV,Tigor EV,XE,0,0,0,0,0,0,0,0,0,0,1,1,0,0,0,0
Tata EV,Tigor EV,XM,0,0,0,0,0,0,0,0,0,0,1,1,0,0,0,0
Tata EV,Tigor EV,XZ Plus,0,0,0,0,0,0,0,0,0,0,1,1,0,0,0,0
Tata EV,Tigor EV,XZ Plus Dual Tone,0,0,0,0,0,0,0,0,0,0,1,1,0,0,0,0
Toyota,Fortuner Legender,4X2 AT 2.8 Legender,0,0,0,0,0,0,0,0,0,0,1,1,1,1,1,1
Toyota,Fortuner Legender,4X4 AT 2.8 Legender,0,0,0,0,0,0,0,0,0,0,1,1,1,1,1,0
Toyota,Innova Crysta,2.4 GX Limited Edition 7 STR,0,0,0,0,0,0,0,0,0,0,1,1,0,0,0,0
Toyota,Innova Crysta,2.4 GX Limited Edition 8 STR,0,0,0,0,0,0,0,0,0,0,1,1,0,0,0,0
Toyota,Innova Crysta,2.4 GX Limited Edition AT 7 STR,0,0,0,0,0,0,0,0,0,0,1,1,0,0,0,0
Toyota,Innova Crysta,2.4 GX Limited Edition AT 8 STR,0,0,0,0,0,0,0,0,0,0,1,1,0,0,0,0
Toyota,Innova Crysta,2.7 GX Limited Edtion 7 STR,0,0,0,0,0,0,0,0,0,0,1,1,0,0,0,0
Toyota,Innova Crysta,2.7 GX Limited Edtion 8 STR,0,0,0,0,0,0,0,0,0,0,1,1,0,0,0,0
Toyota,Innova Crysta,2.7 GX Limited Edtion AT 7 STR,0,0,0,0,0,0,0,0,0,0,1,1,0,0,0,0
Toyota,Innova Crysta,2.7 GX Limited Edtion AT 8 STR,0,0,0,0,0,0,0,0,0,0,1,1,0,0,0,0
Volkswagen,Polo,Comfortline 1.0L MPI,0,0,0,0,0,0,0,0,0,0,1,1,0,0,0,0
Volkswagen,Polo,Comfortline 1.0L TSI,0,0,0,0,0,0,0,0,0,0,1,1,0,0,0,0
Volkswagen,Polo,Comfortline 1.0L TSI AT,0,0,0,0,0,0,0,0,0,0,1,1,0,0,0,0
Volkswagen,Polo,Matt Edition,0,0,0,0,0,0,0,0,0,0,1,1,0,0,0,0
Volkswagen,Polo,Turbo Edition 1.0L TSI,0,0,0,0,0,0,0,0,0,0,1,0,0,0,0,0
Volkswagen,Taigun,Comfortline 1.0 TSI MT,0,0,0,0,0,0,0,0,0,0,1,1,1,1,1,1
Volkswagen,Taigun,GT 1.5 TSI MT,0,0,0,0,0,0,0,0,0,0,1,1,1,1,1,1
Volkswagen,Taigun,GT Plus 1.5 TSI DSG,0,0,0,0,0,0,0,0,0,0,1,1,1,1,0,0
Volkswagen,Taigun,Highline 1.0 TSI AT,0,0,0,0,0,0,0,0,0,0,1,1,1,1,1,1
Volkswagen,Taigun,Highline 1.0 TSI MT,0,0,0,0,0,0,0,0,0,0,1,1,1,1,1,1
Volkswagen,Taigun,Topline 1.0 TSI AT,0,0,0,0,0,0,0,0,0,0,1,1,1,1,0,0
Volkswagen,Taigun,Topline 1.0 TSI MT,0,0,0,0,0,0,0,0,0,0,1,1,1,1,0,0
Volkswagen,Tiguan,Elegance 2.0 TSI DSG,0,0,0,0,0,0,0,0,0,0,1,1,1,1,1,0
Volkswagen,Vento,Comfortline 1.0L TSI,0,0,0,0,0,0,0,0,0,0,1,1,0,0,0,0
Volkswagen,Vento,Highline AT Matt Edition,0,0,0,0,0,0,0,0,0,0,1,1,0,0,0,0
Volkswagen,Vento,Highline Plus AT Matt Edition,0,0,0,0,0,0,0,0,0,0,1,1,0,0,0,0
Volkswagen,Vento,Turbo Edition 1.0L TSI,0,0,0,0,0,0,0,0,0,0,1,0,0,0,0,0
Audi,Q3 Sportback,Technology Plus S-line,0,0,0,0,0,0,0,0,0,0,0,1,1,1,1,1
BMW,6 Series GT,630i M Sport 50 Jahre M Edition,0,0,0,0,0,0,0,0,0,0,0,1,1,0,0,0
BMW,8 Series,840i M Sport,0,0,0,0,0,0,0,0,0,0,0,1,1,0,0,0
BMW,M5,50 Jahre M Edition,0,0,0,0,0,0,0,0,0,0,0,1,1,0,0,0
Hyundai,Grand i10 Nios,Asta 1.2 Kappa VTVT CNG,0,0,0,0,0,0,0,0,0,0,0,1,1,0,0,0
Hyundai,Grand i10 Nios,Corporate Edition AMT,0,0,0,0,0,0,0,0,0,0,0,1,0,0,0,0
Hyundai,Grand i10 Nios,Corporate Edition MT,0,0,0,0,0,0,0,0,0,0,0,1,0,0,0,0
Hyundai,New i20,Sportz 1.0 Turbo DCT,0,0,0,0,0,0,0,0,0,0,0,1,1,0,0,0
Hyundai,Venue N-Line,N6 DCT,0,0,0,0,0,0,0,0,0,0,0,1,1,1,1,0
Hyundai,Venue N-Line,N6 DCT Dual Tone,0,0,0,0,0,0,0,0,0,0,0,1,1,1,1,0
Hyundai,Venue N-Line,N8 DCT,0,0,0,0,0,0,0,0,0,0,0,1,1,1,1,0
Hyundai,Venue N-Line,N8 DCT Dual Tone,0,0,0,0,0,0,0,0,0,0,0,1,1,1,1,0
Mahindra,Scorpio Classic,S MT 7STR,0,0,0,0,0,0,0,0,0,0,0,1,1,1,1,1
Mahindra,Scorpio Classic,S MT 9STR,0,0,0,0,0,0,0,0,0,0,0,1,1,1,1,1
Mahindra,Scorpio Classic,S11 MT 7S,0,0,0,0,0,0,0,0,0,0,0,1,1,1,1,1
Mahindra,Scorpio Classic,S11 MT 7S CC,0,0,0,0,0,0,0,0,0,0,0,1,1,1,1,1
Mahindra,Scorpio N,Z2 Diesel MT 7 STR,0,0,0,0,0,0,0,0,0,0,0,1,1,1,1,0
Mahindra,Scorpio N,Z2 Diesel MT 7 STR (E),0,0,0,0,0,0,0,0,0,0,0,1,1,0,0,0
Mahindra,Scorpio N,Z2 Petrol MT 6 STR,0,0,0,0,0,0,0,0,0,0,0,1,0,0,0,0
Mahindra,Scorpio N,Z2 Petrol MT 7 STR,0,0,0,0,0,0,0,0,0,0,0,1,1,1,1,0
Mahindra,Scorpio N,Z2 Petrol MT 7 STR (E),0,0,0,0,0,0,0,0,0,0,0,1,1,0,0,0
Mahindra,Scorpio N,Z4 Diesel AT 2WD 7 STR,0,0,0,0,0,0,0,0,0,0,0,1,1,1,1,1
Mahindra,Scorpio N,Z4 Diesel MT 2WD 7 STR,0,0,0,0,0,0,0,0,0,0,0,1,1,1,1,0
Mahindra,Scorpio N,Z4 Diesel MT 2WD 7 STR (E),0,0,0,0,0,0,0,0,0,0,0,1,1,0,0,0
Mahindra,Scorpio N,Z4 Diesel MT 4WD 7 STR,0,0,0,0,0,0,0,0,0,0,0,1,1,1,1,0
Mahindra,Scorpio N,Z4 Diesel MT 4WD 7 STR (E),0,0,0,0,0,0,0,0,0,0,0,1,1,0,0,0
Mahindra,Scorpio N,Z4 Petrol AT 7 STR,0,0,0,0,0,0,0,0,0,0,0,1,1,1,1,1
Mahindra,Scorpio N,Z4 Petrol MT 7 STR,0,0,0,0,0,0,0,0,0,0,0,1,1,1,1,0
Mahindra,Scorpio N,Z4 Petrol MT 7 STR (E),0,0,0,0,0,0,0,0,0,0,0,1,1,0,0,0
Mahindra,Scorpio N,Z6 Diesel AT 2WD 7 STR,0,0,0,0,0,0,0,0,0,0,0,1,1,1,1,1
Mahindra,Scorpio N,Z6 Diesel MT 2WD 7 STR,0,0,0,0,0,0,0,0,0,0,0,1,1,1,1,1
Mahindra,Scorpio N,Z6 Diesel MT 4WD 7 STR,0,0,0,0,0,0,0,0,0,0,0,1,0,0,0,0
Mahindra,Scorpio N,Z6 Petrol AT 7 STR,0,0,0,0,0,0,0,0,0,0,0,1,0,0,0,0
Mahindra,Scorpio N,Z6 Petrol MT 7 STR,0,0,0,0,0,0,0,0,0,0,0,1,0,0,0,0
Mahindra,Scorpio N,Z8 Diesel AT 2WD 6 STR,0,0,0,0,0,0,0,0,0,0,0,1,0,0,0,0
Mahindra,Scorpio N,Z8 Diesel AT 2WD 7 STR,0,0,0,0,0,0,0,0,0,0,0,1,1,1,1,1
Mahindra,Scorpio N,Z8 Diesel AT 4WD 6 STR,0,0,0,0,0,0,0,0,0,0,0,1,0,0,0,0
Mahindra,Scorpio N,Z8 Diesel AT 4WD 7 STR,0,0,0,0,0,0,0,0,0,0,0,1,1,1,1,1
Mahindra,Scorpio N,Z8 Diesel MT 2WD 6 STR,0,0,0,0,0,0,0,0,0,0,0,1,0,0,0,0
Mahindra,Scorpio N,Z8 Diesel MT 2WD 7 STR,0,0,0,0,0,0,0,0,0,0,0,1,1,1,1,0
Mahindra,Scorpio N,Z8 Diesel MT 4WD 6 STR,0,0,0,0,0,0,0,0,0,0,0,1,0,0,0,0
Mahindra,Scorpio N,Z8 Diesel MT 4WD 7 STR,0,0,0,0,0,0,0,0,0,0,0,1,1,1,1,1
Mahindra,Scorpio N,Z8 L Diesel AT 2WD 6 STR,0,0,0,0,0,0,0,0,0,0,0,1,1,1,1,1
Mahindra,Scorpio N,Z8 L Diesel AT 2WD 7 STR,0,0,0,0,0,0,0,0,0,0,0,1,1,1,1,0
Mahindra,Scorpio N,Z8 L Diesel AT 4WD 6 STR,0,0,0,0,0,0,0,0,0,0,0,1,0,0,0,0
Mahindra,Scorpio N,Z8 L Diesel AT 4WD 7 STR,0,0,0,0,0,0,0,0,0,0,0,1,1,1,1,0
Mahindra,Scorpio N,Z8 L Diesel MT 2WD 6 STR,0,0,0,0,0,0,0,0,0,0,0,1,1,1,1,1
Mahindra,Scorpio N,Z8 L Diesel MT 2WD 7 STR,0,0,0,0,0,0,0,0,0,0,0,1,1,1,1,0
Mahindra,Scorpio N,Z8 L Diesel MT 4WD 6 STR,0,0,0,0,0,0,0,0,0,0,0,1,0,0,0,0
Mahindra,Scorpio N,Z8 L Diesel MT 4WD 7 STR,0,0,0,0,0,0,0,0,0,0,0,1,1,1,1,0
Mahindra,Scorpio N,Z8 L Petrol AT 6 STR,0,0,0,0,0,0,0,0,0,0,0,1,1,1,1,1
Mahindra,Scorpio N,Z8 L Petrol AT 7 STR,0,0,0,0,0,0,0,0,0,0,0,1,1,1,1,1
Mahindra,Scorpio N,Z8 L Petrol MT 6 STR,0,0,0,0,0,0,0,0,0,0,0,1,1,1,1,1
Mahindra,Scorpio N,Z8 L Petrol MT 7 STR,0,0,0,0,0,0,0,0,0,0,0,1,1,1,1,1
Mahindra,Scorpio N,Z8 Petrol AT 6 STR,0,0,0,0,0,0,0,0,0,0,0,1,0,0,0,0
Mahindra,Scorpio N,Z8 Petrol AT 7 STR,0,0,0,0,0,0,0,0,0,0,0,1,1,1,1,1
Mahindra,Scorpio N,Z8 Petrol MT 6 STR,0,0,0,0,0,0,0,0,0,0,0,1,0,0,0,0
Mahindra,Scorpio N,Z8 Petrol MT 7 STR,0,0,0,0,0,0,0,0,0,0,0,1,1,1,1,1
Mahindra,XUV 300 TurboSport,W6,0,0,0,0,0,0,0,0,0,0,0,1,1,1,0,0
Mahindra,XUV 300 TurboSport,W8,0,0,0,0,0,0,0,0,0,0,0,1,1,1,0,0
Mahindra,XUV 300 TurboSport,W8 Dual Tone,0,0,0,0,0,0,0,0,0,0,0,1,1,1,0,0
Mahindra,XUV 300 TurboSport,W8(O),0,0,0,0,0,0,0,0,0,0,0,1,1,1,0,0
Mahindra,XUV 300 TurboSport,W8(O) Dual Tone,0,0,0,0,0,0,0,0,0,0,0,1,1,1,0,0
Maruti Suzuki,Alto K10,Std,0,0,0,0,0,0,0,0,0,0,0,1,1,1,0,0
Maruti Suzuki,Alto K10,Std (O),0,0,0,0,0,0,0,0,0,0,0,1,1,1,1,1
Maruti Suzuki,Alto K10,VXi (O) AGS,0,0,0,0,0,0,0,0,0,0,0,1,1,1,1,1
Maruti Suzuki,Alto K10,VXi AGS,0,0,0,0,0,0,0,0,0,0,0,1,1,1,0,0
Maruti Suzuki,Alto K10,VXi Plus,0,0,0,0,0,0,0,0,0,0,0,1,1,1,0,0
Maruti Suzuki,Alto K10,VXi Plus (O),0,0,0,0,0,0,0,0,0,0,0,1,1,1,1,1
Maruti Suzuki,Alto K10,VXi Plus (O) AGS,0,0,0,0,0,0,0,0,0,0,0,1,1,1,1,1
Maruti Suzuki,Alto K10,VXi Plus AGS,0,0,0,0,0,0,0,0,0,0,0,1,1,1,0,0
Maruti Suzuki,Alto K10,VXi S-CNG,0,0,0,0,0,0,0,0,0,0,0,1,1,1,0,0
Maruti Suzuki,Baleno,Alpha (O) 1.2,0,0,0,0,0,0,0,0,0,0,0,1,0,0,0,0
Maruti Suzuki,Baleno,Alpha (O) 1.2 AT,0,0,0,0,0,0,0,0,0,0,0,1,0,0,0,0
Maruti Suzuki,Baleno,Alpha AGS,0,0,0,0,0,0,0,0,0,0,0,1,1,1,1,1
Maruti Suzuki,Baleno,Alpha MT,0,0,0,0,0,0,0,0,0,0,0,1,1,1,1,1
Maruti Suzuki,Baleno,Delta AGS,0,0,0,0,0,0,0,0,0,0,0,1,1,1,1,1
Maruti Suzuki,Baleno,Delta MT,0,0,0,0,0,0,0,0,0,0,0,1,1,1,1,1
Maruti Suzuki,Baleno,Delta MT CNG,0,0,0,0,0,0,0,0,0,0,0,1,1,1,1,1
Maruti Suzuki,Baleno,Sigma MT,0,0,0,0,0,0,0,0,0,0,0,1,1,1,1,1
Maruti Suzuki,Baleno,Zeta (O) 1.2,0,0,0,0,0,0,0,0,0,0,0,1,0,0,0,0
Maruti Suzuki,Baleno,Zeta (O) 1.2 AT,0,0,0,0,0,0,0,0,0,0,0,1,0,0,0,0
Maruti Suzuki,Baleno,Zeta AGS,0,0,0,0,0,0,0,0,0,0,0,1,1,1,1,1
Maruti Suzuki,Baleno,Zeta MT,0,0,0,0,0,0,0,0,0,0,0,1,1,1,1,1
Maruti Suzuki,Baleno,Zeta MT CNG,0,0,0,0,0,0,0,0,0,0,0,1,1,1,1,1
Maruti Suzuki,Brezza,LXi,0,0,0,0,0,0,0,0,0,0,0,1,1,1,1,1
Maruti Suzuki,Brezza,VXi,0,0,0,0,0,0,0,0,0,0,0,1,1,1,1,1
Maruti Suzuki,Brezza,Vxi AT,0,0,0,0,0,0,0,0,0,0,0,1,1,1,1,1
Maruti Suzuki,Brezza,ZXi,0,0,0,0,0,0,0,0,0,0,0,1,1,1,1,1
Maruti Suzuki,Brezza,ZXI AT,0,0,0,0,0,0,0,0,0,0,0,1,1,0,0,0
Maruti Suzuki,Brezza,Zxi AT Dual Tone,0,0,0,0,0,0,0,0,0,0,0,1,1,1,1,1
Maruti Suzuki,Brezza,Zxi Dual Tone,0,0,0,0,0,0,0,0,0,0,0,1,1,1,1,1
Maruti Suzuki,Brezza,ZXi Plus,0,0,0,0,0,0,0,0,0,0,0,1,1,1,1,1
Maruti Suzuki,Brezza,ZXi Plus AT,0,0,0,0,0,0,0,0,0,0,0,1,1,1,1,1
Maruti Suzuki,Brezza,Zxi Plus AT Dual Tone,0,0,0,0,0,0,0,0,0,0,0,1,1,1,1,1
Maruti Suzuki,Brezza,Zxi Plus Dual Tone,0,0,0,0,0,0,0,0,0,0,0,1,1,1,1,1
Maruti Suzuki,Dzire,VXi CNG,0,0,0,0,0,0,0,0,0,0,0,1,1,1,1,1
Maruti Suzuki,Dzire,ZXi CNG,0,0,0,0,0,0,0,0,0,0,0,1,1,1,1,1
Maruti Suzuki,Eeco,5 STR AC,0,0,0,0,0,0,0,0,0,0,0,1,1,1,1,0
Maruti Suzuki,Eeco,5 STR AC CNG,0,0,0,0,0,0,0,0,0,0,0,1,1,1,1,0
Maruti Suzuki,Eeco,5 STR STD,0,0,0,0,0,0,0,0,0,0,0,1,1,1,1,0
Maruti Suzuki,Eeco,7 STR STD,0,0,0,0,0,0,0,0,0,0,0,1,1,1,1,0
Maruti Suzuki,Ertiga,LXi (O),0,0,0,0,0,0,0,0,0,0,0,1,1,1,1,0
Maruti Suzuki,Ertiga,VXi,0,0,0,0,0,0,0,0,0,0,0,1,0,0,0,0
Maruti Suzuki,Ertiga,VXi (O),0,0,0,0,0,0,0,0,0,0,0,1,1,1,1,0
Maruti Suzuki,Ertiga,VXi (O) CNG,0,0,0,0,0,0,0,0,0,0,0,1,1,1,1,0
Maruti Suzuki,Ertiga,VXi AT,0,0,0,0,0,0,0,0,0,0,0,1,1,1,1,0
Maruti Suzuki,Ertiga,ZXi (O),0,0,0,0,0,0,0,0,0,0,0,1,1,1,1,0
Maruti Suzuki,Ertiga,ZXi (O) CNG,0,0,0,0,0,0,0,0,0,0,0,1,1,1,1,0
Maruti Suzuki,Ertiga,ZXi AT,0,0,0,0,0,0,0,0,0,0,0,1,1,1,1,0
Maruti Suzuki,Ertiga,ZXi CNG,0,0,0,0,0,0,0,0,0,0,0,1,0,0,0,0
Maruti Suzuki,Ertiga,ZXi Plus,0,0,0,0,0,0,0,0,0,0,0,1,1,1,1,0
Maruti Suzuki,Ertiga,ZXi Plus AT,0,0,0,0,0,0,0,0,0,0,0,1,1,1,1,0
Maruti Suzuki,Ertiga,TOUR M CNG,0,0,0,0,0,0,0,0,0,0,0,1,1,1,1,1
Maruti Suzuki,Grand Vitara,Alpha Dual Tone Smart Hybrid,0,0,0,0,0,0,0,0,0,0,0,1,1,1,1,0
Maruti Suzuki,Grand Vitara,Alpha Dual Tone Smart Hybrid AllGrip,0,0,0,0,0,0,0,0,0,0,0,1,1,1,1,0
Maruti Suzuki,Grand Vitara,Alpha Dual Tone Smart Hybrid AT,0,0,0,0,0,0,0,0,0,0,0,1,1,1,1,0
Maruti Suzuki,Grand Vitara,Alpha Plus Dual Tone Intelligent Hybrid eCVT,0,0,0,0,0,0,0,0,0,0,0,1,1,1,1,0
Maruti Suzuki,Grand Vitara,Alpha Plus Intelligent Hybrid eCVT,0,0,0,0,0,0,0,0,0,0,0,1,1,1,1,0
Maruti Suzuki,Grand Vitara,Alpha Smart Hybrid,0,0,0,0,0,0,0,0,0,0,0,1,1,1,1,1
Maruti Suzuki,Grand Vitara,Alpha Smart Hybrid AllGrip,0,0,0,0,0,0,0,0,0,0,0,1,1,1,1,0
Maruti Suzuki,Grand Vitara,Alpha Smart Hybrid AT,0,0,0,0,0,0,0,0,0,0,0,1,1,1,1,0
Maruti Suzuki,Grand Vitara,Delta CNG,0,0,0,0,0,0,0,0,0,0,0,1,1,1,1,1
Maruti Suzuki,Grand Vitara,Delta Smart Hybrid,0,0,0,0,0,0,0,0,0,0,0,1,1,1,1,1
Maruti Suzuki,Grand Vitara,Delta Smart Hybrid AT,0,0,0,0,0,0,0,0,0,0,0,1,1,1,1,1
Maruti Suzuki,Grand Vitara,Sigma Smart Hybrid,0,0,0,0,0,0,0,0,0,0,0,1,1,1,1,1
Maruti Suzuki,Grand Vitara,Zeta CNG,0,0,0,0,0,0,0,0,0,0,0,1,1,1,1,1
Maruti Suzuki,Grand Vitara,Zeta Plus Dual Tone Intelligent Hybrid eCVT,0,0,0,0,0,0,0,0,0,0,0,1,1,1,1,0
Maruti Suzuki,Grand Vitara,Zeta Plus Intelligent Hybrid eCVT,0,0,0,0,0,0,0,0,0,0,0,1,1,1,1,1
Maruti Suzuki,Grand Vitara,Zeta Smart Hybrid,0,0,0,0,0,0,0,0,0,0,0,1,1,1,1,1
Maruti Suzuki,Grand Vitara,Zeta Smart Hybrid AT,0,0,0,0,0,0,0,0,0,0,0,1,1,1,1,1
Maruti Suzuki,S-Presso,LXi S-CNG,0,0,0,0,0,0,0,0,0,0,0,1,1,1,0,0
Maruti Suzuki,S-Presso,Vxi Plus,0,0,0,0,0,0,0,0,0,0,0,1,1,1,0,0
Maruti Suzuki,S-Presso,VXi Plus (O) AMT,0,0,0,0,0,0,0,0,0,0,0,1,1,1,1,1
Maruti Suzuki,S-Presso,VXi S-CNG,0,0,0,0,0,0,0,0,0,0,0,1,1,1,0,0
Maruti Suzuki,Swift,VXi CNG,0,0,0,0,0,0,0,0,0,0,0,1,1,1,1,1
Maruti Suzuki,Swift,ZXi CNG,0,0,0,0,0,0,0,0,0,0,0,1,1,1,1,1
Maruti Suzuki,Wagon R,1.0 Tour H3,0,0,0,0,0,0,0,0,0,0,0,1,1,1,1,1
Maruti Suzuki,Wagon R,LXI 1.0,0,0,0,0,0,0,0,0,0,0,0,1,1,1,1,1
Maruti Suzuki,Wagon R,LXI 1.0 CNG,0,0,0,0,0,0,0,0,0,0,0,1,1,1,1,1
Maruti Suzuki,Wagon R,VXI 1.0,0,0,0,0,0,0,0,0,0,0,0,1,1,1,1,1
Maruti Suzuki,Wagon R,VXI 1.0 AGS,0,0,0,0,0,0,0,0,0,0,0,1,1,1,1,1
Maruti Suzuki,Wagon R,VXI 1.0 CNG,0,0,0,0,0,0,0,0,0,0,0,1,1,1,1,1
Maruti Suzuki,Wagon R,ZXI 1.2,0,0,0,0,0,0,0,0,0,0,0,1,1,1,1,1
Maruti Suzuki,Wagon R,ZXI 1.2 AGS,0,0,0,0,0,0,0,0,0,0,0,1,1,1,1,1
Maruti Suzuki,Wagon R,ZXI Plus 1.2,0,0,0,0,0,0,0,0,0,0,0,1,1,1,1,1
Maruti Suzuki,Wagon R,ZXI Plus 1.2 AGS,0,0,0,0,0,0,0,0,0,0,0,1,1,1,1,1
Maruti Suzuki,Wagon R,ZXI Plus 1.2 AGS Dual Tone,0,0,0,0,0,0,0,0,0,0,0,1,1,1,1,1
Maruti Suzuki,Wagon R,ZXI Plus 1.2 Dual Tone,0,0,0,0,0,0,0,0,0,0,0,1,1,1,1,1
Maruti Suzuki,Wagon R 1.0,Tour H3 CNG,0,0,0,0,0,0,0,0,0,0,0,1,1,1,1,1
Maruti Suzuki,XL6,Alpha Plus AT Petrol,0,0,0,0,0,0,0,0,0,0,0,1,1,1,1,1
Maruti Suzuki,XL6,Alpha Plus AT Petrol Dual Tone,0,0,0,0,0,0,0,0,0,0,0,1,1,1,1,1
Maruti Suzuki,XL6,Alpha Plus MT Petrol,0,0,0,0,0,0,0,0,0,0,0,1,1,1,1,1
Maruti Suzuki,XL6,Alpha Plus MT Petrol Dual Tone,0,0,0,0,0,0,0,0,0,0,0,1,1,1,1,1
Maruti Suzuki,XL6,Zeta MT CNG,0,0,0,0,0,0,0,0,0,0,0,1,1,1,1,1
Mercedes-Benz,GLB,200 Progressive Line,0,0,0,0,0,0,0,0,0,0,0,1,1,1,1,0
Mercedes-Benz,GLB,220d 4matic,0,0,0,0,0,0,0,0,0,0,0,1,1,1,1,1
Mercedes-Benz,GLB,220d 4MATIC AMG Line,0,0,0,0,0,0,0,0,0,0,0,1,1,1,1,0
Mercedes-Benz,GLB,220d Progressive Line,0,0,0,0,0,0,0,0,0,0,0,1,1,1,1,0
Mercedes-Benz,S-Class Maybach,S 580 4MATIC,0,0,0,0,0,0,0,0,0,0,0,1,1,1,1,1
Mercedes-Benz,S-Class Maybach,S 680 4MATIC,0,0,0,0,0,0,0,0,0,0,0,1,1,1,1,1
MG Motors,Astor,Sharp EX 1.5 MT,0,0,0,0,0,0,0,0,0,0,0,1,1,0,0,0
MG Motors,Astor,Smart EX 1.5 MT,0,0,0,0,0,0,0,0,0,0,0,1,1,0,0,0
MG Motors,Astor,Style EX 1.5 MT,0,0,0,0,0,0,0,0,0,0,0,1,1,0,0,0
MG Motors,Astor,Super EX 1.5 MT,0,0,0,0,0,0,0,0,0,0,0,1,1,0,0,0
MG Motors,Gloster,Savvy 6 STR 2.0 Turbo 2WD,0,0,0,0,0,0,0,0,0,0,0,1,1,1,1,1
MG Motors,Gloster,Savvy 7 STR 2.0 Turbo 2WD,0,0,0,0,0,0,0,0,0,0,0,1,1,1,1,1
MG Motors,Gloster,Sharp 7 STR 2.0 Turbo 2WD,0,0,0,0,0,0,0,0,0,0,0,1,1,1,1,1
MG Motors,Hector,Sharp EX 1.5 Petrol CVT,0,0,0,0,0,0,0,0,0,0,0,1,1,0,0,0
MG Motors,Hector,Sharp Pro 1.5 Turbo Petrol MT,0,0,0,0,0,0,0,0,0,0,0,1,1,0,0,0
MG Motors,ZS EV,Exclusive Iconic Ivory,0,0,0,0,0,0,0,0,0,0,0,1,1,1,0,0
Tata,Nexon EV Max,XM,0,0,0,0,0,0,0,0,0,0,0,1,1,0,0,0
Tata,Nexon EV Max,XZ Plus,0,0,0,0,0,0,0,0,0,0,0,1,1,0,0,0
Tata,Nexon EV Max,XZ Plus Lux,0,0,0,0,0,0,0,0,0,0,0,1,1,0,0,0
Tata,Nexon EV Max,XZ Plus Lux Dark Edition,0,0,0,0,0,0,0,0,0,0,0,1,1,0,0,0
Tata,Nexon EV Max,XZ Plus Lux Jet,0,0,0,0,0,0,0,0,0,0,0,1,1,0,0,0
Tata,Nexon EV Prime,XM,0,0,0,0,0,0,0,0,0,0,0,1,1,0,0,0
Tata,Nexon EV Prime,XZ Plus,0,0,0,0,0,0,0,0,0,0,0,1,1,0,0,0
Tata,Nexon EV Prime,XZ Plus Dark Edition,0,0,0,0,0,0,0,0,0,0,0,1,1,0,0,0
Tata,Nexon EV Prime,XZ Plus LUX,0,0,0,0,0,0,0,0,0,0,0,1,1,0,0,0
Tata,Nexon EV Prime,XZ Plus LUX Dark Edition,0,0,0,0,0,0,0,0,0,0,0,1,1,0,0,0
Tata,Nexon EV Prime,XZ Plus Lux Jet,0,0,0,0,0,0,0,0,0,0,0,1,1,0,0,0
Tata,Tiago EV,XE Medium Range,0,0,0,0,0,0,0,0,0,0,0,1,1,1,1,1
Tata,Tiago EV,XT Long Range,0,0,0,0,0,0,0,0,0,0,0,1,1,1,1,1
Tata,Tiago EV,XT Medium Range,0,0,0,0,0,0,0,0,0,0,0,1,1,1,1,1
Tata,Tiago EV,XZ Plus Long Range,0,0,0,0,0,0,0,0,0,0,0,1,1,1,1,1
Tata,Tiago EV,XZ Plus Tech LUX Long Range,0,0,0,0,0,0,0,0,0,0,0,1,1,1,1,1
Tata,Tiago NRG,XT iCNG,0,0,0,0,0,0,0,0,0,0,0,1,1,1,1,0
Tata,Tiago NRG,XT MT,0,0,0,0,0,0,0,0,0,0,0,1,1,1,1,0
Tata,Tiago NRG,XZ iCNG,0,0,0,0,0,0,0,0,0,0,0,1,1,1,1,1
Tata,Tigor EV,XT,0,0,0,0,0,0,0,0,0,0,0,1,1,1,1,1
Tata,Tigor EV,XZ Plus LUX,0,0,0,0,0,0,0,0,0,0,0,1,1,1,1,1
Tata EV,Nexon EV Max,XM,0,0,0,0,0,0,0,0,0,0,0,1,1,0,0,0
Tata EV,Nexon EV Max,XZ Plus,0,0,0,0,0,0,0,0,0,0,0,1,1,0,0,0
Tata EV,Nexon EV Max,XZ Plus Lux,0,0,0,0,0,0,0,0,0,0,0,1,1,0,0,0
Tata EV,Nexon EV Max,XZ Plus Lux Dark Edition,0,0,0,0,0,0,0,0,0,0,0,1,1,0,0,0
Tata EV,Nexon EV Max,XZ Plus Lux Jet,0,0,0,0,0,0,0,0,0,0,0,1,1,0,0,0
Tata EV,Nexon EV Prime,XM,0,0,0,0,0,0,0,0,0,0,0,1,1,0,0,0
Tata EV,Nexon EV Prime,XZ Plus,0,0,0,0,0,0,0,0,0,0,0,1,1,0,0,0
Tata EV,Nexon EV Prime,XZ Plus Dark Edition,0,0,0,0,0,0,0,0,0,0,0,1,1,0,0,0
Tata EV,Nexon EV Prime,XZ Plus LUX,0,0,0,0,0,0,0,0,0,0,0,1,1,0,0,0
Tata EV,Nexon EV Prime,XZ Plus LUX Dark Edition,0,0,0,0,0,0,0,0,0,0,0,1,1,0,0,0
Tata EV,Nexon EV Prime,XZ Plus Lux Jet,0,0,0,0,0,0,0,0,0,0,0,1,1,0,0,0
Tata EV,Tiago EV,XE Medium Range,0,0,0,0,0,0,0,0,0,0,0,1,1,1,1,1
Tata EV,Tiago EV,XT Long Range,0,0,0,0,0,0,0,0,0,0,0,1,1,1,1,1
Tata EV,Tiago EV,XT Medium Range,0,0,0,0,0,0,0,0,0,0,0,1,1,1,1,1
Tata EV,Tiago EV,XZ Plus Long Range,0,0,0,0,0,0,0,0,0,0,0,1,1,1,1,1
Tata EV,Tiago EV,XZ Plus Tech LUX Long Range,0,0,0,0,0,0,0,0,0,0,0,1,1,1,1,1
Tata EV,Tigor EV,XT,0,0,0,0,0,0,0,0,0,0,0,1,1,1,1,1
Tata EV,Tigor EV,XZ Plus LUX,0,0,0,0,0,0,0,0,0,0,0,1,1,1,1,1
Toyota,Innova Hycross,G-SLF 7 STR,0,0,0,0,0,0,0,0,0,0,0,1,1,0,0,0
Toyota,Innova Hycross,G-SLF 8 STR,0,0,0,0,0,0,0,0,0,0,0,1,1,0,0,0
Toyota,Innova Hycross,GX 7 STR,0,0,0,0,0,0,0,0,0,0,0,1,1,1,1,1
Toyota,Innova Hycross,GX 8 STR,0,0,0,0,0,0,0,0,0,0,0,1,1,1,1,1
Toyota,Innova Hycross,VX Hybrid 7 STR,0,0,0,0,0,0,0,0,0,0,0,1,1,1,1,1
Toyota,Innova Hycross,VX Hybrid 8 STR,0,0,0,0,0,0,0,0,0,0,0,1,1,1,1,1
Toyota,Innova Hycross,ZX (O) Hybrid 7 STR,0,0,0,0,0,0,0,0,0,0,0,1,1,1,1,1
Toyota,Innova Hycross,ZX Hybrid 7 STR,0,0,0,0,0,0,0,0,0,0,0,1,1,1,1,1
Volkswagen,Polo,Legend Edition,0,0,0,0,0,0,0,0,0,0,0,1,0,0,0,0
Volkswagen,Taigun,First Anniversary 1.0TSI AT,0,0,0,0,0,0,0,0,0,0,0,1,1,0,0,0
Volkswagen,Taigun,First Anniversary 1.0TSI MT,0,0,0,0,0,0,0,0,0,0,0,1,1,0,0,0
Volkswagen,Tiguan,Exclusive Edition,0,0,0,0,0,0,0,0,0,0,0,1,1,0,0,0
Volkswagen,Virtus,Comfortline 1.0 TSI MT,0,0,0,0,0,0,0,0,0,0,0,1,1,1,1,1
Volkswagen,Virtus,GT Plus 1.5 TSI EVO DSG,0,0,0,0,0,0,0,0,0,0,0,1,1,1,1,0
Volkswagen,Virtus,Highline 1.0 TSI AT,0,0,0,0,0,0,0,0,0,0,0,1,1,1,1,1
Volkswagen,Virtus,Highline 1.0 TSI MT,0,0,0,0,0,0,0,0,0,0,0,1,1,1,1,1
Volkswagen,Virtus,Topline 1.0 TSI AT,0,0,0,0,0,0,0,0,0,0,0,1,1,1,1,0
Volkswagen,Virtus,Topline 1.0 TSI MT,0,0,0,0,0,0,0,0,0,0,0,1,1,1,1,0
Volvo,XC40,B4 Ultimate,0,0,0,0,0,0,0,0,0,0,0,1,1,0,0,0
Volvo,XC40 Recharge,P8,0,0,0,0,0,0,0,0,0,0,0,1,1,1,0,0
BMW,2 Series Gran Coupe,220i M Sport Pro,0,0,0,0,0,0,0,0,0,0,0,0,1,1,1,0
BMW,2 Series Gran Coupe,M Performance Edition,0,0,0,0,0,0,0,0,0,0,0,0,1,1,1,0
BMW,3 Series Gran Limousine,320Ld M Sport,0,0,0,0,0,0,0,0,0,0,0,0,1,1,1,0
BMW,3 Series Gran Limousine,330Li M Sport,0,0,0,0,0,0,0,0,0,0,0,0,1,1,1,0
BMW,6 Series GT,620d M Sport,0,0,0,0,0,0,0,0,0,0,0,0,1,1,0,0
BMW,6 Series GT,630i M Sport Signature,0,0,0,0,0,0,0,0,0,0,0,0,1,1,0,0
BMW,iX1,xDrive30 M Sport,0,0,0,0,0,0,0,0,0,0,0,0,1,1,1,0
BMW,M8,Coupe,0,0,0,0,0,0,0,0,0,0,0,0,1,1,1,1
Citroen,C3 AIRCROSS,Max 1.2 5 STR,0,0,0,0,0,0,0,0,0,0,0,0,1,1,0,0
Citroen,C3 AIRCROSS,Max 1.2 5 STR AT,0,0,0,0,0,0,0,0,0,0,0,0,1,1,0,0
Citroen,C3 AIRCROSS,Max 1.2 5 STR AT Dual Tone,0,0,0,0,0,0,0,0,0,0,0,0,1,1,0,0
Citroen,C3 AIRCROSS,Max 1.2 5 STR AT Vibe Pack,0,0,0,0,0,0,0,0,0,0,0,0,1,1,0,0
Citroen,C3 AIRCROSS,Max 1.2 5 STR AT Vibe Pack Dual Tone,0,0,0,0,0,0,0,0,0,0,0,0,1,1,0,0
Citroen,C3 AIRCROSS,Max 1.2 5 STR Dual Tone,0,0,0,0,0,0,0,0,0,0,0,0,1,1,0,0
Citroen,C3 AIRCROSS,Max 1.2 5 STR Vibe Pack,0,0,0,0,0,0,0,0,0,0,0,0,1,1,0,0
Citroen,C3 AIRCROSS,Max 1.2 5 STR Vibe Pack Dual Tone,0,0,0,0,0,0,0,0,0,0,0,0,1,1,0,0
Citroen,C3 AIRCROSS,Max 1.2 7 STR,0,0,0,0,0,0,0,0,0,0,0,0,1,1,0,0
Citroen,C3 AIRCROSS,Max 1.2 7 STR AT,0,0,0,0,0,0,0,0,0,0,0,0,1,1,0,0
Citroen,C3 AIRCROSS,Max 1.2 7 STR AT Dual Tone,0,0,0,0,0,0,0,0,0,0,0,0,1,1,0,0
Citroen,C3 AIRCROSS,Max 1.2 7 STR AT Vibe Pack,0,0,0,0,0,0,0,0,0,0,0,0,1,1,0,0
Citroen,C3 AIRCROSS,Max 1.2 7 STR AT Vibe Pack Dual Tone,0,0,0,0,0,0,0,0,0,0,0,0,1,1,0,0
Citroen,C3 AIRCROSS,Max 1.2 7 STR Dual Tone,0,0,0,0,0,0,0,0,0,0,0,0,1,1,0,0
Citroen,C3 AIRCROSS,Max 1.2 7 STR Vibe Pack,0,0,0,0,0,0,0,0,0,0,0,0,1,1,0,0
Citroen,C3 AIRCROSS,Max 1.2 7 STR Vibe Pack Dual Tone,0,0,0,0,0,0,0,0,0,0,0,0,1,1,0,0
Citroen,C3 AIRCROSS,Plus 1.2 5 STR,0,0,0,0,0,0,0,0,0,0,0,0,1,1,0,0
Citroen,C3 AIRCROSS,Plus 1.2 5 STR AT,0,0,0,0,0,0,0,0,0,0,0,0,1,1,0,0
Citroen,C3 AIRCROSS,Plus 1.2 5 STR AT Dual Tone,0,0,0,0,0,0,0,0,0,0,0,0,1,1,0,0
Citroen,C3 AIRCROSS,Plus 1.2 5 STR AT Vibe Pack,0,0,0,0,0,0,0,0,0,0,0,0,1,1,0,0
Citroen,C3 AIRCROSS,Plus 1.2 5 STR AT Vibe Pack Dual Tone,0,0,0,0,0,0,0,0,0,0,0,0,1,1,0,0
Citroen,C3 AIRCROSS,Plus 1.2 5 STR Dual Tone,0,0,0,0,0,0,0,0,0,0,0,0,1,1,0,0
Citroen,C3 AIRCROSS,Plus 1.2 5 STR Vibe Pack,0,0,0,0,0,0,0,0,0,0,0,0,1,1,0,0
Citroen,C3 AIRCROSS,Plus 1.2 5 STR Vibe Pack Dual Tone,0,0,0,0,0,0,0,0,0,0,0,0,1,1,0,0
Citroen,C3 AIRCROSS,Plus 1.2 7 STR,0,0,0,0,0,0,0,0,0,0,0,0,1,1,0,0
Citroen,C3 AIRCROSS,Plus 1.2 7 STR Dual Tone,0,0,0,0,0,0,0,0,0,0,0,0,1,1,0,0
Citroen,C3 AIRCROSS,Plus 1.2 7 STR Vibe Pack,0,0,0,0,0,0,0,0,0,0,0,0,1,1,0,0
Citroen,C3 AIRCROSS,Plus 1.2 7 STR Vibe Pack Dual Tone,0,0,0,0,0,0,0,0,0,0,0,0,1,1,0,0
Citroen,C3 AIRCROSS,You 1.2 5 STR,0,0,0,0,0,0,0,0,0,0,0,0,1,1,0,0
Hyundai,Grand i10 Nios,Asta 1.2 Kappa,0,0,0,0,0,0,0,0,0,0,0,0,1,1,1,1
Hyundai,Grand i10 Nios,Asta 1.2 Kappa AMT,0,0,0,0,0,0,0,0,0,0,0,0,1,1,1,1
Hyundai,Grand i10 Nios,Corporate 1.2 Kappa AMT,0,0,0,0,0,0,0,0,0,0,0,0,1,1,1,1
Hyundai,Grand i10 Nios,Corporate1.2 Kappa,0,0,0,0,0,0,0,0,0,0,0,0,1,1,1,0
Hyundai,Grand i10 Nios,Era 1.2 Kappa,0,0,0,0,0,0,0,0,0,0,0,0,1,1,1,1
Hyundai,Grand i10 Nios,Era 1.2 Kappa VTVT [BS6],0,0,0,0,0,0,0,0,0,0,0,0,1,0,0,0
Hyundai,Grand i10 Nios,Magna 1.2 Kappa,0,0,0,0,0,0,0,0,0,0,0,0,1,1,1,1
Hyundai,Grand i10 Nios,Magna 1.2 Kappa AMT,0,0,0,0,0,0,0,0,0,0,0,0,1,1,1,1
Hyundai,Grand i10 Nios,Magna 1.2 Kappa CNG,0,0,0,0,0,0,0,0,0,0,0,0,1,1,1,0
Hyundai,Grand i10 Nios,Magna 1.2 Kappa VTVT [BS6],0,0,0,0,0,0,0,0,0,0,0,0,1,0,0,0
Hyundai,Grand i10 Nios,Magna 1.2 Kappa VTVT CNG [BS6],0,0,0,0,0,0,0,0,0,0,0,0,1,0,0,0
Hyundai,Grand i10 Nios,Magna AMT 1.2 Kappa VTVT [BS6],0,0,0,0,0,0,0,0,0,0,0,0,1,0,0,0
Hyundai,Grand i10 Nios,Sportz 1.2 Kappa AMT,0,0,0,0,0,0,0,0,0,0,0,0,1,1,1,1
Hyundai,Grand i10 Nios,Sportz 1.2 Kappa CNG,0,0,0,0,0,0,0,0,0,0,0,0,1,1,1,1
Hyundai,Grand i10 Nios,Sportz 1.2 Kappa Dual Tone,0,0,0,0,0,0,0,0,0,0,0,0,1,1,1,1
Hyundai,Grand i10 Nios,Sportz 1.2 Kappa VTVT [BS6],0,0,0,0,0,0,0,0,0,0,0,0,1,0,0,0
Hyundai,Grand i10 Nios,Sportz 1.2 Kappa VTVT CNG [BS6],0,0,0,0,0,0,0,0,0,0,0,0,1,0,0,0
Hyundai,Grand i10 Nios,Sportz 1.2 Kappa VTVT Dual Tone [BS6],0,0,0,0,0,0,0,0,0,0,0,0,1,0,0,0
Hyundai,Grand i10 Nios,Sportz AMT 1.2 Kappa VTVT [BS6],0,0,0,0,0,0,0,0,0,0,0,0,1,0,0,0
Hyundai,Grand i10 Nios,Sportz Executive 1.2 Kappa,0,0,0,0,0,0,0,0,0,0,0,0,1,1,1,0
Hyundai,Grand i10 Nios,Sportz Executive 1.2 Kappa AMT,0,0,0,0,0,0,0,0,0,0,0,0,1,1,1,0
Hyundai,Grand i10 Nios,Sportz Executive 1.2 Kappa VTVT,0,0,0,0,0,0,0,0,0,0,0,0,1,0,0,0
Hyundai,Grand i10 Nios,Sportz Executive 1.2 Kappa VTVT [BS6],0,0,0,0,0,0,0,0,0,0,0,0,1,0,0,0
Hyundai,Grand i10 Nios,Sportz Executive AMT 1.2 Kappa VTVT,0,0,0,0,0,0,0,0,0,0,0,0,1,0,0,0
Hyundai,Grand i10 Nios,Sportz Executive AMT 1.2 Kappa VTVT [BS6],0,0,0,0,0,0,0,0,0,0,0,0,1,0,0,0
Hyundai,i20 N Line,N6 1.0 Turbo DCT,0,0,0,0,0,0,0,0,0,0,0,0,1,1,1,1
Hyundai,i20 N Line,N6 1.0 Turbo DCT Dual Tone,0,0,0,0,0,0,0,0,0,0,0,0,1,1,1,1
Hyundai,i20 N Line,N6 1.0 Turbo MT,0,0,0,0,0,0,0,0,0,0,0,0,1,1,1,1
Hyundai,i20 N Line,N6 1.0 Turbo MT Dual Tone,0,0,0,0,0,0,0,0,0,0,0,0,1,1,1,1
Hyundai,i20 N Line,N8 1.0 Turbo MT,0,0,0,0,0,0,0,0,0,0,0,0,1,1,1,1
Hyundai,i20 N Line,N8 1.0 Turbo MT Dual Tone,0,0,0,0,0,0,0,0,0,0,0,0,1,1,1,1
Hyundai,New i20,Asta (O) 1.2 IVT,0,0,0,0,0,0,0,0,0,0,0,0,1,1,1,1
Hyundai,New i20,Asta (O) 1.2 IVT Dual Tone,0,0,0,0,0,0,0,0,0,0,0,0,1,1,1,1
Hyundai,New i20,Asta 1.2 MT,0,0,0,0,0,0,0,0,0,0,0,0,1,1,1,1
Hyundai,New i20,Era 1.2 MT,0,0,0,0,0,0,0,0,0,0,0,0,1,1,1,0
Hyundai,New i20,Sportz 1.2 IVT,0,0,0,0,0,0,0,0,0,0,0,0,1,1,1,1
Hyundai,New i20,Sportz 1.2 MT,0,0,0,0,0,0,0,0,0,0,0,0,1,1,1,1
Hyundai,New i20,Sportz 1.2 MT Dual Tone,0,0,0,0,0,0,0,0,0,0,0,0,1,1,1,1
Hyundai,Venue N-Line,N6 MT,0,0,0,0,0,0,0,0,0,0,0,0,1,1,1,0
Hyundai,Venue N-Line,N6 MT Dual Tone,0,0,0,0,0,0,0,0,0,0,0,0,1,1,1,0
Hyundai,Venue N-Line,N8 MT,0,0,0,0,0,0,0,0,0,0,0,0,1,1,1,0
Hyundai,Venue N-Line,N8 MT Dual Tone,0,0,0,0,0,0,0,0,0,0,0,0,1,1,1,0
Mahindra,Bolero Neo,Limited Edition,0,0,0,0,0,0,0,0,0,0,0,0,1,0,0,0
Mahindra,Scorpio N,Z2 Diesel MT 7 STR (ESP),0,0,0,0,0,0,0,0,0,0,0,0,1,1,1,1
Mahindra,Scorpio N,Z2 Petrol MT 7 STR (ESP),0,0,0,0,0,0,0,0,0,0,0,0,1,1,1,1
Mahindra,Scorpio N,Z4 Diesel MT 2WD 7 STR (ESP),0,0,0,0,0,0,0,0,0,0,0,0,1,1,1,1
Mahindra,Scorpio N,Z4 Diesel MT 4WD 7 STR (ESP),0,0,0,0,0,0,0,0,0,0,0,0,1,1,1,1
Mahindra,Scorpio N,Z4 Petrol MT 7 STR (ESP),0,0,0,0,0,0,0,0,0,0,0,0,1,1,1,1
Mahindra,XUV 300 TurboSport,W4,0,0,0,0,0,0,0,0,0,0,0,0,1,1,0,0
Mahindra,XUV400,EL 5S,0,0,0,0,0,0,0,0,0,0,0,0,1,1,0,0
Mahindra,XUV700,AX 3 Diesel MT 5 STR (E),0,0,0,0,0,0,0,0,0,0,0,0,1,0,0,0
Mahindra,XUV700,AX 3 Diesel MT 5 STR (ESP),0,0,0,0,0,0,0,0,0,0,0,0,1,1,0,0
Mahindra,XUV700,AX 3 Diesel MT 7 STR (E),0,0,0,0,0,0,0,0,0,0,0,0,1,0,0,0
Mahindra,XUV700,AX 3 Diesel MT 7 STR (ESP),0,0,0,0,0,0,0,0,0,0,0,0,1,1,0,0
Mahindra,XUV700,AX 3 Petrol MT 5 STR (E),0,0,0,0,0,0,0,0,0,0,0,0,1,0,0,0
Mahindra,XUV700,AX 3 Petrol MT 5 STR (ESP),0,0,0,0,0,0,0,0,0,0,0,0,1,1,0,0
Mahindra,XUV700,AX 5 Petrol MT 5 STR (E),0,0,0,0,0,0,0,0,0,0,0,0,1,0,0,0
Mahindra,XUV700,AX 5 Petrol MT 5 STR (ESP),0,0,0,0,0,0,0,0,0,0,0,0,1,1,0,0
Mahindra,XUV700,AX 5 Petrol MT 7 STR (E),0,0,0,0,0,0,0,0,0,0,0,0,1,0,0,0
Mahindra,XUV700,AX 5 Petrol MT 7 STR (ESP),0,0,0,0,0,0,0,0,0,0,0,0,1,1,0,0
Mahindra,XUV700,AX 7 Luxury Pack Diesel AT 7 STR,0,0,0,0,0,0,0,0,0,0,0,0,1,1,0,0
Mahindra,XUV700,AX 7 Luxury Pack Diesel AT AWD 7 STR,0,0,0,0,0,0,0,0,0,0,0,0,1,1,0,0
Mahindra,XUV700,AX 7 Luxury Pack Diesel MT 7 STR,0,0,0,0,0,0,0,0,0,0,0,0,1,1,0,0
Mahindra,XUV700,AX 7 Luxury Pack Petrol AT 7 STR,0,0,0,0,0,0,0,0,0,0,0,0,1,1,0,0
Mahindra,XUV700,MX Diesel MT 5 STR (E),0,0,0,0,0,0,0,0,0,0,0,0,1,0,0,0
Mahindra,XUV700,MX Diesel MT 5 STR (ESP),0,0,0,0,0,0,0,0,0,0,0,0,1,1,1,0
Mahindra,XUV700,MX Petrol MT 5 STR (E),0,0,0,0,0,0,0,0,0,0,0,0,1,0,0,0
Mahindra,XUV700,MX Petrol MT 5 STR (ESP),0,0,0,0,0,0,0,0,0,0,0,0,1,1,1,0
Maruti Suzuki,Alto K10,LXi S-CNG,0,0,0,0,0,0,0,0,0,0,0,0,1,1,0,0
Maruti Suzuki,Brezza,LXi S-CNG,0,0,0,0,0,0,0,0,0,0,0,0,1,1,1,1
Maruti Suzuki,Brezza,VXi S-CNG,0,0,0,0,0,0,0,0,0,0,0,0,1,1,1,1
Maruti Suzuki,Brezza,ZXi AT,0,0,0,0,0,0,0,0,0,0,0,0,1,1,1,1
Maruti Suzuki,Brezza,ZXi S-CNG,0,0,0,0,0,0,0,0,0,0,0,0,1,1,1,1
Maruti Suzuki,Brezza,ZXi S-CNG Dual Tone,0,0,0,0,0,0,0,0,0,0,0,0,1,1,1,1
Maruti Suzuki,Ciaz,Alpha 1.5 AT Dual Tone,0,0,0,0,0,0,0,0,0,0,0,0,1,1,1,0
Maruti Suzuki,Ciaz,Alpha 1.5 Dual Tone,0,0,0,0,0,0,0,0,0,0,0,0,1,1,1,0
Maruti Suzuki,Fronx,Alpha 1.0L Turbo 6 AT,0,0,0,0,0,0,0,0,0,0,0,0,1,1,1,1
Maruti Suzuki,Fronx,Alpha 1.0L Turbo 6 AT Dual Tone,0,0,0,0,0,0,0,0,0,0,0,0,1,1,1,1
Maruti Suzuki,Fronx,Alpha 1.0L Turbo MT,0,0,0,0,0,0,0,0,0,0,0,0,1,1,1,1
Maruti Suzuki,Fronx,Alpha 1.0L Turbo MT Dual Tone,0,0,0,0,0,0,0,0,0,0,0,0,1,1,1,1
Maruti Suzuki,Fronx,Delta 1.2 CNG,0,0,0,0,0,0,0,0,0,0,0,0,1,1,1,0
Maruti Suzuki,Fronx,Delta 1.2L AGS,0,0,0,0,0,0,0,0,0,0,0,0,1,1,1,1
Maruti Suzuki,Fronx,Delta 1.2L MT,0,0,0,0,0,0,0,0,0,0,0,0,1,1,1,1
Maruti Suzuki,Fronx,Delta Plus 1.0 Turbo MT,0,0,0,0,0,0,0,0,0,0,0,0,1,1,0,0
Maruti Suzuki,Fronx,Delta Plus 1.2L AGS,0,0,0,0,0,0,0,0,0,0,0,0,1,1,1,1
Maruti Suzuki,Fronx,Delta Plus 1.2L MT,0,0,0,0,0,0,0,0,0,0,0,0,1,1,1,1
Maruti Suzuki,Fronx,Sigma 1.2 CNG,0,0,0,0,0,0,0,0,0,0,0,0,1,1,1,0
Maruti Suzuki,Fronx,Sigma 1.2L MT,0,0,0,0,0,0,0,0,0,0,0,0,1,1,1,1
Maruti Suzuki,Fronx,Zeta 1.0L Turbo 6 AT,0,0,0,0,0,0,0,0,0,0,0,0,1,1,1,1
Maruti Suzuki,Fronx,Zeta 1.0L Turbo MT,0,0,0,0,0,0,0,0,0,0,0,0,1,1,1,1
Maruti Suzuki,Invicto,Alpha Plus 7 STR,0,0,0,0,0,0,0,0,0,0,0,0,1,1,1,1
Maruti Suzuki,Invicto,Zeta Plus 7 STR,0,0,0,0,0,0,0,0,0,0,0,0,1,1,1,1
Maruti Suzuki,Invicto,Zeta Plus 8 STR,0,0,0,0,0,0,0,0,0,0,0,0,1,1,1,1
Maruti Suzuki,Jimny,Alpha AT,0,0,0,0,0,0,0,0,0,0,0,0,1,1,1,0
Maruti Suzuki,Jimny,Alpha AT Dual Tone,0,0,0,0,0,0,0,0,0,0,0,0,1,1,1,0
Maruti Suzuki,Jimny,Alpha AT Thunder Edition,0,0,0,0,0,0,0,0,0,0,0,0,1,1,0,0
Maruti Suzuki,Jimny,Alpha AT Thunder Edition Dual Tone,0,0,0,0,0,0,0,0,0,0,0,0,1,1,0,0
Maruti Suzuki,Jimny,Alpha MT,0,0,0,0,0,0,0,0,0,0,0,0,1,1,1,0
Maruti Suzuki,Jimny,Alpha MT Dual Tone,0,0,0,0,0,0,0,0,0,0,0,0,1,1,1,0
Maruti Suzuki,Jimny,Alpha MT Thunder Edition,0,0,0,0,0,0,0,0,0,0,0,0,1,1,0,0
Maruti Suzuki,Jimny,Alpha MT Thunder Edition Dual Tone,0,0,0,0,0,0,0,0,0,0,0,0,1,1,0,0
Maruti Suzuki,Jimny,Zeta AT,0,0,0,0,0,0,0,0,0,0,0,0,1,1,1,0
Maruti Suzuki,Jimny,Zeta AT Thunder Edition,0,0,0,0,0,0,0,0,0,0,0,0,1,1,0,0
Maruti Suzuki,Jimny,Zeta MT,0,0,0,0,0,0,0,0,0,0,0,0,1,1,1,0
Maruti Suzuki,Jimny,Zeta MT Thunder Edition,0,0,0,0,0,0,0,0,0,0,0,0,1,1,0,0
Mercedes-Benz,A-class Hatchback,AMG A 45 S 4Matic+,0,0,0,0,0,0,0,0,0,0,0,0,1,1,1,1
Mercedes-Benz,AMG GLE Coupe,53 4Matic Plus,0,0,0,0,0,0,0,0,0,0,0,0,1,1,1,1
Mercedes-Benz,AMG GT63S,4Matic+ E Performance,0,0,0,0,0,0,0,0,0,0,0,0,1,1,1,1
Mercedes-Benz,GLC,220d 4MATIC,0,0,0,0,0,0,0,0,0,0,0,0,1,1,1,1
Mercedes-Benz,GLC,300 4MATIC,0,0,0,0,0,0,0,0,0,0,0,0,1,1,1,1
Mercedes-Benz,GLE,450 4MATIC,0,0,0,0,0,0,0,0,0,0,0,0,1,1,1,1
Mercedes-Benz,GLE,450d 4MATIC,0,0,0,0,0,0,0,0,0,0,0,0,1,1,1,1
MG Motors,Astor,Savvy 1.3 Turbo AT Sangria,0,0,0,0,0,0,0,0,0,0,0,0,1,1,0,0
MG Motors,Astor,Savvy 1.5 CVT Ivory,0,0,0,0,0,0,0,0,0,0,0,0,1,1,0,0
MG Motors,Astor,Savvy 1.5 CVT Sangria,0,0,0,0,0,0,0,0,0,0,0,0,1,1,0,0
MG Motors,Astor,Sharp 1.3 Turbo AT Black,0,0,0,0,0,0,0,0,0,0,0,0,1,1,0,0
MG Motors,Astor,Sharp 1.3 Turbo AT Sangaria,0,0,0,0,0,0,0,0,0,0,0,0,1,1,0,0
MG Motors,Astor,Sharp 1.5 CVT Ivory,0,0,0,0,0,0,0,0,0,0,0,0,1,1,0,0
MG Motors,Astor,Sharp 1.5 CVT Sangaria,0,0,0,0,0,0,0,0,0,0,0,0,1,1,0,0
MG Motors,Astor,Sharp 1.5 MT Ivory,0,0,0,0,0,0,0,0,0,0,0,0,1,1,0,0
MG Motors,Astor,Sharp 1.5 MT Sangria,0,0,0,0,0,0,0,0,0,0,0,0,1,1,0,0
MG Motors,Astor,Smart CVT Black Storm,0,0,0,0,0,0,0,0,0,0,0,0,1,1,0,0
MG Motors,Astor,Smart MT Black Storm,0,0,0,0,0,0,0,0,0,0,0,0,1,1,0,0
MG Motors,Comet EV,Pace,0,0,0,0,0,0,0,0,0,0,0,0,1,1,0,0
MG Motors,Comet EV,Pace Gamer Edition,0,0,0,0,0,0,0,0,0,0,0,0,1,1,0,0
MG Motors,Comet EV,Play,0,0,0,0,0,0,0,0,0,0,0,0,1,1,0,0
MG Motors,Comet EV,Play Gamer Edition,0,0,0,0,0,0,0,0,0,0,0,0,1,1,0,0
MG Motors,Comet EV,Plush,0,0,0,0,0,0,0,0,0,0,0,0,1,1,0,0
MG Motors,Comet EV,Plush Gamer Edition,0,0,0,0,0,0,0,0,0,0,0,0,1,1,0,0
MG Motors,Gloster,Blackstorm 6 STR 2.0 Turbo 2WD,0,0,0,0,0,0,0,0,0,0,0,0,1,1,1,1
MG Motors,Gloster,Blackstorm 6 STR 2.0 Twin Turbo 4WD,0,0,0,0,0,0,0,0,0,0,0,0,1,1,1,1
MG Motors,Gloster,Blackstorm 7 STR 2.0 Turbo 2WD,0,0,0,0,0,0,0,0,0,0,0,0,1,1,1,1
MG Motors,Gloster,Blackstorm 7 STR 2.0 Twin Turbo 4WD,0,0,0,0,0,0,0,0,0,0,0,0,1,1,1,1
MG Motors,Hector,Savvy Pro 1.5 Turbo CVT,0,0,0,0,0,0,0,0,0,0,0,0,1,1,1,0
MG Motors,Hector,Savvy Pro 1.5 Turbo CVT Dual Tone,0,0,0,0,0,0,0,0,0,0,0,0,1,1,1,0
MG Motors,Hector,Savvy Pro 1.5 Turbo Petrol CVT,0,0,0,0,0,0,0,0,0,0,0,0,1,0,0,0
MG Motors,Hector,Sharp Pro 1.5 Turbo CVT,0,0,0,0,0,0,0,0,0,0,0,0,1,1,1,0
MG Motors,Hector,Sharp Pro 1.5 Turbo CVT Dual Tone,0,0,0,0,0,0,0,0,0,0,0,0,1,1,1,0
MG Motors,Hector,Sharp Pro 1.5 Turbo MT,0,0,0,0,0,0,0,0,0,0,0,0,1,1,1,0
MG Motors,Hector,Sharp Pro 1.5 Turbo MT Dual Tone,0,0,0,0,0,0,0,0,0,0,0,0,1,1,1,0
MG Motors,Hector,Sharp Pro 1.5 Turbo Petrol CVT,0,0,0,0,0,0,0,0,0,0,0,0,1,0,0,0
MG Motors,Hector,Sharp Pro 2.0 Turbo Diesel,0,0,0,0,0,0,0,0,0,0,0,0,1,0,0,0
MG Motors,Hector,Sharp Pro 2.0 Turbo Diesel MT,0,0,0,0,0,0,0,0,0,0,0,0,1,1,1,0
MG Motors,Hector,Sharp Pro 2.0 Turbo Diesel MT Dual Tone,0,0,0,0,0,0,0,0,0,0,0,0,1,1,1,0
MG Motors,Hector,Sharp Pro EX 1.5 Turbo Petrol CVT,0,0,0,0,0,0,0,0,0,0,0,0,1,0,0,0
MG Motors,Hector,Sharp Pro EX 1.5 Turbo Petrol MT,0,0,0,0,0,0,0,0,0,0,0,0,1,0,0,0
MG Motors,Hector,Shine 1.5 Turbo CVT,0,0,0,0,0,0,0,0,0,0,0,0,1,1,0,0
MG Motors,Hector,Shine 1.5 Turbo MT,0,0,0,0,0,0,0,0,0,0,0,0,1,1,0,0
MG Motors,Hector,Shine 2.0 Turbo Diesel MT,0,0,0,0,0,0,0,0,0,0,0,0,1,1,0,0
MG Motors,Hector,Smart 1.5 Turbo CVT,0,0,0,0,0,0,0,0,0,0,0,0,1,1,0,0
MG Motors,Hector,Smart 1.5 Turbo MT,0,0,0,0,0,0,0,0,0,0,0,0,1,1,0,0
MG Motors,Hector,Smart 2.0 Turbo Diesel,0,0,0,0,0,0,0,0,0,0,0,0,1,0,0,0
MG Motors,Hector,Smart 2.0 Turbo Diesel MT,0,0,0,0,0,0,0,0,0,0,0,0,1,1,1,0
MG Motors,Hector,Smart EX 1.5 Turbo Petrol CVT,0,0,0,0,0,0,0,0,0,0,0,0,1,0,0,0
MG Motors,Hector,Smart EX 1.5 Turbo Petrol MT,0,0,0,0,0,0,0,0,0,0,0,0,1,0,0,0
MG Motors,Hector,Smart EX CVT,0,0,0,0,0,0,0,0,0,0,0,0,1,1,1,0
MG Motors,Hector,Smart EX MT,0,0,0,0,0,0,0,0,0,0,0,0,1,1,1,0
MG Motors,Hector,Smart Pro 1.5 Turbo MT,0,0,0,0,0,0,0,0,0,0,0,0,1,1,1,0
MG Motors,Hector,Smart Pro 1.5 Turbo Petrol MT,0,0,0,0,0,0,0,0,0,0,0,0,1,0,0,0
MG Motors,Hector,Smart Pro 2.0 Turbo Diesel,0,0,0,0,0,0,0,0,0,0,0,0,1,0,0,0
MG Motors,Hector,Smart Pro 2.0 Turbo Diesel MT,0,0,0,0,0,0,0,0,0,0,0,0,1,1,1,0
MG Motors,Hector,Smart Pro 2.0 Turbo Diesel MT Dual Tone,0,0,0,0,0,0,0,0,0,0,0,0,1,1,1,0
MG Motors,Hector,Smart Pro EX 1.5 Turbo Petrol MT,0,0,0,0,0,0,0,0,0,0,0,0,1,0,0,0
MG Motors,Hector,Style 1.5 Turbo MT,0,0,0,0,0,0,0,0,0,0,0,0,1,1,1,0
MG Motors,Hector,Style 1.5 Turbo Petrol MT,0,0,0,0,0,0,0,0,0,0,0,0,1,0,0,0
MG Motors,Hector Plus,Savvy Pro 1.5 Turbo Petrol CVT 6 STR,0,0,0,0,0,0,0,0,0,0,0,0,1,1,1,0
MG Motors,Hector Plus,Savvy Pro 1.5 Turbo Petrol CVT 6 STR Dual Tone,0,0,0,0,0,0,0,0,0,0,0,0,1,1,1,0
MG Motors,Hector Plus,Savvy Pro 1.5 Turbo Petrol CVT 7 STR,0,0,0,0,0,0,0,0,0,0,0,0,1,1,1,0
MG Motors,Hector Plus,Savvy Pro 1.5 Turbo Petrol CVT 7 STR Dual Tone,0,0,0,0,0,0,0,0,0,0,0,0,1,1,1,0
MG Motors,Hector Plus,Sharp Pro 1.5 Turbo Petrol 6 STR Dual Tone,0,0,0,0,0,0,0,0,0,0,0,0,1,1,1,0
MG Motors,Hector Plus,Sharp Pro 1.5 Turbo Petrol 7 STR,0,0,0,0,0,0,0,0,0,0,0,0,1,1,1,0
MG Motors,Hector Plus,Sharp Pro 1.5 Turbo Petrol 7 STR Dual Tone,0,0,0,0,0,0,0,0,0,0,0,0,1,1,1,0
MG Motors,Hector Plus,Sharp Pro 1.5 Turbo Petrol CVT 6 STR,0,0,0,0,0,0,0,0,0,0,0,0,1,1,1,0
MG Motors,Hector Plus,Sharp Pro 1.5 Turbo Petrol CVT 6 STR Dual Tone,0,0,0,0,0,0,0,0,0,0,0,0,1,1,1,0
MG Motors,Hector Plus,Sharp Pro 1.5 Turbo Petrol CVT 7 STR,0,0,0,0,0,0,0,0,0,0,0,0,1,1,1,0
MG Motors,Hector Plus,Sharp Pro 1.5 Turbo Petrol CVT 7 STR Dual Tone,0,0,0,0,0,0,0,0,0,0,0,0,1,1,1,0
MG Motors,Hector Plus,Sharp Pro 1.5 Turbo Petrol MT 6 STR,0,0,0,0,0,0,0,0,0,0,0,0,1,1,1,0
MG Motors,Hector Plus,Sharp Pro 1.5 Turbo Petrol MT 7 STR,0,0,0,0,0,0,0,0,0,0,0,0,1,0,0,0
MG Motors,Hector Plus,Sharp Pro 2.0 Turbo Diesel 6 STR,0,0,0,0,0,0,0,0,0,0,0,0,1,1,1,0
MG Motors,Hector Plus,Sharp Pro 2.0 Turbo Diesel 6 STR Dual Tone,0,0,0,0,0,0,0,0,0,0,0,0,1,1,1,0
MG Motors,Hector Plus,Sharp Pro 2.0 Turbo Diesel 7 STR,0,0,0,0,0,0,0,0,0,0,0,0,1,1,1,0
MG Motors,Hector Plus,Sharp Pro 2.0 Turbo Diesel 7 STR Dual Tone,0,0,0,0,0,0,0,0,0,0,0,0,1,1,1,0
MG Motors,Hector Plus,Sharp Pro EX 1.5 Turbo Petrol CVT 6 STR,0,0,0,0,0,0,0,0,0,0,0,0,1,0,0,0
MG Motors,Hector Plus,Sharp Pro EX 1.5 Turbo Petrol MT 6 STR,0,0,0,0,0,0,0,0,0,0,0,0,1,0,0,0
MG Motors,Hector Plus,Smart 1.5 Turbo Petrol 7 STR,0,0,0,0,0,0,0,0,0,0,0,0,1,1,0,0
MG Motors,Hector Plus,Smart 2.0 Turbo Diesel 7 STR,0,0,0,0,0,0,0,0,0,0,0,0,1,1,0,0
MG Motors,Hector Plus,Smart EX 1.5 Turbo Petrol 7 STR,0,0,0,0,0,0,0,0,0,0,0,0,1,1,0,0
MG Motors,Hector Plus,Smart EX 1.5 Turbo Petrol MT 7 STR,0,0,0,0,0,0,0,0,0,0,0,0,1,0,0,0
MG Motors,Hector Plus,Smart Pro 2.0 Turbo Diesel 6 STR,0,0,0,0,0,0,0,0,0,0,0,0,1,1,1,0
MG Motors,ZS EV,Exclusive Pro,0,0,0,0,0,0,0,0,0,0,0,0,1,1,0,0
MG Motors,ZS EV,Exclusive Pro Iconic Ivory,0,0,0,0,0,0,0,0,0,0,0,0,1,1,0,0
Tata,Nexon EV,Creative Plus Medium Range,0,0,0,0,0,0,0,0,0,0,0,0,1,1,1,1
Tata,Nexon EV,Empowered Medium Range,0,0,0,0,0,0,0,0,0,0,0,0,1,1,1,1
Tata,Nexon EV,Empowered Plus Long Range,0,0,0,0,0,0,0,0,0,0,0,0,1,1,1,1
Tata,Nexon EV,Empowered Plus Long Range Dark Edition,0,0,0,0,0,0,0,0,0,0,0,0,1,1,1,1
Tata,Nexon EV,Fearless Long Range,0,0,0,0,0,0,0,0,0,0,0,0,1,1,1,1
Tata,Nexon EV,Fearless Medium Range,0,0,0,0,0,0,0,0,0,0,0,0,1,1,1,1
Tata,Nexon EV,Fearless Plus Long Range,0,0,0,0,0,0,0,0,0,0,0,0,1,1,1,1
Tata,Nexon EV,Fearless Plus Medium Range,0,0,0,0,0,0,0,0,0,0,0,0,1,1,1,1
Tata,Nexon EV,Fearless Plus S Long Range,0,0,0,0,0,0,0,0,0,0,0,0,1,1,1,1
Tata,Nexon EV,Fearless Plus S Medium Range,0,0,0,0,0,0,0,0,0,0,0,0,1,1,1,1
Tata EV,Nexon EV,Creative Plus Medium Range,0,0,0,0,0,0,0,0,0,0,0,0,1,1,1,1
Tata EV,Nexon EV,Empowered Medium Range,0,0,0,0,0,0,0,0,0,0,0,0,1,1,1,1
Tata EV,Nexon EV,Empowered Plus Long Range,0,0,0,0,0,0,0,0,0,0,0,0,1,1,1,1
Tata EV,Nexon EV,Empowered Plus Long Range Dark Edition,0,0,0,0,0,0,0,0,0,0,0,0,1,1,1,1
Tata EV,Nexon EV,Fearless Long Range,0,0,0,0,0,0,0,0,0,0,0,0,1,1,1,1
Tata EV,Nexon EV,Fearless Medium Range,0,0,0,0,0,0,0,0,0,0,0,0,1,1,1,1
Tata EV,Nexon EV,Fearless Plus Long Range,0,0,0,0,0,0,0,0,0,0,0,0,1,1,1,1
Tata EV,Nexon EV,Fearless Plus Medium Range,0,0,0,0,0,0,0,0,0,0,0,0,1,1,1,1
Tata EV,Nexon EV,Fearless Plus S Long Range,0,0,0,0,0,0,0,0,0,0,0,0,1,1,1,1
Tata EV,Nexon EV,Fearless Plus S Medium Range,0,0,0,0,0,0,0,0,0,0,0,0,1,1,1,1
Toyota,Innova Crysta,G-SLF 7 STR,0,0,0,0,0,0,0,0,0,0,0,0,1,0,0,0
Toyota,Innova Crysta,G-SLF 8 STR,0,0,0,0,0,0,0,0,0,0,0,0,1,0,0,0
Toyota,Innova Crysta,GX 7 STR,0,0,0,0,0,0,0,0,0,0,0,0,1,1,1,1
Toyota,Innova Crysta,GX 8 STR,0,0,0,0,0,0,0,0,0,0,0,0,1,1,1,1
Toyota,Innova Crysta,VX FLT 2.4 7 STR,0,0,0,0,0,0,0,0,0,0,0,0,1,0,0,0
Toyota,Innova Crysta,VX FLT 2.4 8 STR,0,0,0,0,0,0,0,0,0,0,0,0,1,0,0,0
Toyota,Innova Hycross,GX Limited Edition 7 STR,0,0,0,0,0,0,0,0,0,0,0,0,1,1,0,0
Toyota,Innova Hycross,GX Limited Edition 8 STR,0,0,0,0,0,0,0,0,0,0,0,0,1,1,0,0
Toyota,Innova Hycross,VX (O) Hybrid 7 STR,0,0,0,0,0,0,0,0,0,0,0,0,1,1,1,1
Toyota,Innova Hycross,VX (O) Hybrid 8 STR,0,0,0,0,0,0,0,0,0,0,0,0,1,1,1,1
Volkswagen,Taigun,GT 1.5 DSG,0,0,0,0,0,0,0,0,0,0,0,0,1,1,1,1
Volkswagen,Taigun,GT Edge Carbon Steel Grey chrome 1.5 TSI DSG,0,0,0,0,0,0,0,0,0,0,0,0,1,1,1,0
Volkswagen,Taigun,GT Edge Carbon Steel Grey chrome 1.5 TSI MT,0,0,0,0,0,0,0,0,0,0,0,0,1,1,1,0
Volkswagen,Taigun,GT Edge Deep Black Pearl chrome 1.5 TSI DSG,0,0,0,0,0,0,0,0,0,0,0,0,1,1,1,0
Volkswagen,Taigun,GT Edge Deep Black Pearl chrome 1.5 TSI MT,0,0,0,0,0,0,0,0,0,0,0,0,1,1,1,0
Volkswagen,Taigun,GT Edge Limited Edition Carbon Steel Grey Matte,0,0,0,0,0,0,0,0,0,0,0,0,1,1,1,0
Volkswagen,Taigun,GT Edge Limited Edition Deep Black Pearl,0,0,0,0,0,0,0,0,0,0,0,0,1,1,1,0
Volkswagen,Taigun,GT Edge Limited Edition DSG Deep Black Pearl,0,0,0,0,0,0,0,0,0,0,0,0,1,1,1,0
Volkswagen,Taigun,GT Edge Trail Edition,0,0,0,0,0,0,0,0,0,0,0,0,1,1,1,0
Volkswagen,Taigun,GT Plus 1.5 MT,0,0,0,0,0,0,0,0,0,0,0,0,1,1,0,0
Volkswagen,Taigun,GT Plus 1.5 MT (Electric Seats),0,0,0,0,0,0,0,0,0,0,0,0,1,1,1,1
Volkswagen,Taigun,GT Plus 1.5 TSI DSG (With Ventilated Seats),0,0,0,0,0,0,0,0,0,0,0,0,1,1,0,0
Volkswagen,Taigun,GT Plus Chrome - 1.5L TSI EVO DSG,0,0,0,0,0,0,0,0,0,0,0,0,1,1,1,1
Volkswagen,Taigun,GT Plus Edge DSG  Carbon Steel Grey Matte,0,0,0,0,0,0,0,0,0,0,0,0,1,1,1,0
Volkswagen,Taigun,Sound Edition Topline AT,0,0,0,0,0,0,0,0,0,0,0,0,1,1,1,0
Volkswagen,Taigun,Sound Edition Topline MT,0,0,0,0,0,0,0,0,0,0,0,0,1,1,1,0
Volkswagen,Taigun,Topline 1.0 TSI AT (Electric Seats),0,0,0,0,0,0,0,0,0,0,0,0,1,1,1,1
Volkswagen,Taigun,Topline 1.0 TSI MT (Electric Seats),0,0,0,0,0,0,0,0,0,0,0,0,1,1,1,1
Volkswagen,Virtus,GT 1.5 TSI DSG,0,0,0,0,0,0,0,0,0,0,0,0,1,1,1,0
Volkswagen,Virtus,GT Edge Limited Edition DSG,0,0,0,0,0,0,0,0,0,0,0,0,1,1,1,0
Volkswagen,Virtus,GT Edge Limited Edition MT,0,0,0,0,0,0,0,0,0,0,0,0,1,1,1,0
Volkswagen,Virtus,GT Plus 1.5 MT,0,0,0,0,0,0,0,0,0,0,0,0,1,1,1,0
Volkswagen,Virtus,GT Plus 1.5 MT (Electric Seats),0,0,0,0,0,0,0,0,0,0,0,0,1,1,1,1
Volkswagen,Virtus,GT Plus 1.5 TSI EVO DSG (Electric Seats),0,0,0,0,0,0,0,0,0,0,0,0,1,1,1,1
Volkswagen,Virtus,GT Plus Edge Deep Black Pearl (Electric Seats),0,0,0,0,0,0,0,0,0,0,0,0,1,1,1,0
Volkswagen,Virtus,GT Plus Edge DSG Carbon Steel Grey Matte (Electric Seats),0,0,0,0,0,0,0,0,0,0,0,0,1,1,1,0
Volkswagen,Virtus,GT Plus Edge LE DSG Deep Black Pearl (Electric Seats),0,0,0,0,0,0,0,0,0,0,0,0,1,1,1,0
Volkswagen,Virtus,GT Plus Edge MT Carbon Steel Grey Matte,0,0,0,0,0,0,0,0,0,0,0,0,1,1,1,0
Volkswagen,Virtus,Sound Edition Topline AT,0,0,0,0,0,0,0,0,0,0,0,0,1,1,1,0
Volkswagen,Virtus,Sound Edition Topline MT,0,0,0,0,0,0,0,0,0,0,0,0,1,1,1,0
Volkswagen,Virtus,Topline 1.0 TSI AT (Electric Seats),0,0,0,0,0,0,0,0,0,0,0,0,1,1,1,1
Volkswagen,Virtus,Topline 1.0 TSI MT (Electric Seats),0,0,0,0,0,0,0,0,0,0,0,0,1,1,1,1
Volvo,C40 Recharge,E80,0,0,0,0,0,0,0,0,0,0,0,0,1,1,0,0
Aston Martin,Vantage,V8,0,0,0,0,0,0,0,0,0,0,0,0,0,1,1,1
Audi,Q3 Sportback,Bold Edition,0,0,0,0,0,0,0,0,0,0,0,0,0,1,1,1
BMW,2 Series Gran Coupe,220i M Sport Shadow Edition,0,0,0,0,0,0,0,0,0,0,0,0,0,1,1,0
BMW,3 Series Gran Limousine,320Ld M Sport Pro Editon,0,0,0,0,0,0,0,0,0,0,0,0,0,1,1,0
BMW,3 Series Gran Limousine,330Li M Sport Pro Editon,0,0,0,0,0,0,0,0,0,0,0,0,0,1,1,0
BMW,6 Series GT,620d M Sport Signature,0,0,0,0,0,0,0,0,0,0,0,0,0,1,0,0
BMW,M2,3.0 Petrol AT,0,0,0,0,0,0,0,0,0,0,0,0,0,1,1,1
BMW,M2,3.0 Petrol MT,0,0,0,0,0,0,0,0,0,0,0,0,0,1,1,1
BMW,M340i,xDrive,0,0,0,0,0,0,0,0,0,0,0,0,0,1,1,1
BMW,M4,Competition xDrive,0,0,0,0,0,0,0,0,0,0,0,0,0,1,1,1
BMW,M4,CS,0,0,0,0,0,0,0,0,0,0,0,0,0,1,1,1
Citroen,C3 AIRCROSS,Dhoni Edition,0,0,0,0,0,0,0,0,0,0,0,0,0,1,0,0
Force Motors,Gurkha,5 Door (7-Seater),0,0,0,0,0,0,0,0,0,0,0,0,0,1,1,1
Hyundai,Creta N-Line,N10 1.5 Turbo DCT,0,0,0,0,0,0,0,0,0,0,0,0,0,1,1,1
Hyundai,Creta N-Line,N10 1.5 Turbo DCT Dual Tone,0,0,0,0,0,0,0,0,0,0,0,0,0,1,1,1
Hyundai,Creta N-Line,N10 1.5 Turbo DCT Titan Grey Matte,0,0,0,0,0,0,0,0,0,0,0,0,0,1,1,0
Hyundai,Creta N-Line,N10 1.5 Turbo MT,0,0,0,0,0,0,0,0,0,0,0,0,0,1,1,1
Hyundai,Creta N-Line,N10 1.5 Turbo MT Dual Tone,0,0,0,0,0,0,0,0,0,0,0,0,0,1,1,1
Hyundai,Creta N-Line,N10 1.5 Turbo MT Titan Grey Matte,0,0,0,0,0,0,0,0,0,0,0,0,0,1,1,0
Hyundai,Creta N-Line,N8 1.5 Turbo DCT,0,0,0,0,0,0,0,0,0,0,0,0,0,1,1,1
Hyundai,Creta N-Line,N8 1.5 Turbo DCT Dual Tone,0,0,0,0,0,0,0,0,0,0,0,0,0,1,1,1
Hyundai,Creta N-Line,N8 1.5 Turbo DCT Titan Grey Matte,0,0,0,0,0,0,0,0,0,0,0,0,0,1,1,0
Hyundai,Creta N-Line,N8 1.5 Turbo MT,0,0,0,0,0,0,0,0,0,0,0,0,0,1,1,0
Hyundai,Creta N-Line,N8 1.5 Turbo MT Dual Tone,0,0,0,0,0,0,0,0,0,0,0,0,0,1,1,0
Hyundai,Creta N-Line,N8 1.5 Turbo MT Titan Grey Matte,0,0,0,0,0,0,0,0,0,0,0,0,0,1,1,0
Hyundai,Grand i10 Nios,Magna 1.2 Hy-CNG Duo,0,0,0,0,0,0,0,0,0,0,0,0,0,1,1,1
Hyundai,Grand i10 Nios,Sportz 1.2 Hy-CNG Duo,0,0,0,0,0,0,0,0,0,0,0,0,0,1,1,1
Mahindra,Bolero Neo Plus,P10,0,0,0,0,0,0,0,0,0,0,0,0,0,1,1,1
Mahindra,Bolero Neo Plus,P4,0,0,0,0,0,0,0,0,0,0,0,0,0,1,1,1
Mahindra,Scorpio N,Z8 Select Diesel AT 2WD,0,0,0,0,0,0,0,0,0,0,0,0,0,1,1,1
Mahindra,Scorpio N,Z8 Select Diesel MT 2WD,0,0,0,0,0,0,0,0,0,0,0,0,0,1,1,1
Mahindra,Scorpio N,Z8 Select Petrol AT,0,0,0,0,0,0,0,0,0,0,0,0,0,1,1,1
Mahindra,Scorpio N,Z8 Select Petrol MT,0,0,0,0,0,0,0,0,0,0,0,0,0,1,1,1
Mahindra,Thar Roxx,AX3 L Diesel MT 2WD,0,0,0,0,0,0,0,0,0,0,0,0,0,1,1,1
Mahindra,Thar Roxx,AX5 L Diesel AT 2WD,0,0,0,0,0,0,0,0,0,0,0,0,0,1,1,1
Mahindra,Thar Roxx,AX5 L Diesel AT 4WD,0,0,0,0,0,0,0,0,0,0,0,0,0,1,1,1
Mahindra,Thar Roxx,AX7 L Diesel AT 2WD,0,0,0,0,0,0,0,0,0,0,0,0,0,1,1,1
Mahindra,Thar Roxx,AX7 L Diesel AT 4WD,0,0,0,0,0,0,0,0,0,0,0,0,0,1,1,1
Mahindra,Thar Roxx,AX7 L Diesel MT 2WD,0,0,0,0,0,0,0,0,0,0,0,0,0,1,1,1
Mahindra,Thar Roxx,AX7 L Diesel MT 4WD,0,0,0,0,0,0,0,0,0,0,0,0,0,1,1,1
Mahindra,Thar Roxx,AX7 L Petrol AT 2WD,0,0,0,0,0,0,0,0,0,0,0,0,0,1,1,1
Mahindra,Thar Roxx,MX1 Diesel MT 2WD,0,0,0,0,0,0,0,0,0,0,0,0,0,1,1,1
Mahindra,Thar Roxx,MX1 Petrol MT 2WD,0,0,0,0,0,0,0,0,0,0,0,0,0,1,1,1
Mahindra,Thar Roxx,MX3 Diesel AT 2WD,0,0,0,0,0,0,0,0,0,0,0,0,0,1,1,1
Mahindra,Thar Roxx,MX3 Diesel MT 2WD,0,0,0,0,0,0,0,0,0,0,0,0,0,1,1,1
Mahindra,Thar Roxx,MX3 Petrol AT 2WD,0,0,0,0,0,0,0,0,0,0,0,0,0,1,1,1
Mahindra,Thar Roxx,MX5 Diesel AT 2WD,0,0,0,0,0,0,0,0,0,0,0,0,0,1,1,1
Mahindra,Thar Roxx,MX5 Diesel MT 2WD,0,0,0,0,0,0,0,0,0,0,0,0,0,1,1,1
Mahindra,Thar Roxx,MX5 Diesel MT 4WD,0,0,0,0,0,0,0,0,0,0,0,0,0,1,1,1
Mahindra,Thar Roxx,MX5 Petrol AT 2WD,0,0,0,0,0,0,0,0,0,0,0,0,0,1,1,1
Mahindra,Thar Roxx,MX5 Petrol MT 2WD,0,0,0,0,0,0,0,0,0,0,0,0,0,1,1,1
Mahindra,XUV700,AX3 Diesel AT 5 STR,0,0,0,0,0,0,0,0,0,0,0,0,0,1,1,0
Mahindra,XUV700,AX3 Diesel MT 5 STR,0,0,0,0,0,0,0,0,0,0,0,0,0,1,1,0
Mahindra,XUV700,AX3 Diesel MT 5 STR (ESP),0,0,0,0,0,0,0,0,0,0,0,0,0,1,1,0
Mahindra,XUV700,AX3 Diesel MT 7 STR,0,0,0,0,0,0,0,0,0,0,0,0,0,1,0,0
Mahindra,XUV700,AX3 Diesel MT 7 STR (ESP),0,0,0,0,0,0,0,0,0,0,0,0,0,1,0,0
Mahindra,XUV700,AX3 Petrol AT 5 STR,0,0,0,0,0,0,0,0,0,0,0,0,0,1,1,0
Mahindra,XUV700,AX3 Petrol MT 5 STR,0,0,0,0,0,0,0,0,0,0,0,0,0,1,1,0
Mahindra,XUV700,AX3 Petrol MT 5 STR (ESP),0,0,0,0,0,0,0,0,0,0,0,0,0,1,1,0
Mahindra,XUV700,AX5 Diesel AT 5 STR,0,0,0,0,0,0,0,0,0,0,0,0,0,1,1,0
Mahindra,XUV700,AX5 Diesel AT 7 STR,0,0,0,0,0,0,0,0,0,0,0,0,0,1,1,1
Mahindra,XUV700,AX5 Diesel MT 5 STR,0,0,0,0,0,0,0,0,0,0,0,0,0,1,1,0
Mahindra,XUV700,AX5 Diesel MT 7 STR,0,0,0,0,0,0,0,0,0,0,0,0,0,1,1,1
Mahindra,XUV700,AX5 Petrol AT 5 STR,0,0,0,0,0,0,0,0,0,0,0,0,0,1,1,0
Mahindra,XUV700,AX5 Petrol AT 7 STR,0,0,0,0,0,0,0,0,0,0,0,0,0,1,1,1
Mahindra,XUV700,AX5 Petrol MT 5 STR,0,0,0,0,0,0,0,0,0,0,0,0,0,1,1,0
Mahindra,XUV700,AX5 Petrol MT 5 STR (ESP),0,0,0,0,0,0,0,0,0,0,0,0,0,1,1,0
Mahindra,XUV700,AX5 Petrol MT 7 STR,0,0,0,0,0,0,0,0,0,0,0,0,0,1,1,1
Mahindra,XUV700,AX5 Petrol MT 7 STR (ESP),0,0,0,0,0,0,0,0,0,0,0,0,0,1,1,1
Mahindra,XUV700,AX5 Select Diesel AT 7 STR,0,0,0,0,0,0,0,0,0,0,0,0,0,1,1,1
Mahindra,XUV700,AX5 Select Diesel MT 7 STR,0,0,0,0,0,0,0,0,0,0,0,0,0,1,1,1
Mahindra,XUV700,AX5 Select Diesel MT 7 STR (ESP),0,0,0,0,0,0,0,0,0,0,0,0,0,1,1,1
Mahindra,XUV700,AX5 Select Petrol AT 7 STR,0,0,0,0,0,0,0,0,0,0,0,0,0,1,1,1
Mahindra,XUV700,AX5 Select Petrol MT 7 STR,0,0,0,0,0,0,0,0,0,0,0,0,0,1,1,1
Mahindra,XUV700,AX5 Select Petrol MT 7 STR (ESP),0,0,0,0,0,0,0,0,0,0,0,0,0,1,1,1
Mahindra,XUV700,AX7 Diesel AT 6 STR,0,0,0,0,0,0,0,0,0,0,0,0,0,1,1,1
Mahindra,XUV700,AX7 Diesel AT 6 STR Dual Tone,0,0,0,0,0,0,0,0,0,0,0,0,0,1,1,1
Mahindra,XUV700,AX7 Diesel AT 7 STR,0,0,0,0,0,0,0,0,0,0,0,0,0,1,1,1
Mahindra,XUV700,AX7 Diesel AT 7 STR Dual Tone,0,0,0,0,0,0,0,0,0,0,0,0,0,1,1,1
Mahindra,XUV700,AX7 Diesel AT AWD 7 STR,0,0,0,0,0,0,0,0,0,0,0,0,0,1,1,1
Mahindra,XUV700,AX7 Diesel AT AWD 7 STR Dual Tone,0,0,0,0,0,0,0,0,0,0,0,0,0,1,1,1
Mahindra,XUV700,AX7 Diesel MT 6 STR,0,0,0,0,0,0,0,0,0,0,0,0,0,1,1,1
Mahindra,XUV700,AX7 Diesel MT 6 STR Dual Tone,0,0,0,0,0,0,0,0,0,0,0,0,0,1,1,1
Mahindra,XUV700,AX7 Diesel MT 7 STR,0,0,0,0,0,0,0,0,0,0,0,0,0,1,1,1
Mahindra,XUV700,AX7 Diesel MT 7 STR Dual Tone,0,0,0,0,0,0,0,0,0,0,0,0,0,1,1,1
Mahindra,XUV700,AX7 Luxury Pack Diesel 7 STR Blaze Editon AT,0,0,0,0,0,0,0,0,0,0,0,0,0,1,1,1
Mahindra,XUV700,AX7 Luxury Pack Diesel 7 STR Blaze Editon MT,0,0,0,0,0,0,0,0,0,0,0,0,0,1,1,1
Mahindra,XUV700,AX7 Luxury Pack Diesel AT 6 STR,0,0,0,0,0,0,0,0,0,0,0,0,0,1,1,1
Mahindra,XUV700,AX7 Luxury Pack Diesel AT 6 STR Dual Tone,0,0,0,0,0,0,0,0,0,0,0,0,0,1,1,1
Mahindra,XUV700,AX7 Luxury Pack Diesel AT 7 STR,0,0,0,0,0,0,0,0,0,0,0,0,0,1,1,1
Mahindra,XUV700,AX7 Luxury Pack Diesel AT 7 STR Dual Tone,0,0,0,0,0,0,0,0,0,0,0,0,0,1,1,1
Mahindra,XUV700,AX7 Luxury Pack Diesel AT AWD 7 STR,0,0,0,0,0,0,0,0,0,0,0,0,0,1,1,1
Mahindra,XUV700,AX7 Luxury Pack Diesel AT AWD 7 STR Dual Tone,0,0,0,0,0,0,0,0,0,0,0,0,0,1,1,1
Mahindra,XUV700,AX7 Luxury Pack Diesel MT 6 STR,0,0,0,0,0,0,0,0,0,0,0,0,0,1,1,1
Mahindra,XUV700,AX7 Luxury Pack Diesel MT 6 STR Dual Tone,0,0,0,0,0,0,0,0,0,0,0,0,0,1,1,1
Mahindra,XUV700,AX7 Luxury Pack Diesel MT 7 STR,0,0,0,0,0,0,0,0,0,0,0,0,0,1,1,1
Mahindra,XUV700,AX7 Luxury Pack Diesel MT 7 STR Dual Tone,0,0,0,0,0,0,0,0,0,0,0,0,0,1,1,1
Mahindra,XUV700,AX7 Luxury Pack Petrol 7 STR Blaze Editon AT,0,0,0,0,0,0,0,0,0,0,0,0,0,1,1,1
Mahindra,XUV700,AX7 Luxury Pack Petrol AT 6 STR,0,0,0,0,0,0,0,0,0,0,0,0,0,1,1,1
Mahindra,XUV700,AX7 Luxury Pack Petrol AT 6 STR Dual Tone,0,0,0,0,0,0,0,0,0,0,0,0,0,1,1,1
Mahindra,XUV700,AX7 Luxury Pack Petrol AT 7 STR,0,0,0,0,0,0,0,0,0,0,0,0,0,1,1,1
Mahindra,XUV700,AX7 Luxury Pack Petrol AT 7 STR Dual Tone,0,0,0,0,0,0,0,0,0,0,0,0,0,1,1,1
Mahindra,XUV700,AX7 Petrol AT 6 STR,0,0,0,0,0,0,0,0,0,0,0,0,0,1,1,1
Mahindra,XUV700,AX7 Petrol AT 6 STR Dual Tone,0,0,0,0,0,0,0,0,0,0,0,0,0,1,1,1
Mahindra,XUV700,AX7 Petrol AT 7 STR,0,0,0,0,0,0,0,0,0,0,0,0,0,1,1,1
Mahindra,XUV700,AX7 Petrol AT 7 STR Dual Tone,0,0,0,0,0,0,0,0,0,0,0,0,0,1,1,1
Mahindra,XUV700,AX7 Petrol MT 6 STR,0,0,0,0,0,0,0,0,0,0,0,0,0,1,1,1
Mahindra,XUV700,AX7 Petrol MT 6 STR Dual Tone,0,0,0,0,0,0,0,0,0,0,0,0,0,1,1,1
Mahindra,XUV700,AX7 Petrol MT 7 STR,0,0,0,0,0,0,0,0,0,0,0,0,0,1,1,1
Mahindra,XUV700,AX7 Petrol MT 7 STR Dual Tone,0,0,0,0,0,0,0,0,0,0,0,0,0,1,1,1
Mahindra,XUV700,MX Diesel MT 7 STR,0,0,0,0,0,0,0,0,0,0,0,0,0,1,1,1
Mahindra,XUV700,MX Diesel MT 7 STR (ESP),0,0,0,0,0,0,0,0,0,0,0,0,0,1,1,1
Mahindra,XUV700,MX Petrol MT 7 STR,0,0,0,0,0,0,0,0,0,0,0,0,0,1,1,1
Mahindra,XUV700,MX Petrol MT 7 STR (ESP),0,0,0,0,0,0,0,0,0,0,0,0,0,1,1,1
Maruti Suzuki,Alto K10,LXi (O) S-CNG,0,0,0,0,0,0,0,0,0,0,0,0,0,1,1,1
Maruti Suzuki,Alto K10,VXi (O) S-CNG,0,0,0,0,0,0,0,0,0,0,0,0,0,1,1,1
Maruti Suzuki,Fronx,Delta Plus (O) 1.2L AGS,0,0,0,0,0,0,0,0,0,0,0,0,0,1,1,0
Maruti Suzuki,Fronx,Delta Plus (O) 1.2L MT,0,0,0,0,0,0,0,0,0,0,0,0,0,1,1,0
Maruti Suzuki,S-Presso,Lxi (O),0,0,0,0,0,0,0,0,0,0,0,0,0,1,1,1
Maruti Suzuki,S-Presso,LXi (O) S-CNG,0,0,0,0,0,0,0,0,0,0,0,0,0,1,1,1
Maruti Suzuki,S-Presso,VXi (O) S-CNG,0,0,0,0,0,0,0,0,0,0,0,0,0,1,1,1
Maruti Suzuki,S-Presso,Vxi Plus (O),0,0,0,0,0,0,0,0,0,0,0,0,0,1,1,1
Maruti Suzuki,Swift,VXi (O),0,0,0,0,0,0,0,0,0,0,0,0,0,1,1,1
Maruti Suzuki,Swift,VXi (O) AMT,0,0,0,0,0,0,0,0,0,0,0,0,0,1,1,1
Maruti Suzuki,Swift,VXi (O) CNG,0,0,0,0,0,0,0,0,0,0,0,0,0,1,1,1
Maruti Suzuki,Swift,ZXi Plus Dual Tone AMT,0,0,0,0,0,0,0,0,0,0,0,0,0,1,1,1
Mercedes-Benz,AMG GLC43 Coupe,4MATIC AWD,0,0,0,0,0,0,0,0,0,0,0,0,0,1,1,1
Mercedes-Benz,GLA,220d AMG Line 4MATIC,0,0,0,0,0,0,0,0,0,0,0,0,0,1,1,1
Mercedes-Benz,GLE,300d 4MATIC AMG Line,0,0,0,0,0,0,0,0,0,0,0,0,0,1,1,1
Mercedes-Benz,Maybach EQS SUV,680,0,0,0,0,0,0,0,0,0,0,0,0,0,1,1,1
Mercedes-Benz,Maybach GLS,600 4MATIC,0,0,0,0,0,0,0,0,0,0,0,0,0,1,1,1
MG Motors,Astor,100-Year Edition 1.5 CVT,0,0,0,0,0,0,0,0,0,0,0,0,0,1,1,0
MG Motors,Astor,Savvy Pro 1.3 Turbo AT Sangria,0,0,0,0,0,0,0,0,0,0,0,0,0,1,1,0
MG Motors,Astor,Savvy Pro 1.3 Turbo AT Sangria Dual Tone,0,0,0,0,0,0,0,0,0,0,0,0,0,1,1,0
MG Motors,Astor,Savvy Pro 1.5 CVT (Ivory),0,0,0,0,0,0,0,0,0,0,0,0,0,1,1,1
MG Motors,Astor,Savvy Pro 1.5 CVT (Ivory) Dual Tone,0,0,0,0,0,0,0,0,0,0,0,0,0,1,1,1
MG Motors,Astor,Savvy Pro 1.5 CVT Sangria,0,0,0,0,0,0,0,0,0,0,0,0,0,1,1,1
MG Motors,Astor,Savvy Pro 1.5 CVT Sangria Dual Tone,0,0,0,0,0,0,0,0,0,0,0,0,0,1,1,1
MG Motors,Astor,Select 1.5 CVT (Ivory),0,0,0,0,0,0,0,0,0,0,0,0,0,1,1,1
MG Motors,Astor,Select 1.5 CVT Blackstorm,0,0,0,0,0,0,0,0,0,0,0,0,0,1,1,0
MG Motors,Astor,Select 1.5 MT (Ivory),0,0,0,0,0,0,0,0,0,0,0,0,0,1,1,1
MG Motors,Astor,Select 1.5 MT Blackstorm,0,0,0,0,0,0,0,0,0,0,0,0,0,1,1,0
MG Motors,Astor,Sharp Pro 1.5 CVT (Ivory),0,0,0,0,0,0,0,0,0,0,0,0,0,1,1,1
MG Motors,Astor,Sharp Pro 1.5 CVT (Ivory) Dual Tone,0,0,0,0,0,0,0,0,0,0,0,0,0,1,1,1
MG Motors,Astor,Sharp Pro 1.5 MT (Ivory),0,0,0,0,0,0,0,0,0,0,0,0,0,1,1,1
MG Motors,Astor,Sharp Pro 100-Year Edition 1.5 MT,0,0,0,0,0,0,0,0,0,0,0,0,0,1,1,0
MG Motors,Astor,Shine 1.5 MT (Ivory),0,0,0,0,0,0,0,0,0,0,0,0,0,1,1,1
MG Motors,Astor,Sprint 1.5 MT (Ivory),0,0,0,0,0,0,0,0,0,0,0,0,0,1,1,1
MG Motors,Comet EV,100-Year Edition,0,0,0,0,0,0,0,0,0,0,0,0,0,1,1,0
MG Motors,Comet EV,Excite,0,0,0,0,0,0,0,0,0,0,0,0,0,1,1,1
MG Motors,Comet EV,Excite FC,0,0,0,0,0,0,0,0,0,0,0,0,0,1,1,1
MG Motors,Comet EV,Exclusive,0,0,0,0,0,0,0,0,0,0,0,0,0,1,1,1
MG Motors,Comet EV,Exclusive FC,0,0,0,0,0,0,0,0,0,0,0,0,0,1,1,1
MG Motors,Comet EV,Exclusive FC with value added kit,0,0,0,0,0,0,0,0,0,0,0,0,0,1,0,0
MG Motors,Comet EV,Executive,0,0,0,0,0,0,0,0,0,0,0,0,0,1,1,1
MG Motors,Gloster,Desertstorm 6 STR 2.0 Turbo 2WD,0,0,0,0,0,0,0,0,0,0,0,0,0,1,1,1
MG Motors,Gloster,Desertstorm 6 STR 2.0 Twin Turbo 4WD,0,0,0,0,0,0,0,0,0,0,0,0,0,1,1,1
MG Motors,Gloster,Desertstorm 7 STR 2.0 Turbo 2WD,0,0,0,0,0,0,0,0,0,0,0,0,0,1,1,1
MG Motors,Gloster,Desertstorm 7 STR 2.0 Twin Turbo 4WD,0,0,0,0,0,0,0,0,0,0,0,0,0,1,1,1
MG Motors,Gloster,Snowstorm 7 STR 2.0 Turbo 2WD,0,0,0,0,0,0,0,0,0,0,0,0,0,1,1,1
MG Motors,Gloster,Snowstorm 7 STR 2.0 Twin Turbo 4WD,0,0,0,0,0,0,0,0,0,0,0,0,0,1,1,1
MG Motors,Hector,100-Year Edition 1.5 Turbo CVT,0,0,0,0,0,0,0,0,0,0,0,0,0,1,1,0
MG Motors,Hector,100-Year Edition 1.5 Turbo MT,0,0,0,0,0,0,0,0,0,0,0,0,0,1,1,0
MG Motors,Hector,100-Year Edition 2.0 Turbo Diesel MT,0,0,0,0,0,0,0,0,0,0,0,0,0,1,1,0
MG Motors,Hector,Select Pro 1.5 Turbo CVT,0,0,0,0,0,0,0,0,0,0,0,0,0,1,1,0
MG Motors,Hector,Select Pro 1.5 Turbo MT,0,0,0,0,0,0,0,0,0,0,0,0,0,1,1,0
MG Motors,Hector,Select Pro 2.0 Turbo Diesel MT,0,0,0,0,0,0,0,0,0,0,0,0,0,1,1,0
MG Motors,Hector,Sharp Pro Blackstorm 1.5 Turbo CVT,0,0,0,0,0,0,0,0,0,0,0,0,0,1,1,0
MG Motors,Hector,Sharp Pro Blackstorm 2.0 Turbo Diesel MT,0,0,0,0,0,0,0,0,0,0,0,0,0,1,1,0
MG Motors,Hector,Sharp Pro Snowstorm 1.5 Turbo CVT,0,0,0,0,0,0,0,0,0,0,0,0,0,1,1,0
MG Motors,Hector,Sharp Pro Snowstorm 2.0 Turbo Diesel MT,0,0,0,0,0,0,0,0,0,0,0,0,0,1,1,0
MG Motors,Hector,Shine Pro 1.5 Turbo CVT,0,0,0,0,0,0,0,0,0,0,0,0,0,1,1,0
MG Motors,Hector,Shine Pro 1.5 Turbo MT,0,0,0,0,0,0,0,0,0,0,0,0,0,1,1,0
MG Motors,Hector,Shine Pro 2.0 Turbo Diesel MT,0,0,0,0,0,0,0,0,0,0,0,0,0,1,1,0
MG Motors,Hector Plus,100-Year Edition 2.0 Turbo Diesel 7 STR,0,0,0,0,0,0,0,0,0,0,0,0,0,1,1,0
MG Motors,Hector Plus,Select Pro 1.5 MT 7 STR,0,0,0,0,0,0,0,0,0,0,0,0,0,1,1,0
MG Motors,Hector Plus,Select Pro 1.5 Turbo CVT Petrol 7 STR,0,0,0,0,0,0,0,0,0,0,0,0,0,1,1,0
MG Motors,Hector Plus,Select Pro 2.0 Diesel 7 STR,0,0,0,0,0,0,0,0,0,0,0,0,0,1,1,0
MG Motors,Hector Plus,Sharp Pro Blackstorm 1.5 Turbo Petrol CVT 7 STR,0,0,0,0,0,0,0,0,0,0,0,0,0,1,1,0
MG Motors,Hector Plus,Sharp Pro Blackstorm 2.0 Turbo Diesel 6 STR,0,0,0,0,0,0,0,0,0,0,0,0,0,1,1,0
MG Motors,Hector Plus,Sharp Pro Blackstorm 2.0 Turbo Diesel 7 STR,0,0,0,0,0,0,0,0,0,0,0,0,0,1,1,0
MG Motors,Hector Plus,Sharp Pro Snowstorm 1.5 Turbo CVT 7 STR,0,0,0,0,0,0,0,0,0,0,0,0,0,1,1,0
MG Motors,Hector Plus,Sharp Pro Snowstorm 2.0 Turbo Diesel MT 6 STR,0,0,0,0,0,0,0,0,0,0,0,0,0,1,1,0
MG Motors,Hector Plus,Sharp Pro Snowstorm 2.0 Turbo Diesel MT 7 STR,0,0,0,0,0,0,0,0,0,0,0,0,0,1,1,0
MG Motors,Hector Plus,Smart Pro 2.0 Turbo Diesel 7 STR,0,0,0,0,0,0,0,0,0,0,0,0,0,1,1,0
MG Motors,Hector Plus,Style 2.0 Diesel 6 STR,0,0,0,0,0,0,0,0,0,0,0,0,0,1,1,0
MG Motors,Hector Plus,Style 2.0 Diesel 7 STR,0,0,0,0,0,0,0,0,0,0,0,0,0,1,1,0
MG Motors,Hector Plus,100-Year Edition 1.5 Turbo Petrol CVT 7 STR,0,0,0,0,0,0,0,0,0,0,0,0,0,1,1,0
MG Motors,Windsor EV,Essence,0,0,0,0,0,0,0,0,0,0,0,0,0,1,1,1
MG Motors,Windsor EV,Excite,0,0,0,0,0,0,0,0,0,0,0,0,0,1,1,1
MG Motors,Windsor EV,Exclusive,0,0,0,0,0,0,0,0,0,0,0,0,0,1,1,1
MG Motors,ZS EV,100-Year Edition,0,0,0,0,0,0,0,0,0,0,0,0,0,1,1,1
MG Motors,ZS EV,Essence Dark Grey,0,0,0,0,0,0,0,0,0,0,0,0,0,1,1,1
MG Motors,ZS EV,Essence Dual Tone Iconic Ivory,0,0,0,0,0,0,0,0,0,0,0,0,0,1,1,1
MG Motors,ZS EV,Excite Pro,0,0,0,0,0,0,0,0,0,0,0,0,0,1,1,1
MG Motors,ZS EV,Exclusive Plus Dark Grey,0,0,0,0,0,0,0,0,0,0,0,0,0,1,1,1
MG Motors,ZS EV,Exclusive Plus Dual Tone Iconic Ivory,0,0,0,0,0,0,0,0,0,0,0,0,0,1,1,1
MG Motors,ZS EV,Executive,0,0,0,0,0,0,0,0,0,0,0,0,0,1,1,1
Mini,Cooper,S,0,0,0,0,0,0,0,0,0,0,0,0,0,1,1,1
Mini,Countryman Electric,Classic Pack EV,0,0,0,0,0,0,0,0,0,0,0,0,0,1,1,1
Mini,Countryman Electric,E,0,0,0,0,0,0,0,0,0,0,0,0,0,1,1,1
Mini,Countryman Electric,Essential EV,0,0,0,0,0,0,0,0,0,0,0,0,0,1,1,1
Mini,Countryman Electric,Favoured Pack EV,0,0,0,0,0,0,0,0,0,0,0,0,0,1,1,1
Tata,Punch EV,Adventure,0,0,0,0,0,0,0,0,0,0,0,0,0,1,1,1
Tata,Punch EV,Adventure Long Range,0,0,0,0,0,0,0,0,0,0,0,0,0,1,1,1
Tata,Punch EV,Adventure S,0,0,0,0,0,0,0,0,0,0,0,0,0,1,1,1
Tata,Punch EV,Adventure S Long Range,0,0,0,0,0,0,0,0,0,0,0,0,0,1,1,1
Tata,Punch EV,Empowered,0,0,0,0,0,0,0,0,0,0,0,0,0,1,1,1
Tata,Punch EV,Empowered Long Range,0,0,0,0,0,0,0,0,0,0,0,0,0,1,1,1
Tata,Punch EV,Empowered Plus,0,0,0,0,0,0,0,0,0,0,0,0,0,1,1,1
Tata,Punch EV,Empowered Plus Long Range,0,0,0,0,0,0,0,0,0,0,0,0,0,1,1,1
Tata,Punch EV,Empowered Plus S,0,0,0,0,0,0,0,0,0,0,0,0,0,1,1,1
Tata,Punch EV,Empowered Plus S long Range,0,0,0,0,0,0,0,0,0,0,0,0,0,1,1,1
Tata,Punch EV,Empowered S,0,0,0,0,0,0,0,0,0,0,0,0,0,1,1,1
Tata,Punch EV,Empowered S Long Range,0,0,0,0,0,0,0,0,0,0,0,0,0,1,1,1
Tata,Punch EV,Smart,0,0,0,0,0,0,0,0,0,0,0,0,0,1,1,1
Tata,Punch EV,Smart Plus,0,0,0,0,0,0,0,0,0,0,0,0,0,1,1,1
Tata,Tiago NRG,XZA iCNG,0,0,0,0,0,0,0,0,0,0,0,0,0,1,1,1
Toyota,Innova Crysta,G 7 STR,0,0,0,0,0,0,0,0,0,0,0,0,0,1,0,0
Toyota,Innova Crysta,G 8 STR,0,0,0,0,0,0,0,0,0,0,0,0,0,1,0,0
Toyota,Innova Crysta,GX Plus 7 STR,0,0,0,0,0,0,0,0,0,0,0,0,0,1,1,1
Toyota,Innova Crysta,GX Plus 8 STR,0,0,0,0,0,0,0,0,0,0,0,0,0,1,1,1
Toyota,Innova Hycross,GX (O) 7 STR,0,0,0,0,0,0,0,0,0,0,0,0,0,1,1,1
Toyota,Innova Hycross,GX (O) 8 STR,0,0,0,0,0,0,0,0,0,0,0,0,0,1,1,1
Volkswagen,Taigun,GT Edge Sport Carbon Steel Grey 1.5 DSG,0,0,0,0,0,0,0,0,0,0,0,0,0,1,1,0
Volkswagen,Taigun,GT Edge Sport Carbon Steel Grey 1.5 TSI MT,0,0,0,0,0,0,0,0,0,0,0,0,0,1,1,0
Volkswagen,Taigun,GT Edge Sport Deep Black Pearl 1.5 DSG,0,0,0,0,0,0,0,0,0,0,0,0,0,1,1,0
Volkswagen,Taigun,GT Edge Sport Deep Black Pearl 1.5 TSI MT,0,0,0,0,0,0,0,0,0,0,0,0,0,1,1,0
Volkswagen,Taigun,GT Plus Sport 1.0 AT,0,0,0,0,0,0,0,0,0,0,0,0,0,1,0,0
Volkswagen,Taigun,GT Plus Sport 1.0 MT,0,0,0,0,0,0,0,0,0,0,0,0,0,1,0,0
Volkswagen,Taigun,Highline Plus 1.0 TSI AT,0,0,0,0,0,0,0,0,0,0,0,0,0,1,1,1
Volkswagen,Taigun,Highline Plus 1.0 TSI MT,0,0,0,0,0,0,0,0,0,0,0,0,0,1,1,1
Volkswagen,Taigun,Sport (GT DSG),0,0,0,0,0,0,0,0,0,0,0,0,0,1,1,1
Volkswagen,Taigun,Sport GT Line 1.0 AT,0,0,0,0,0,0,0,0,0,0,0,0,0,1,1,1
Volkswagen,Taigun,Sport GT Line 1.0 MT,0,0,0,0,0,0,0,0,0,0,0,0,0,1,1,1
Volkswagen,Taigun,Sport GT Plus 1.5 DSG,0,0,0,0,0,0,0,0,0,0,0,0,0,1,1,1
Volkswagen,Taigun,Sport GT Plus 1.5 MT,0,0,0,0,0,0,0,0,0,0,0,0,0,1,1,1
Volkswagen,Virtus,GT Line 1.0 TSI AT,0,0,0,0,0,0,0,0,0,0,0,0,0,1,1,1
Volkswagen,Virtus,GT Line 1.0 TSI MT,0,0,0,0,0,0,0,0,0,0,0,0,0,1,1,1
Volkswagen,Virtus,GT Plus Sport,0,0,0,0,0,0,0,0,0,0,0,0,0,1,1,1
Volkswagen,Virtus,Highline Plus 1.0 TSI AT,0,0,0,0,0,0,0,0,0,0,0,0,0,1,1,1
Volkswagen,Virtus,Highline Plus 1.0 TSI MT,0,0,0,0,0,0,0,0,0,0,0,0,0,1,1,1
Volvo,EC40,Ultra,0,0,0,0,0,0,0,0,0,0,0,0,0,1,1,1
Volvo,EX40,Plus,0,0,0,0,0,0,0,0,0,0,0,0,0,1,1,1
Volvo,XC40 Recharge,Plus,0,0,0,0,0,0,0,0,0,0,0,0,0,1,0,0
Aston Martin,Vanquish,V12,0,0,0,0,0,0,0,0,0,0,0,0,0,0,1,1
Audi,RS Q8 Performance,4.0L TFSI,0,0,0,0,0,0,0,0,0,0,0,0,0,0,1,1
BMW,2 Series Gran Coupe,218 M Sport,0,0,0,0,0,0,0,0,0,0,0,0,0,0,1,1
BMW,2 Series Gran Coupe,218 M Sport Pro,0,0,0,0,0,0,0,0,0,0,0,0,0,0,1,1
BMW,iX1 LWB,eDrive20L M Sport,0,0,0,0,0,0,0,0,0,0,0,0,0,0,1,1
Citroen,Aircross X,Plus,0,0,0,0,0,0,0,0,0,0,0,0,0,0,1,1
Citroen,Aircross X,Turbo AT Max 7S,0,0,0,0,0,0,0,0,0,0,0,0,0,0,1,1
Citroen,Aircross X,Turbo AT Max Dual Tone 7S,0,0,0,0,0,0,0,0,0,0,0,0,0,0,1,1
Citroen,Aircross X,Turbo Max 7S,0,0,0,0,0,0,0,0,0,0,0,0,0,0,1,1
Citroen,Aircross X,Turbo Max Dual Tone 7S,0,0,0,0,0,0,0,0,0,0,0,0,0,0,1,1
Citroen,Aircross X,Turbo Plus 7S,0,0,0,0,0,0,0,0,0,0,0,0,0,0,1,1
Citroen,Basalt X,1.2P Plus,0,0,0,0,0,0,0,0,0,0,0,0,0,0,1,1
Citroen,Basalt X,1.2P Turbo AT Max,0,0,0,0,0,0,0,0,0,0,0,0,0,0,1,1
Citroen,Basalt X,1.2P Turbo AT Max Dual Tone,0,0,0,0,0,0,0,0,0,0,0,0,0,0,1,1
Citroen,Basalt X,1.2P Turbo AT Plus,0,0,0,0,0,0,0,0,0,0,0,0,0,0,1,1
Citroen,Basalt X,1.2P Turbo Max,0,0,0,0,0,0,0,0,0,0,0,0,0,0,1,1
Citroen,Basalt X,1.2P Turbo Max Dual Tone,0,0,0,0,0,0,0,0,0,0,0,0,0,0,1,1
Citroen,Basalt X,1.2P Turbo Plus,0,0,0,0,0,0,0,0,0,0,0,0,0,0,1,1
Citroen,C3 X,Feel,0,0,0,0,0,0,0,0,0,0,0,0,0,0,1,1
Citroen,C3 X,Feel (o),0,0,0,0,0,0,0,0,0,0,0,0,0,0,1,1
Citroen,C3 X,Feel (O) CNG,0,0,0,0,0,0,0,0,0,0,0,0,0,0,1,1
Citroen,C3 X,Feel CNG,0,0,0,0,0,0,0,0,0,0,0,0,0,0,1,1
Citroen,C3 X,Shine,0,0,0,0,0,0,0,0,0,0,0,0,0,0,1,1
Citroen,C3 X,Shine CNG,0,0,0,0,0,0,0,0,0,0,0,0,0,0,1,1
Citroen,C3 X,Shine Dual Tone,0,0,0,0,0,0,0,0,0,0,0,0,0,0,1,1
Citroen,C3 X,Shine Dual Tone CNG,0,0,0,0,0,0,0,0,0,0,0,0,0,0,1,1
Citroen,C3 X,Shine Turbo,0,0,0,0,0,0,0,0,0,0,0,0,0,0,1,1
Citroen,C3 X,Turbo Shine AT,0,0,0,0,0,0,0,0,0,0,0,0,0,0,1,1
Hyundai,Grand i10 Nios,Corporate 1.2 Kappa,0,0,0,0,0,0,0,0,0,0,0,0,0,0,1,1
Hyundai,Grand i10 Nios,Sportz (O) 1.2 Kappa AMT,0,0,0,0,0,0,0,0,0,0,0,0,0,0,1,1
Hyundai,Grand i10 Nios,Sportz (O) 1.2 Kappa VTVT,0,0,0,0,0,0,0,0,0,0,0,0,0,0,1,1
Hyundai,Venue N-Line,1.0 Turbo Petrol DCT N10,0,0,0,0,0,0,0,0,0,0,0,0,0,0,1,1
Hyundai,Venue N-Line,1.0 Turbo Petrol DCT N10 DT,0,0,0,0,0,0,0,0,0,0,0,0,0,0,1,1
Hyundai,Venue N-Line,1.0 Turbo Petrol DCT N6,0,0,0,0,0,0,0,0,0,0,0,0,0,0,1,1
Hyundai,Venue N-Line,1.0 Turbo Petrol DCT N6 DT,0,0,0,0,0,0,0,0,0,0,0,0,0,0,1,1
Hyundai,Venue N-Line,1.0 Turbo Petrol MT N6,0,0,0,0,0,0,0,0,0,0,0,0,0,0,1,1
Hyundai,Venue N-Line,1.0 Turbo Petrol MT N6 DT,0,0,0,0,0,0,0,0,0,0,0,0,0,0,1,1
Kia,Carens Clavis,HTE (O) 1.5 Diesel MT,0,0,0,0,0,0,0,0,0,0,0,0,0,0,1,1
Kia,Carens Clavis,HTE (O) 1.5 Turbo Petrol MT,0,0,0,0,0,0,0,0,0,0,0,0,0,0,1,1
Kia,Carens Clavis,HTE 1.5 Diesel MT,0,0,0,0,0,0,0,0,0,0,0,0,0,0,1,1
Kia,Carens Clavis,HTE 1.5 Petrol MT,0,0,0,0,0,0,0,0,0,0,0,0,0,0,1,1
Kia,Carens Clavis,HTE(O) 1.5 Petrol MT,0,0,0,0,0,0,0,0,0,0,0,0,0,0,1,1
Kia,Carens Clavis,HTK 1.5 Diesel MT,0,0,0,0,0,0,0,0,0,0,0,0,0,0,1,1
Kia,Carens Clavis,HTK 1.5 Petrol MT,0,0,0,0,0,0,0,0,0,0,0,0,0,0,1,1
Kia,Carens Clavis,HTK 1.5 Turbo Petrol MT,0,0,0,0,0,0,0,0,0,0,0,0,0,0,1,1
Kia,Carens Clavis,HTK Plus (O) 1.5 Diesel MT,0,0,0,0,0,0,0,0,0,0,0,0,0,0,1,1
Kia,Carens Clavis,HTK Plus (O) 1.5 Turbo Petrol DCT,0,0,0,0,0,0,0,0,0,0,0,0,0,0,1,1
Kia,Carens Clavis,HTK Plus (O) 1.5 Turbo Petrol DCT 6 STR,0,0,0,0,0,0,0,0,0,0,0,0,0,0,1,1
Kia,Carens Clavis,HTK Plus (O) 1.5 Turbo Petrol MT,0,0,0,0,0,0,0,0,0,0,0,0,0,0,1,1
Kia,Carens Clavis,HTK Plus 1.5 Diesel AT,0,0,0,0,0,0,0,0,0,0,0,0,0,0,1,1
Kia,Carens Clavis,HTK Plus 1.5 Diesel AT 6 STR,0,0,0,0,0,0,0,0,0,0,0,0,0,0,1,1
Kia,Carens Clavis,HTK Plus 1.5 Diesel MT,0,0,0,0,0,0,0,0,0,0,0,0,0,0,1,1
Kia,Carens Clavis,HTK Plus 1.5 Turbo Petrol DCT,0,0,0,0,0,0,0,0,0,0,0,0,0,0,1,1
Kia,Carens Clavis,HTK Plus 1.5 Turbo Petrol DCT 6 STR,0,0,0,0,0,0,0,0,0,0,0,0,0,0,1,1
Kia,Carens Clavis,HTK Plus 1.5 Turbo Petrol MT,0,0,0,0,0,0,0,0,0,0,0,0,0,0,1,1
Kia,Carens Clavis,HTX (O) 1.5 Turbo Petrol DCT,0,0,0,0,0,0,0,0,0,0,0,0,0,0,1,1
Kia,Carens Clavis,HTX (O) 1.5 Turbo Petrol DCT 6 STR,0,0,0,0,0,0,0,0,0,0,0,0,0,0,1,1
Kia,Carens Clavis,HTX 1.5 Diesel MT,0,0,0,0,0,0,0,0,0,0,0,0,0,0,1,1
Kia,Carens Clavis,HTX 1.5 Turbo Petrol iMT,0,0,0,0,0,0,0,0,0,0,0,0,0,0,1,1
Kia,Carens Clavis,HTX 1.5 Turbo Petrol MT,0,0,0,0,0,0,0,0,0,0,0,0,0,0,1,1
Kia,Carens Clavis,HTX Plus 1.5 Turbo Petrol 6STR DCT,0,0,0,0,0,0,0,0,0,0,0,0,0,0,1,1
Kia,Carens Clavis,HTX Plus 1.5 Turbo Petrol 6STR iMT,0,0,0,0,0,0,0,0,0,0,0,0,0,0,1,1
Kia,Carens Clavis,HTX Plus 1.5 Turbo Petrol 6STR MT,0,0,0,0,0,0,0,0,0,0,0,0,0,0,1,1
Kia,Carens Clavis,HTX Plus 1.5 Turbo Petrol 7STR DCT,0,0,0,0,0,0,0,0,0,0,0,0,0,0,1,1
Kia,Carens Clavis,HTX Plus 1.5 Turbo Petrol 7STR iMT,0,0,0,0,0,0,0,0,0,0,0,0,0,0,1,1
Kia,Carens Clavis,HTX Plus 1.5 Turbo Petrol 7STR MT,0,0,0,0,0,0,0,0,0,0,0,0,0,0,1,1
Lamborghini,Temerario,V8,0,0,0,0,0,0,0,0,0,0,0,0,0,0,1,1
Mahindra,Scorpio N,Z8 Diesel AT 2WD 7 STR Carbon Edition,0,0,0,0,0,0,0,0,0,0,0,0,0,0,1,0
Mahindra,Scorpio N,Z8 Diesel AT 4WD 7 STR Carbon Edition,0,0,0,0,0,0,0,0,0,0,0,0,0,0,1,0
Mahindra,Scorpio N,Z8 Diesel MT 2WD 7 STR Carbon Edition,0,0,0,0,0,0,0,0,0,0,0,0,0,0,1,0
Mahindra,Scorpio N,Z8 Diesel MT 4WD 7 STR Carbon Edition,0,0,0,0,0,0,0,0,0,0,0,0,0,0,1,0
Mahindra,Scorpio N,Z8 L Diesel 2WD AT 7 STR,0,0,0,0,0,0,0,0,0,0,0,0,0,0,1,1
Mahindra,Scorpio N,Z8 L Diesel 2WD MT 7 STR,0,0,0,0,0,0,0,0,0,0,0,0,0,0,1,1
Mahindra,Scorpio N,Z8 L Diesel 4WD AT 7 STR,0,0,0,0,0,0,0,0,0,0,0,0,0,0,1,1
Mahindra,Scorpio N,Z8 L Diesel 4WD MT 7 STR,0,0,0,0,0,0,0,0,0,0,0,0,0,0,1,1
Mahindra,Scorpio N,Z8 L Diesel AT 2WD 7 STR Carbon Edition,0,0,0,0,0,0,0,0,0,0,0,0,0,0,1,1
Mahindra,Scorpio N,Z8 L Diesel AT 4WD 7 STR Carbon Edition,0,0,0,0,0,0,0,0,0,0,0,0,0,0,1,1
Mahindra,Scorpio N,Z8 L Diesel MT 2WD 7 STR Carbon Edition,0,0,0,0,0,0,0,0,0,0,0,0,0,0,1,1
Mahindra,Scorpio N,Z8 L Diesel MT 4WD 7 STR Carbon Edition,0,0,0,0,0,0,0,0,0,0,0,0,0,0,1,1
Mahindra,Scorpio N,Z8 L Petrol AT 7 STR Carbon Edition,0,0,0,0,0,0,0,0,0,0,0,0,0,0,1,1
Mahindra,Scorpio N,Z8 L Petrol MT 7 STR Carbon Edition,0,0,0,0,0,0,0,0,0,0,0,0,0,0,1,1
Mahindra,Scorpio N,Z8 Petrol AT 7 STR Carbon Edition,0,0,0,0,0,0,0,0,0,0,0,0,0,0,1,0
Mahindra,Scorpio N,Z8 Petrol MT 7 STR Carbon Edition,0,0,0,0,0,0,0,0,0,0,0,0,0,0,1,0
Mahindra,Scorpio N,Z8 T Diesel 2WD AT 7 STR,0,0,0,0,0,0,0,0,0,0,0,0,0,0,1,1
Mahindra,Scorpio N,Z8 T Diesel 2WD MT 7 STR,0,0,0,0,0,0,0,0,0,0,0,0,0,0,1,1
Mahindra,Scorpio N,Z8 T Diesel 4WD AT 7 STR,0,0,0,0,0,0,0,0,0,0,0,0,0,0,1,1
Mahindra,Scorpio N,Z8 T Diesel 4WD MT 7 STR,0,0,0,0,0,0,0,0,0,0,0,0,0,0,1,1
Mahindra,Scorpio N,Z8 T Diesel AT 2WD Carbon,0,0,0,0,0,0,0,0,0,0,0,0,0,0,1,1
Mahindra,Scorpio N,Z8 T Diesel AT 4WD Carbon,0,0,0,0,0,0,0,0,0,0,0,0,0,0,1,1
Mahindra,Scorpio N,Z8 T Diesel MT 2WD Carbon,0,0,0,0,0,0,0,0,0,0,0,0,0,0,1,1
Mahindra,Scorpio N,Z8 T Diesel MT 4WD Carbon,0,0,0,0,0,0,0,0,0,0,0,0,0,0,1,1
Mahindra,Scorpio N,Z8 T Petrol AT 7 STR,0,0,0,0,0,0,0,0,0,0,0,0,0,0,1,1
Mahindra,Scorpio N,Z8 T Petrol AT Carbon,0,0,0,0,0,0,0,0,0,0,0,0,0,0,1,1
Mahindra,Scorpio N,Z8 T Petrol MT 7 STR,0,0,0,0,0,0,0,0,0,0,0,0,0,0,1,1
Mahindra,Scorpio N,Z8 T Petrol MT Carbon,0,0,0,0,0,0,0,0,0,0,0,0,0,0,1,1
Mahindra,Thar Roxx,AX5 L Diesel AT 4WD Mocha Intrs,0,0,0,0,0,0,0,0,0,0,0,0,0,0,1,1
Mahindra,Thar Roxx,AX7 L Diesel AT 4WD Mocha Intrs,0,0,0,0,0,0,0,0,0,0,0,0,0,0,1,1
Mahindra,Thar Roxx,AX7 L Diesel MT 4WD Mocha Intrs,0,0,0,0,0,0,0,0,0,0,0,0,0,0,1,1
Mahindra,Thar Roxx,MX5 Diesel MT 4WD Mocha Intrs,0,0,0,0,0,0,0,0,0,0,0,0,0,0,1,1
Mahindra,XUV700,AX7 Diesel AT 6 STR Ebony Limited Edition,0,0,0,0,0,0,0,0,0,0,0,0,0,0,1,1
Mahindra,XUV700,AX7 Diesel AT 7 STR Ebony Limited Edition,0,0,0,0,0,0,0,0,0,0,0,0,0,0,1,1
Mahindra,XUV700,AX7 Diesel AT AWD 7 STR Ebony Limited Edition,0,0,0,0,0,0,0,0,0,0,0,0,0,0,1,1
Mahindra,XUV700,AX7 Diesel MT 6 STR Ebony Limited Edition,0,0,0,0,0,0,0,0,0,0,0,0,0,0,1,1
Mahindra,XUV700,AX7 Diesel MT 7 STR Ebony Limited Edition,0,0,0,0,0,0,0,0,0,0,0,0,0,0,1,1
Mahindra,XUV700,AX7 Luxury Pack Diesel AT 6 STR Ebony Limited Edition,0,0,0,0,0,0,0,0,0,0,0,0,0,0,1,1
Mahindra,XUV700,AX7 Luxury Pack Diesel AT 7 STR Ebony Limited Edition,0,0,0,0,0,0,0,0,0,0,0,0,0,0,1,1
Mahindra,XUV700,AX7 Luxury Pack Diesel AT AWD 7 STR Ebony Limited Edition,0,0,0,0,0,0,0,0,0,0,0,0,0,0,1,1
Mahindra,XUV700,AX7 Luxury Pack Diesel MT 6 STR Ebony Limited Edition,0,0,0,0,0,0,0,0,0,0,0,0,0,0,1,1
Mahindra,XUV700,AX7 Luxury Pack Diesel MT 7 STR Ebony Limited Edition,0,0,0,0,0,0,0,0,0,0,0,0,0,0,1,1
Mahindra,XUV700,AX7 Luxury Pack Petrol AT 6 STR Ebony Limited Edition,0,0,0,0,0,0,0,0,0,0,0,0,0,0,1,1
Mahindra,XUV700,AX7 Luxury Pack Petrol AT 7 STR Ebony Limited Edition,0,0,0,0,0,0,0,0,0,0,0,0,0,0,1,1
Mahindra,XUV700,AX7 Petrol AT 6 STR Ebony Limited Edition,0,0,0,0,0,0,0,0,0,0,0,0,0,0,1,1
Mahindra,XUV700,AX7 Petrol AT 7 STR Ebony Limited Edition,0,0,0,0,0,0,0,0,0,0,0,0,0,0,1,1
Mahindra,XUV700,AX7 Petrol MT 6 STR Ebony Limited Edition,0,0,0,0,0,0,0,0,0,0,0,0,0,0,1,1
Mahindra,XUV700,AX7 Petrol MT 7 STR Ebony Limited Edition,0,0,0,0,0,0,0,0,0,0,0,0,0,0,1,1
Maruti Suzuki,Eeco,6 STR STD (O),0,0,0,0,0,0,0,0,0,0,0,0,0,0,1,1
Maruti Suzuki,Ertiga,SMART HYBRID LXI 1.5L 5MT,0,0,0,0,0,0,0,0,0,0,0,0,0,0,1,1
Maruti Suzuki,Ertiga,SMART HYBRID VXI 1.5L 6AT,0,0,0,0,0,0,0,0,0,0,0,0,0,0,1,1
Maruti Suzuki,Ertiga,SMART HYBRID ZXI 1.5L 5MT,0,0,0,0,0,0,0,0,0,0,0,0,0,0,1,1
Maruti Suzuki,Ertiga,SMART HYBRID ZXI 1.5L 6AT,0,0,0,0,0,0,0,0,0,0,0,0,0,0,1,1
Maruti Suzuki,Ertiga,SMART HYBRID ZXI+ 1.5L 5MT,0,0,0,0,0,0,0,0,0,0,0,0,0,0,1,1
Maruti Suzuki,Ertiga,SMART HYBRID ZXI+ 1.5L 6AT,0,0,0,0,0,0,0,0,0,0,0,0,0,0,1,1
Maruti Suzuki,Ertiga,SMART HYBRID VXI 1.5L 5MT,0,0,0,0,0,0,0,0,0,0,0,0,0,0,1,1
Maruti Suzuki,Ertiga,VXI CNG 1.5L 5MT,0,0,0,0,0,0,0,0,0,0,0,0,0,0,1,1
Maruti Suzuki,Ertiga,ZXi CNG 1.5L 5MT,0,0,0,0,0,0,0,0,0,0,0,0,0,0,1,1
Maruti Suzuki,Fronx,Delta 1.2L CNG,0,0,0,0,0,0,0,0,0,0,0,0,0,0,1,1
Maruti Suzuki,Fronx,Delta Plus 1.0L Turbo MT,0,0,0,0,0,0,0,0,0,0,0,0,0,0,1,1
Maruti Suzuki,Fronx,SIgma 1.2L CNG,0,0,0,0,0,0,0,0,0,0,0,0,0,0,1,1
Maruti Suzuki,Grand Vitara,Alpha (O) Smart Hybrid,0,0,0,0,0,0,0,0,0,0,0,0,0,0,1,1
Maruti Suzuki,Grand Vitara,Alpha (O) Smart Hybrid AllGrip 4WD AT,0,0,0,0,0,0,0,0,0,0,0,0,0,0,1,1
Maruti Suzuki,Grand Vitara,Alpha (O) Smart Hybrid AllGrip 4WD AT Dual Tone,0,0,0,0,0,0,0,0,0,0,0,0,0,0,1,1
Maruti Suzuki,Grand Vitara,Alpha (O) Smart Hybrid AT,0,0,0,0,0,0,0,0,0,0,0,0,0,0,1,1
Maruti Suzuki,Grand Vitara,Alpha (O) Smart Hybrid AT Dual Tone,0,0,0,0,0,0,0,0,0,0,0,0,0,0,1,1
Maruti Suzuki,Grand Vitara,Alpha (O) Smart Hybrid Dual Tone,0,0,0,0,0,0,0,0,0,0,0,0,0,0,1,1
Maruti Suzuki,Grand Vitara,Alpha AT Smart Hybrid,0,0,0,0,0,0,0,0,0,0,0,0,0,0,1,1
Maruti Suzuki,Grand Vitara,Alpha AT Smart Hybrid Dual Tone,0,0,0,0,0,0,0,0,0,0,0,0,0,0,1,1
Maruti Suzuki,Grand Vitara,Alpha Plus (O) Intelligent Hybrid e-CVT,0,0,0,0,0,0,0,0,0,0,0,0,0,0,1,1
Maruti Suzuki,Grand Vitara,Alpha Plus (O) Intelligent Hybrid e-CVT Dual Tone,0,0,0,0,0,0,0,0,0,0,0,0,0,0,1,1
Maruti Suzuki,Grand Vitara,Alpha Plus Intelligent Hybrid e-CVT,0,0,0,0,0,0,0,0,0,0,0,0,0,0,1,1
Maruti Suzuki,Grand Vitara,Alpha Plus Intelligent Hybrid e-CVT Dual Tone,0,0,0,0,0,0,0,0,0,0,0,0,0,0,1,1
Maruti Suzuki,Grand Vitara,Alpha Smart Hybrid AllGrip 4WD AT,0,0,0,0,0,0,0,0,0,0,0,0,0,0,1,1
Maruti Suzuki,Grand Vitara,Alpha Smart Hybrid AllGrip 4WD AT Dual Tone,0,0,0,0,0,0,0,0,0,0,0,0,0,0,1,1
Maruti Suzuki,Grand Vitara,Alpha Smart Hybrid Dual Tone,0,0,0,0,0,0,0,0,0,0,0,0,0,0,1,1
Maruti Suzuki,Grand Vitara,Delta Plus Intelligent Hybrid eCVT,0,0,0,0,0,0,0,0,0,0,0,0,0,0,1,1
Maruti Suzuki,Grand Vitara,Zeta (O) Smart Hybrid,0,0,0,0,0,0,0,0,0,0,0,0,0,0,1,1
Maruti Suzuki,Grand Vitara,Zeta (O) Smart Hybrid AT,0,0,0,0,0,0,0,0,0,0,0,0,0,0,1,1
Maruti Suzuki,Grand Vitara,Zeta (O) Smart Hybrid AT Dual Tone,0,0,0,0,0,0,0,0,0,0,0,0,0,0,1,1
Maruti Suzuki,Grand Vitara,Zeta (O) Smart Hybrid Dual Tone,0,0,0,0,0,0,0,0,0,0,0,0,0,0,1,1
Maruti Suzuki,Grand Vitara,Zeta Plus (O) Intelligent Hybrid eCVT,0,0,0,0,0,0,0,0,0,0,0,0,0,0,1,1
Maruti Suzuki,Grand Vitara,Zeta Plus (O) Intelligent Hybrid eCVT Dual Tone,0,0,0,0,0,0,0,0,0,0,0,0,0,0,1,1
Maruti Suzuki,Grand Vitara,Zeta Smart Hybrid AT Dual Tone,0,0,0,0,0,0,0,0,0,0,0,0,0,0,1,1
Maruti Suzuki,Grand Vitara,Zeta Smart Hybrid Dual Tone,0,0,0,0,0,0,0,0,0,0,0,0,0,0,1,1
Maruti Suzuki,Grand Vitara,Zeta Plus Intelligent Hybrid e-CVT Dual Tone,0,0,0,0,0,0,0,0,0,0,0,0,0,0,1,1
Maruti Suzuki,Jimny,Alpha Pro,0,0,0,0,0,0,0,0,0,0,0,0,0,0,1,1
Maruti Suzuki,Jimny,Alpha Pro AT,0,0,0,0,0,0,0,0,0,0,0,0,0,0,1,1
Maruti Suzuki,Jimny,Alpha Pro AT Dual Tone,0,0,0,0,0,0,0,0,0,0,0,0,0,0,1,1
Maruti Suzuki,Jimny,Alpha Pro Dual TOne,0,0,0,0,0,0,0,0,0,0,0,0,0,0,1,1
Maruti Suzuki,Jimny,Zeta Pro,0,0,0,0,0,0,0,0,0,0,0,0,0,0,1,1
Maruti Suzuki,Jimny,Zeta Pro AT,0,0,0,0,0,0,0,0,0,0,0,0,0,0,1,1
Maruti Suzuki,Victoris,LXI CNG MT 2W,0,0,0,0,0,0,0,0,0,0,0,0,0,0,1,1
Maruti Suzuki,Victoris,LXI MT 2W,0,0,0,0,0,0,0,0,0,0,0,0,0,0,1,1
Maruti Suzuki,Victoris,VXI AT 2W,0,0,0,0,0,0,0,0,0,0,0,0,0,0,1,1
Maruti Suzuki,Victoris,VXI CNG MT 2W,0,0,0,0,0,0,0,0,0,0,0,0,0,0,1,1
Maruti Suzuki,Victoris,VXI MT 2W,0,0,0,0,0,0,0,0,0,0,0,0,0,0,1,1
Maruti Suzuki,Victoris,VXI THS 2W,0,0,0,0,0,0,0,0,0,0,0,0,0,0,1,1
Maruti Suzuki,Victoris,ZXI (O) AT 2W,0,0,0,0,0,0,0,0,0,0,0,0,0,0,1,1
Maruti Suzuki,Victoris,ZXI (O) AT 2W Dual Tone,0,0,0,0,0,0,0,0,0,0,0,0,0,0,1,1
Maruti Suzuki,Victoris,ZXI (O) MT 2W,0,0,0,0,0,0,0,0,0,0,0,0,0,0,1,1
Maruti Suzuki,Victoris,ZXI (O) MT 2W Dual Tone,0,0,0,0,0,0,0,0,0,0,0,0,0,0,1,1
Maruti Suzuki,Victoris,ZXI (O) THS 2W,0,0,0,0,0,0,0,0,0,0,0,0,0,0,1,1
Maruti Suzuki,Victoris,ZXI (O) THS 2W Dual Tone,0,0,0,0,0,0,0,0,0,0,0,0,0,0,1,1
Maruti Suzuki,Victoris,ZXI AT 2W,0,0,0,0,0,0,0,0,0,0,0,0,0,0,1,1
Maruti Suzuki,Victoris,ZXI AT 2W Dual Tone,0,0,0,0,0,0,0,0,0,0,0,0,0,0,1,1
Maruti Suzuki,Victoris,ZXI CNG MT 2W,0,0,0,0,0,0,0,0,0,0,0,0,0,0,1,1
Maruti Suzuki,Victoris,ZXI CNG MT 2W Dual Tone,0,0,0,0,0,0,0,0,0,0,0,0,0,0,1,1
Maruti Suzuki,Victoris,ZXI MT 2W,0,0,0,0,0,0,0,0,0,0,0,0,0,0,1,1
Maruti Suzuki,Victoris,ZXI MT 2W Dual Tone,0,0,0,0,0,0,0,0,0,0,0,0,0,0,1,1
Maruti Suzuki,Victoris,ZXI THS 2W,0,0,0,0,0,0,0,0,0,0,0,0,0,0,1,1
Maruti Suzuki,Victoris,ZXI THS 2W Dual Tone,0,0,0,0,0,0,0,0,0,0,0,0,0,0,1,1
Maruti Suzuki,Victoris,ZXI+ (O) AT 2W (ADAS),0,0,0,0,0,0,0,0,0,0,0,0,0,0,1,1
Maruti Suzuki,Victoris,ZXI+ (O) AT 2W (ADAS) Dual Tone,0,0,0,0,0,0,0,0,0,0,0,0,0,0,1,1
Maruti Suzuki,Victoris,ZXI+ (O) AT 4W (AllGrip),0,0,0,0,0,0,0,0,0,0,0,0,0,0,1,1
Maruti Suzuki,Victoris,ZXI+ (O) AT 4W (AllGrip) Dual Tone,0,0,0,0,0,0,0,0,0,0,0,0,0,0,1,1
Maruti Suzuki,Victoris,ZXI+ (O) MT 2W,0,0,0,0,0,0,0,0,0,0,0,0,0,0,1,1
Maruti Suzuki,Victoris,ZXI+ (O) MT 2W Dual Tone,0,0,0,0,0,0,0,0,0,0,0,0,0,0,1,1
Maruti Suzuki,Victoris,ZXI+ (O) THS 2W,0,0,0,0,0,0,0,0,0,0,0,0,0,0,1,1
Maruti Suzuki,Victoris,ZXI+ (O) THS 2W Dual Tone,0,0,0,0,0,0,0,0,0,0,0,0,0,0,1,1
Maruti Suzuki,Victoris,ZXI+ AT 2W (ADAS),0,0,0,0,0,0,0,0,0,0,0,0,0,0,1,1
Maruti Suzuki,Victoris,ZXI+ AT 2W (ADAS) Dual Tone,0,0,0,0,0,0,0,0,0,0,0,0,0,0,1,1
Maruti Suzuki,Victoris,ZXI+ AT 4W (All Grip),0,0,0,0,0,0,0,0,0,0,0,0,0,0,1,1
Maruti Suzuki,Victoris,ZXI+ AT 4W (All Grip) Dual Tone,0,0,0,0,0,0,0,0,0,0,0,0,0,0,1,1
Maruti Suzuki,Victoris,ZXI+ MT 2W,0,0,0,0,0,0,0,0,0,0,0,0,0,0,1,1
Maruti Suzuki,Victoris,ZXI+ MT 2W Dual Tone,0,0,0,0,0,0,0,0,0,0,0,0,0,0,1,1
Maruti Suzuki,Victoris,ZXI+ THS 2W,0,0,0,0,0,0,0,0,0,0,0,0,0,0,1,1
Maruti Suzuki,Victoris,ZXI+ THS 2W Dual Tone,0,0,0,0,0,0,0,0,0,0,0,0,0,0,1,1
Maserati,MCPura,Cielo Convertible,0,0,0,0,0,0,0,0,0,0,0,0,0,0,1,1
Maserati,MCPura,Coupe,0,0,0,0,0,0,0,0,0,0,0,0,0,0,1,1
Mercedes-Benz,AMG CLE Coupe,53 4Matic+,0,0,0,0,0,0,0,0,0,0,0,0,0,0,1,1
Mercedes-Benz,G 580 with EQ Technology,580 Edition One,0,0,0,0,0,0,0,0,0,0,0,0,0,0,1,1
Mercedes-Benz,Maybach EQS SUV,Night Series,0,0,0,0,0,0,0,0,0,0,0,0,0,0,1,1
Mercedes-Benz,Maybach GLS,Night Series,0,0,0,0,0,0,0,0,0,0,0,0,0,0,1,1
MG Motors,Comet EV,Blackstorm Edition,0,0,0,0,0,0,0,0,0,0,0,0,0,0,1,1
MG Motors,Cyberster,Dual Motor,0,0,0,0,0,0,0,0,0,0,0,0,0,0,1,1
MG Motors,Hector,Savvy Pro CVT,0,0,0,0,0,0,0,0,0,0,0,0,0,0,1,1
MG Motors,Hector,Savvy Pro CVT 7 seater,0,0,0,0,0,0,0,0,0,0,0,0,0,0,1,1
MG Motors,Hector,Select Pro MT,0,0,0,0,0,0,0,0,0,0,0,0,0,0,1,1
MG Motors,Hector,Sharp Pro CVT,0,0,0,0,0,0,0,0,0,0,0,0,0,0,1,1
MG Motors,Hector,Sharp Pro CVT 7 Seater,0,0,0,0,0,0,0,0,0,0,0,0,0,0,1,1
MG Motors,Hector,Sharp Pro MT,0,0,0,0,0,0,0,0,0,0,0,0,0,0,1,1
MG Motors,Hector,Sharp Pro MT 7 Seater,0,0,0,0,0,0,0,0,0,0,0,0,0,0,1,1
MG Motors,Hector,Smart Pro CVT,0,0,0,0,0,0,0,0,0,0,0,0,0,0,1,1
MG Motors,Hector,Smart Pro MT,0,0,0,0,0,0,0,0,0,0,0,0,0,0,1,1
MG Motors,Hector,Style MT,0,0,0,0,0,0,0,0,0,0,0,0,0,0,1,1
MG Motors,M9,Presidential Limo,0,0,0,0,0,0,0,0,0,0,0,0,0,0,1,1
MG Motors,Windsor EV,Essence Pro,0,0,0,0,0,0,0,0,0,0,0,0,0,0,1,1
MG Motors,Windsor EV,Exclusive Pro,0,0,0,0,0,0,0,0,0,0,0,0,0,0,1,1
MG Motors,Windsor EV,Inspire Edition,0,0,0,0,0,0,0,0,0,0,0,0,0,0,1,1
Mini,Cooper,Classic Pack,0,0,0,0,0,0,0,0,0,0,0,0,0,0,1,1
Mini,Cooper,Favoured Pack,0,0,0,0,0,0,0,0,0,0,0,0,0,0,1,1
Mini,Cooper,JCW,0,0,0,0,0,0,0,0,0,0,0,0,0,0,1,1
Mini,Cooper Convertible,S,0,0,0,0,0,0,0,0,0,0,0,0,0,0,1,1
Mini,Countryman,JCW ALL4,0,0,0,0,0,0,0,0,0,0,0,0,0,0,1,1
Mini,Countryman Electric,SE ALL4,0,0,0,0,0,0,0,0,0,0,0,0,0,0,1,1
Porsche,Cayenne Electric,Standard,0,0,0,0,0,0,0,0,0,0,0,0,0,0,1,1
Porsche,Cayenne Electric,Turbo,0,0,0,0,0,0,0,0,0,0,0,0,0,0,1,1
Toyota,Fortuner Legender,2.8 4X4 MT,0,0,0,0,0,0,0,0,0,0,0,0,0,0,1,1
Toyota,Innova Hycross,ZX (O) Hybrid 7 STR Exclusive Edition,0,0,0,0,0,0,0,0,0,0,0,0,0,0,1,0
Volkswagen,Tiguan,R Line 2.0L TSI,0,0,0,0,0,0,0,0,0,0,0,0,0,0,1,1
Volkswagen,Virtus,GT Plus Sport DSG,0,0,0,0,0,0,0,0,0,0,0,0,0,0,1,1
Citroen,Aircross X,Turbo AT Max 5S,0,0,0,0,0,0,0,0,0,0,0,0,0,0,0,1
Citroen,Aircross X,Turbo Max 5S,0,0,0,0,0,0,0,0,0,0,0,0,0,0,0,1
Kia,Carens Clavis,D1.5 CRDI VGT 6MT HTE (EX) 7,0,0,0,0,0,0,0,0,0,0,0,0,0,0,0,1
Kia,Carens Clavis,Smartstream G1.5 6MT HTE (EX) 7,0,0,0,0,0,0,0,0,0,0,0,0,0,0,0,1
Kia,Carens Clavis,Smartstream G1.5T-GDI 6MT HTE (EX) 7,0,0,0,0,0,0,0,0,0,0,0,0,0,0,0,1
Mahindra,Thar Roxx,Star Edition Diesel 2WD,0,0,0,0,0,0,0,0,0,0,0,0,0,0,0,1
Mahindra,Thar Roxx,Star Edition Petrol 2WD,0,0,0,0,0,0,0,0,0,0,0,0,0,0,0,1
Mercedes-Benz,V-Class,V 300 AMG Line Extra LWB,0,0,0,0,0,0,0,0,0,0,0,0,0,0,0,1
Mercedes-Benz,V-Class,V 300 d AMG Line Extra LWB,0,0,0,0,0,0,0,0,0,0,0,0,0,0,0,1
Nissan,Gravite,Acenta MT,0,0,0,0,0,0,0,0,0,0,0,0,0,0,0,1
Nissan,Gravite,N-Connecta EZ Shift,0,0,0,0,0,0,0,0,0,0,0,0,0,0,0,1
Nissan,Gravite,N-Connecta MT,0,0,0,0,0,0,0,0,0,0,0,0,0,0,0,1
Nissan,Gravite,Tekna EZ Shift,0,0,0,0,0,0,0,0,0,0,0,0,0,0,0,1
Nissan,Gravite,Tekna Launch Edition EZ Shift,0,0,0,0,0,0,0,0,0,0,0,0,0,0,0,1
Nissan,Gravite,Tekna Launch Edition MT,0,0,0,0,0,0,0,0,0,0,0,0,0,0,0,1
Nissan,Gravite,Tekna MT,0,0,0,0,0,0,0,0,0,0,0,0,0,0,0,1
Nissan,Gravite,Visia MT,0,0,0,0,0,0,0,0,0,0,0,0,0,0,0,1
Volkswagen,Tayron,R-Line,0,0,0,0,0,0,0,0,0,0,0,0,0,0,0,1
